<?xml version="1.0" encoding="UTF-8"?><!DOCTYPE collection SYSTEM "BioC.dtd"><collection><source></source><date></date><key></key><document><id>RBR-386vfr</id><passage><infon key="section">public_title</infon><infon key="lang">en</infon><offset>-1</offset><text>Stimulation of reaching behavior using sticky mittens in preterm infants</text></passage><passage><infon key="section">scientific_title</infon><infon key="lang">en</infon><offset>-1</offset><text>Practice of reaching using sticky mittens in preterm infants: randomized controlled clinical trial</text></passage><passage><infon key="section">freetext</infon><infon key="lang">en</infon><offset>-1</offset><text>Prematurity</text></passage><passage><infon key="section">freetext</infon><infon key="lang">en</infon><offset>-1</offset><text>Intervention - Experimental Group (EG)

Frequency and total duration of the intervention: single section, with duration of around 4 minutes.</text></passage><passage><infon key="section">inclusion_criteria</infon><infon key="lang">en</infon><offset>-1</offset><text>Infants born with less than 37 weeks of gestational age; with first and fifth minute Apgar Scores greater than 7;  without major pre- and perinatal complications; at maternal care.</text></passage><passage><infon key="section">exclusion_criteria</infon><infon key="lang">en</infon><offset>-1</offset><text>High-risk infants; with clinical signs/diagnosis of neurological impairment, congenital malformations, genetic syndromes, visual and auditory alterations, cardiorespiratory difficulties or musculoskeletal impairment; who do not collaborate during pre-training and post-training measures.</text></passage><passage><infon key="section">primary_outcome</infon><infon key="lang">en</infon><offset>-1</offset><text>Reaching Performance: measured as the frequencies of uni/bimanual movements and hand opening when the infant touches the object, as well as the mean values of kinematics variables of reaching movement (velocity, acceleration) The improvement in the reaching performance will be considered as the following:  Increase in the values of the frequencies of unimanual and/or bimanual reaches between pre-training and post-training; Increase in the values of the frequencies of open and/or semi-open hand between pre-training and post-training; Increase in the mean values of velocity and acceleration between pre-training and post-training.</text></passage><passage><infon key="section">primary_outcome</infon><infon key="lang">pt-br</infon><offset>-1</offset><text>Desempenho do Alcance Manual: mensurado pela freqüência de alcances válidos unimanuais e bimanuais e abertura e orientação da mão ao toque do objeto, bem como pelo cálculo das médias das variáveis cinemáticas do movimento de alcance (velocidade, aceleração). Será considerada melhora de desempenho do alcance quando houver:  Aumento dos valores das freqüências de alcances (unimanuais e/ou bimanuais) entre o pré-treino e o pós-treino; Aumento dos valores das freqüências de mão aberta e/ou semi-aberta entre o pré-treino e o pós-treino; Aumento dos valores médios da velocidade e aceleração entre o pré-treino e o pós-treino.   </text></passage><passage><infon key="section">secondary_outcome</infon><infon key="lang">en</infon><offset>-1</offset><text>Object Grasping Success: measured by the frequency of reaches with object grasping. The gain in the success of grasping will be considered as the increase in the values of the frequencies of grasps between pre-training and post-training.</text></passage><passage><infon key="section">secondary_outcome</infon><infon key="lang">pt-br</infon><offset>-1</offset><text>Sucesso da Preensão do Objeto: mensurado pela freqüência de preensões do objeto. Será considerado ganho do sucesso da preensão quando houver aumento dos valores das freqüências de preensão do objeto entre o pré-treino e o pós-treino.</text></passage><passage><infon key="section">public_title</infon><infon key="lang">pt-br</infon><offset>-1</offset><text>Estimulação do alcance com luvas de velcro em lactentes pré-termo</text></passage><passage><infon key="section">scientific_title</infon><infon key="lang">pt-br</infon><offset>-1</offset><text>Prática de alcance com luvas de velcro em lactentes pré-termo: ensaio clínico controlado randomizado</text></passage><passage><infon key="section">freetext</infon><infon key="lang">pt-br</infon><offset>-1</offset><text>Intervenção - Grupo Experimental (GE): 

Frequência e tempo total da intervenção: sessão única, durante aproximadamente 4 minutos.</text></passage><passage><infon key="section">inclusion_criteria</infon><infon key="lang">pt-br</infon><offset>-1</offset><text>Lactentes nascidos com menos de 37 semanas de idade gestacional; com escores de Apgar maiores do que 7 no primeiro e quinto minutos; sem complicações pré- e perinatais graves; sob cuidados maternos.</text></passage><passage><infon key="section">exclusion_criteria</infon><infon key="lang">pt-br</infon><offset>-1</offset><text>Lactentes considerados de alto risco; com sinais/diagnóstico clínico de comprometimento neurológico, malformações congênitas, síndromes genéticas, alterações visuais e auditivas, dificuldades cardiorrespiratórias ou comprometimento musculoesquelético; que não sejam colaborativos para realizar as avaliações pré-treino e pós-treino.</text></passage></document></collection>