<?xml version="1.0" encoding="UTF-8"?><!DOCTYPE collection SYSTEM "BioC.dtd"><collection><source></source><date></date><key></key><document><id>RBR-4tdvt9</id><passage><infon key="section">public_title</infon><infon key="lang">en</infon><offset>-1</offset><text>Early exercise in patients with artificial breathing


</text></passage><passage><infon key="section">scientific_title</infon><infon key="lang">en</infon><offset>-1</offset><text>Early mobilization of critical patients in mechanical ventilation


</text></passage><passage><infon key="section">freetext</infon><infon key="lang">en</infon><offset>-1</offset><text>Respiratory tract disease, positive-pressure respiration, respiratory insufficiency, respiratory mechanics, physical restraint, hospital respiratory therapy department </text></passage><passage><infon key="section">freetext</infon><infon key="lang">en</infon><offset>-1</offset><text>The selected individuals were randomized to one of two groups, intervention (GI) or conventional group (CG).
In the conventional group: 11 patients underwent respiratory therapy and motor for a period of 30 minutes.</text></passage><passage><infon key="section">inclusion_criteria</infon><infon key="lang">en</infon><offset>-1</offset><text>Patients in invasive mechanical ventilation for 72 hours. </text></passage><passage><infon key="section">exclusion_criteria</infon><infon key="lang">en</infon><offset>-1</offset><text>Neuromuscular disease; stroke; multiple sclerosis; amyotrophic lateral sclerosis; myasthenia gravis; Guillain Barré; extubated within 48 hours.</text></passage><passage><infon key="section">primary_outcome</infon><infon key="lang">en</infon><offset>-1</offset><text>Time reduction in mechanical ventilation of at least 24 hours in the ICU, verified by information contained in the medical record at baseline and end of study.</text></passage><passage><infon key="section">primary_outcome</infon><infon key="lang">pt-br</infon><offset>-1</offset><text>Diminuição do tempo em ventilação mecânica de pelo menos 24 horas durante a internação na UTI, verificado por meio de informações constantes no prontuário médico no início e no final do estudo.</text></passage><passage><infon key="section">primary_outcome</infon><infon key="lang">en</infon><offset>-1</offset><text>There was no decrease in the time on mechanical ventilation during ICU stay, verified by information contained in the medical record at baseline and end of study.</text></passage><passage><infon key="section">primary_outcome</infon><infon key="lang">pt-br</infon><offset>-1</offset><text>Não houve diminuição do tempo em ventilação mecânica durante a internação na UTI, verificado por meio de informações constantes no prontuário médico no início e no final do estudo.</text></passage><passage><infon key="section">secondary_outcome</infon><infon key="lang">en</infon><offset>-1</offset><text>Secondary outcomes are not expected.</text></passage><passage><infon key="section">secondary_outcome</infon><infon key="lang">pt-br</infon><offset>-1</offset><text>Não são esperados desfechos secundários.</text></passage><passage><infon key="section">public_title</infon><infon key="lang">pt-br</infon><offset>-1</offset><text>Exercício precoce em pacientes que utilizam respiração artificial


</text></passage><passage><infon key="section">scientific_title</infon><infon key="lang">pt-br</infon><offset>-1</offset><text>Mobilização precoce de pacientes críticos em ventilação mecânica </text></passage><passage><infon key="section">freetext</infon><infon key="lang">pt-br</infon><offset>-1</offset><text>Os indivíduos selecionados foram sorteados para um dos dois grupos, intervenção (GI) ou grupo convencional (GC).   
No grupo convencional: 11 pacientes realizaram fisioterapia respiratória e motora por um período de 30 minutos. </text></passage><passage><infon key="section">inclusion_criteria</infon><infon key="lang">pt-br</infon><offset>-1</offset><text>Pacientes em ventilação mecânica invasiva por período superior a 72 horas. </text></passage><passage><infon key="section">exclusion_criteria</infon><infon key="lang">pt-br</infon><offset>-1</offset><text>Doenças neuromusculares; acidente vascular encefálico; esclerose múltipla; esclerose lateral amiotrófica; miastenia gravis e Guillain Barré;  extubados em menos de 48 horas.</text></passage></document></collection>