<?xml version="1.0" encoding="UTF-8"?><!DOCTYPE collection SYSTEM "BioC.dtd"><collection><source></source><date></date><key></key><document><id>RBR-36w269</id><passage><infon key="section">public_title</infon><infon key="lang">en</infon><offset>-1</offset><text>A Randomized Double-Blind Phase 3 Trial Comparing Docetaxel Combined with
Dasatinib to Docetaxel Combined with Placebo in Castration-Resistant Prostate Cancer</text></passage><passage><infon key="section">scientific_title</infon><infon key="lang">en</infon><offset>-1</offset><text>A Randomized Double-Blind Phase 3 Trial Comparing Docetaxel Combined with
Dasatinib to Docetaxel Combined with Placebo in Castration-Resistant Prostate Cancer</text></passage><passage><infon key="section">freetext</infon><infon key="lang">en</infon><offset>-1</offset><text>Castration-Resistant Prostate Cancer</text></passage><passage><infon key="section">freetext</infon><infon key="lang">en</infon><offset>-1</offset><text>Comparison group: 690 patients receive docetaxel 75 mg/m2 administered IV over 1 hour every 3 weeks for 10 cycles plus prednisone 5 mg 2x / d given continuously + dasatinib 100 mg 1x / d until disease progression, control group: 690 patients receive docetaxel 75 mg/m2 administered IV over 1 hour every 3 weeks for 10 cycles plus prednisone 5 mg 2x / d + placebo given continuously until disease progression</text></passage><passage><infon key="section">inclusion_criteria</infon><infon key="lang">en</infon><offset>-1</offset><text>Subjects must have signed an informed consent document stating that they
understand the investigational nature of the proposed treatment.</text></passage><passage><infon key="section">exclusion_criteria</infon><infon key="lang">en</infon><offset>-1</offset><text>Women.
Sexually active fertile men not using effective birth control if their partners are WOCBP.</text></passage><passage><infon key="section">primary_outcome</infon><infon key="lang">en</infon><offset>-1</offset><text>Overall Survival will be defined as the time from the date of randomization to the date of death. If the subject did not die, survival will be censored on the last date the subject was known to be alive.</text></passage><passage><infon key="section">primary_outcome</infon><infon key="lang">pt-br</infon><offset>-1</offset><text>A Sobrevida Geral será definida como o tempo a partir da data de randomização até a data da morte. Se o indivíduo não tiver morrido, a sobrevida será censurada na última data em que o indivíduo estava sabidamente vivo.</text></passage><passage><infon key="section">primary_outcome</infon><infon key="lang">en</infon><offset>-1</offset><text>The primary endpoint in this study is Overall Survival and will be based on the Intention To Treat (ITT) population. The primary analysis of Overall Survival will be a comparison between the 2 treatment arms using a two-sided, alpha = 0.0463 (0.0002, 0.012 for the first and second interim analyses respectively) log-rank test, stratified by ECOG - Eastern Cooperative Oncology Group  performance status (0 - 1 vs 2), baseline biphosphonates intake (yes or no), and urinary N-telopeptide value (&lt; 60 nmol/mmol creatinine vs &gt;= 60 nmol/mmol creatinine). The alpha level is adjusted for 2 planned interim analyses using the O’Brien-Fleming alpha spending function.  Further analysis of Overall Survival will include the computation of hazard ratios and the estimation of survival functions. The survival hazard ratio of dasatinib in combination with docetaxel and prednisone to placebo in combination with docetaxel and prednisone and an associated two-sided 95.37% (99.98% and 98.8% for the first and second interim analyses respectively) confidence interval, will be computed using unadjusted and adjusted Cox proportional hazards model stratified by ECOG - Eastern Cooperative Oncology Group  performance status (0 - 1 vs 2), baseline bisphosphonate intake (yes/no), and urinary N-telopeptide value (&lt; 60 nmol/mmol creatinine vs &gt;= 60 nmol/mmol creatinine). The adjusted Cox proportional hazards model will include treatment and pre-specified prognostic factors including age (&lt; 70, &gt;= 70 years), presence of bone metastases (any bone metastases vs no bone mestastases), baseline alkaline phosphatase, type of progression (PSA (prostatic specific antigen), measurable disease, bone scan progression), number of metastases sites (&lt; 2 vs &gt;= 2), baseline hemoglobin, and baseline PSA (prostatic specific antigen)level.   The proportional hazards assumption will be assessed using time-dependent covariates. The survival function for each treatment will be estimated using the Kaplan-Meier product limit method. In addition, 2-sided 95% confidence intervals for the median survival will be computed by treatment arm.  </text></passage><passage><infon key="section">primary_outcome</infon><infon key="lang">pt-br</infon><offset>-1</offset><text>O desfecho primário neste estudo é a Sobrevida Geral e será baseada na população intenção de tratamento (ITT). A análise primária de Sobrevida Geral será uma comparação entre os 2 braços de tratamento usando um alfa bilateral = 0,0463 (0,0002, 0,012 para a primeira e segunda análises interinas, respectivamente) no teste de classificação logarítmica, estratificado por índice de desempenho ECOG - Grupo de Oncologia Cooperativo do Leste (0 - 1 versus 2), ingestão basal de bifosfonados (sim ou não), e valor de N-telopeptídeo urinário (&lt; 60 nmol/mmol de creatinina versus &gt;= 60 nmol/mmol de creatinina). O nível alfa é ajustado para as 2 análises interinas planejadas usando a função de gastos de alfa O’Brien-Fleming. A análise adicional de Sobrevida Geral incluirá o cálculo da razão de riscos e a estimativa das funções de sobrevida. A razão de risco de sobrevida de dasatinibe em combinação com docetaxel e prednisona em relação ao placebo em combinação com docetaxel e prednisona e com um intervalo de confiança de 95,37% bilateral associado (99,98% e 98,8% para a primeira e segunda análise interina, respectivamente), será calculada usando o modelo de riscos proporcionais de Cox ajustado e não ajustado, estratificado por índice de desempenho ECOG - Grupo de Oncologia Cooperativo do Leste (0 - 1 versus 2), ingestão basal de bifosfonados (sim/não) e valor do N-telopeptídeo urinário (&lt; 60 nmol/mmol de creatinina versus &gt;= 60 nmol/mmol de creatinina). O modelo de riscos proporcionais de Cox ajustado incluirá tratamento e fatores prognósticos pré-especificados incluindo idade (&lt; 70, &gt;= 70 anos), presença de metástases ósseas (quaisquer metástases ósseas versus ausência de metástases ósseas), fosfatase alcalina basal, tipo de progressão (PSA, doença mensurável, progressão em exame ósseo), número de locais metastáticos (&lt; 2 versus &gt;= 2), nível de hemoglobina basal e nível basal de PSA. A suposição de riscos proporcionais será avaliada usando covariáveis dependentes do tempo. A função de sobrevida para cada tratamento será estimada usando o método de limite de produto de Kaplan-Meier. Além disso, intervalos de confiança bilaterais de 95% para sobrevida mediana serão calculados por braço de tratamento. </text></passage><passage><infon key="section">secondary_outcome</infon><infon key="lang">en</infon><offset>-1</offset><text>Secondary efficacy endpoints include rate of uNTx (Urinary N-Telopeptide)  change from baseline, time to first skeletal-related event, change in pain intensity, time to PSA (prostatic specific antigen) progression, objective tumor response rate, and rate of stable disease by bone scans. Secondary efficacy endpoints will be tested hierarchically.  Time to first skeletal-related event and time to PSA (prostatic specific antigen) progression in each arm will be estimated using the Kaplan-Meier product limit method. A two-sided 95% confidence interval for median TFSRE (time to free Slekeletal-Related Event) and time to PSA (prostatic specific antigen) progression will be computed using the methods of Brookmeyer and Crowley. TFSRE (time to free Slekeletal-Related Event) and time to PSA (prostatic specific antigen) progression will also be compared between treatment arms with a two-sided, alpha= 05 level, log-rank test, stratified by ECOG - Eastern Cooperative Oncology Group  performance status (0 - 1 vs 2), baseline bisphosphonate intake (yes/no), and urinary N-telopeptide value (&lt; 60 nmol/mmol creatinine vs &gt;=60 nmol/mmol creatinine).  The proportion change in pain intensity, the stable disease by bone scans rate and the objective tumor response rate (RR) will be summarized for the 2 treatment arms with a Cochran-Mantel-Haenszel (CMH) test, an associated odds ratio estimate and a 95% confidence interval, stratified by ECOG - Eastern Cooperative Oncology Group  performance status (0 - 1 vs 2), baseline bisphosphonate intake (yes/no), and urinary N-telopeptide value (&lt; 60 nmol/mmol creatinine vs &gt;= 60 nmol/mmol creatinine).  Secondary efficacy analyses will be performed at the time final survival analysis is performed.  </text></passage><passage><infon key="section">secondary_outcome</infon><infon key="lang">pt-br</infon><offset>-1</offset><text>Os desfechos secundários de eficácia incluem a taxa de alteração de uNTx (N-telopeptídeo urinário)a partir da linha basal, o tempo até o primeiro evento esquelético, a alteração na intensidade da dor, o tempo até progressão de PSA (Antígeno Prostático Específico), taxa de resposta tumoral objetiva e taxa de doença estável por exames ósseos. Os desfechos secundários de eficácia serão testados hierarquicamente. O tempo até o primeiro evento esquelético e o tempo até progressão de PSA (Antígeno Prostático Específico)em cada braço serão estimados usando o método de limite de produto de Kaplan-Meier. Um intervalo de confiança bilateral de 95% para TFSRE (Tempo livre para evento esquelético) mediano e o tempo até progressão de PSA (Antígeno Prostático Específico) será calculado usando os métodos de Brookmeyer e Crowley. TFSRE (Tempo livre para evento esquelético)e o tempo até progressão de PSA (Antígeno Prostático Específico)também serão comparados entre os braços de tratamento com um nível alfa bilateral = 0,05 no teste de classificação logarítmica, estratificado por índice de desempenho ECOG - Grupo de Oncologia Cooperativo do Leste  (0 - 1 versus 2), ingestão basal de bifosfonados (sim/não) e valor de N-telopeptídeo urinário (&lt; 60 nmol/mmol de creatinina versus &gt;= 60 nmol/mmol de creatinina). A alteração na proporção e intensidade da dor, taxa de doença estável por exame ósseo e TR (Taxa de resposta) tumoral objetiva serão resumidas para os 2 braços de tratamento com um teste de Cochran-Mantel-Haenszel (CMH), uma estimativa de razão de chances associadas e um intervalo de confiança de 95%, estratificado por índice de desempenho ECOG - Grupo de Oncologia Cooperativo do Leste  (0 - 1 versus 2), ingestão basal de bifosfonados (sim/não) e valor de N-telopeptídeo urinário (&lt; 60 nmol/mmol de creatinina versus &gt;= 60 nmol/mmol de creatinina). As análises secundárias de eficácia serão realizadas no momento em que análise final de sobrevida for realizada. </text></passage><passage><infon key="section">public_title</infon><infon key="lang">pt-br</infon><offset>-1</offset><text>Estudo Randomizado, Duplo-Cego, de Fase 3, para Comparar Docetaxel Combinado com Dasatinibe ao Docetaxel Combinado com Placebo no Câncer de Próstata Resistente à Castração</text></passage><passage><infon key="section">scientific_title</infon><infon key="lang">pt-br</infon><offset>-1</offset><text>Estudo Randomizado, Duplo-Cego, de Fase 3, para Comparar Docetaxel Combinado com Dasatinibe ao Docetaxel Combinado com Placebo no Câncer de Próstata Resistente à Castração</text></passage><passage><infon key="section">freetext</infon><infon key="lang">pt-br</infon><offset>-1</offset><text>Grupo de comparação: 690 pacientes receberão docetaxel 75 mg/m2 administrado IV durante 1 hora a cada 3 semanas por até 10 ciclos  + prednisona 5 mg 2x/d administrada continuamente + dasatinibe 100 mg 1x/d , até progressão da doença ; Grupo controle: 690  pacientes receberão docetaxel 75 mg/m2 administrado IV durante 1 hora a cada 3 semanas por até 10 ciclos + prednisona 5 mg 2x/d administrada continuamente + placebo , até progressão da doença. </text></passage><passage><infon key="section">inclusion_criteria</infon><infon key="lang">pt-br</infon><offset>-1</offset><text>Os indivíduos devem ter assinado o termo de consentimento livre e esclarecido declarando que compreendem a natureza investigativa do tratamento proposto.
História de câncer de próstata histologicamente diagnosticado.</text></passage><passage><infon key="section">exclusion_criteria</infon><infon key="lang">pt-br</infon><offset>-1</offset><text>Mulheres.
Homens férteis sexualmente ativos que não utilizem controle de natalidade efetivo se suas parceiras forem MCPPE.</text></passage></document></collection>