<?xml version="1.0" encoding="UTF-8"?><!DOCTYPE collection SYSTEM "BioC.dtd"><collection><source></source><date></date><key></key><document><id>RBR-249vpp</id><passage><infon key="section">public_title</infon><infon key="lang">en</infon><offset>-1</offset><text>Comparison between the analgesics ketoprofen and parecoxib for pain control after gallbladder surgical removal</text></passage><passage><infon key="section">scientific_title</infon><infon key="lang">en</infon><offset>-1</offset><text>Postoperative analgesia: comparison between ketoprofen and parecoxib in patients submitted to conventional cholecystectomy</text></passage><passage><infon key="section">freetext</infon><infon key="lang">en</infon><offset>-1</offset><text>Post operative pain</text></passage><passage><infon key="section">freetext</infon><infon key="lang">en</infon><offset>-1</offset><text>This prospective double blind study will include 55 physical status ASA 1 or 2 patients, undergoing conventional cholecystectomy, of both genders, aged 18 to 55 years old,  allocated in a random and covert way in the groups: C - which will receive IV ketoprofen at a dose of 100 mg and P - which will receive parecoxib 40 mg IV dose. Patients from both groups will be submitted to total intravenous general anesthesia, induced with sufentanil 1 mcg/kg, cis-atracurium 0.15 mg/kg and propofol 3 mg/kg, and maintained with remifentanil 0.1 mcg/kg/min and propofol 3mg/kg/h . In the postoperative period patients will be assessed for the presence of pain on arrival to the post-anesthesia care unit (PACU), and after 1, 2, 4, 6 and 12 hours, using the analog pain scale (APS). Possible need for additional analgesia will be made with 1mg/kg tramadol IV and dipyrone 2g IV and also analyzed.</text></passage><passage><infon key="section">inclusion_criteria</infon><infon key="lang">en</infon><offset>-1</offset><text>Physical status ASA 1 or 2 patients, undergoing conventional cholecystectomy, of both genders, aged 18 to 55 years old. </text></passage><passage><infon key="section">exclusion_criteria</infon><infon key="lang">en</infon><offset>-1</offset><text>ASA Physical Status 3, 4 or 5.
Patients using hormonal or nonhormonal anti-inflammatory drugs.</text></passage><passage><infon key="section">primary_outcome</infon><infon key="lang">en</infon><offset>-1</offset><text>Cholecystectomy</text></passage><passage><infon key="section">primary_outcome</infon><infon key="lang">pt-br</infon><offset>-1</offset><text>Colecistectomia</text></passage><passage><infon key="section">secondary_outcome</infon><infon key="lang">en</infon><offset>-1</offset><text>Postoperative pain, assessed by the patient via analog scale of pain.</text></passage><passage><infon key="section">secondary_outcome</infon><infon key="lang">pt-br</infon><offset>-1</offset><text>Dor pós operatória, avaliada pelo paciente através de escala analógica de dor.</text></passage><passage><infon key="section">public_title</infon><infon key="lang">pt-br</infon><offset>-1</offset><text>Comparação entre os analgésicos cetoprofeno e parecoxibe no controle da dor após cirurgia de retirada da vesícula biliar</text></passage><passage><infon key="section">scientific_title</infon><infon key="lang">pt-br</infon><offset>-1</offset><text>Analgesia pós operatória: comparação entre cetoprofeno e parecoxibe em pacientes submetidos a colecistectomia convencional
</text></passage><passage><infon key="section">freetext</infon><infon key="lang">pt-br</infon><offset>-1</offset><text>Participarão de estudo prospectivo duplamente encoberto 55 pacientes, em estado físico ASA 1 ou 2, que serão submetidos a colecistectomia convencional, de ambos os gêneros e idades entre 18 e 55 anos, alocados de forma aleatória e encoberta nos grupos: C – que receberá cetoprofeno IV na dose de 100 mg; e P - que receberá parecoxibe IV na dose de 40mg. Serão submetidos a anestesia geral venosa total, induzida com sufentanil 1 mcg/kg, cis-atracúrio 0,15 mg/kg e propofol 3 mg/kg e mantida com remifentanil 0,1 mcg/kg/min e propofol 3mg/kg/h. No período pós-operatório será avaliada a presença de dor na chegada à sala de recuperação pós-anestésica (SRPA), e após 1, 2, 4, 6 e 12 horas, através de escala analógica de dor (EAD). Eventual necessidade de complementação analgésica será feita com tramadol 1mg/kg e dipirona 2g EV e também analisada.</text></passage><passage><infon key="section">inclusion_criteria</infon><infon key="lang">pt-br</infon><offset>-1</offset><text>Pacientes em estado físico ASA 1 ou 2, que serão submetidos a colecistectomia convencional, de ambos os gêneros e idades entre 18 e 55 anos.</text></passage><passage><infon key="section">exclusion_criteria</infon><infon key="lang">pt-br</infon><offset>-1</offset><text>Estado físico ASA 3, 4 ou 5.
Pacientes em uso de fármacos anti-inflamatórios, hormonais ou não hormonais.</text></passage></document></collection>