<?xml version="1.0" encoding="UTF-8"?><!DOCTYPE collection SYSTEM "BioC.dtd"><collection><source></source><date></date><key></key><document><id>RBR-45zj7b</id><passage><infon key="section">public_title</infon><infon key="lang">en</infon><offset>-1</offset><text>Massage effect on specific points of the feet on the skin of people presenting risk of injury</text></passage><passage><infon key="section">scientific_title</infon><infon key="lang">en</infon><offset>-1</offset><text>Effect of foot reflexology on the tissue integrity of feet of people with </text></passage><passage><infon key="section">freetext</infon><infon key="lang">en</infon><offset>-1</offset><text>Risk for the onset of skin lesions</text></passage><passage><infon key="section">freetext</infon><infon key="lang">en</infon><offset>-1</offset><text>The 78 eligible participants are randomized into two groups: intervention group, with 40 participants; and control group, with 38 participants.
The participants of the Intervention Group receiving the foot reflexology (also known as reflexotherapy of feet), which consists of a massage at specific points of the feet. It is applied two sessions of foot reflexology per week, for two months, totaling 16 sessions. The application mode consist in the stimulus, with the fingers in specific points of the feet. After putting on disposable gloves, the person responsible for implementing of the intervention pressing, with your finger or thumb, each specific point of feet.</text></passage><passage><infon key="section">inclusion_criteria</infon><infon key="lang">en</infon><offset>-1</offset><text>It is accompanied by the endocrinology service data collection site.
Of age or above 18 years.</text></passage><passage><infon key="section">exclusion_criteria</infon><infon key="lang">en</infon><offset>-1</offset><text>Presence of thrombosis in the lower limbs.
Presence of amputation of the lower limbs.</text></passage><passage><infon key="section">primary_outcome</infon><infon key="lang">en</infon><offset>-1</offset><text>Tissue integrity preservation of feet of people with the nursing diagnosis "Integrity Risk of Impaired Skin" (proposed by the taxonomy Nursing Diagnoses Classification - NANDA-I), verified by the score of nursing outcome "Tissue integrity: skin and mucous membranes" and scores of its indicators (proposed by the taxonomy Nursing Outcomes Classification - NOC), from the identification of significant differences between the Intervention Group and the Control Group in the post-intervention period.</text></passage><passage><infon key="section">primary_outcome</infon><infon key="lang">pt-br</infon><offset>-1</offset><text>Preservação da integridade tissular dos pés de pessoas que apresentam o diagnóstico de enfermagem “Risco de Integridade da Pele Prejudicada” (proposto pela taxonomia Nursing Diagnoses Classification - NANDA-I), verificada por meio do escore do resultado de enfermagem “Integridade tissular: pele e mucosas” e dos escores de seus indicadores (propostos pela taxonomia Nursing Outcomes Classification - NOC), a partir da identificação de diferenças significativas entre o Grupo Intervenção e o Grupo Controle no período pós intervenção.</text></passage><passage><infon key="section">secondary_outcome</infon><infon key="lang">en</infon><offset>-1</offset><text>Secondary outcomes are not expected.</text></passage><passage><infon key="section">secondary_outcome</infon><infon key="lang">pt-br</infon><offset>-1</offset><text>Não são esperados desfechos secundários.</text></passage><passage><infon key="section">public_title</infon><infon key="lang">pt-br</infon><offset>-1</offset><text>Efeito da massagem em pontos específicos nos pés sobre a pele de pessoas que apresenta risco de lesões
</text></passage><passage><infon key="section">scientific_title</infon><infon key="lang">pt-br</infon><offset>-1</offset><text>Efeito da reflexologia podal sobre a integridade tissular dos pés de pessoas que apresentam “Risco de Integridade da Pele Prejudicada”: um ensaio randomizado</text></passage><passage><infon key="section">freetext</infon><infon key="lang">pt-br</infon><offset>-1</offset><text>Os 78 participantes elegíveis são randomizados em dois grupos: Grupo Intervenção, com 40 participantes; e Grupo Controle, com 38 participantes.
Os participante do Grupo Intervenção recebem a reflexologia podal (também conhecida com reflexoterapia dos pés), que consiste em uma massagem em pontos específicos dos pés. São aplicadas duas sessões de reflexologia podal por semana, durante o período de dois meses, totalizando 16 sessões. O modo de aplicação consiste no estímulo, com os dedos das mãos sobre os pontos específicos dos pés. Para tanto, após calçar luvas descartáveis, a pessoa responsável pela aplicação da intervenção pressiona com o dedo, indicador ou polegar, cada ponto específico dos pés.</text></passage><passage><infon key="section">inclusion_criteria</infon><infon key="lang">pt-br</infon><offset>-1</offset><text>Ser acompanhado pelo serviço de endocrinologia do local de coleta de dados.
Ter idade igual ou acima de 18 anos.</text></passage><passage><infon key="section">exclusion_criteria</infon><infon key="lang">pt-br</infon><offset>-1</offset><text>Presença de trombose nos membros inferiores.
Presença de amputação nos membros inferiores.</text></passage></document></collection>