<?xml version="1.0" encoding="UTF-8"?><!DOCTYPE collection SYSTEM "BioC.dtd"><collection><source></source><date></date><key></key><document><id>RBR-47232z</id><passage><infon key="section">public_title</infon><infon key="lang">en</infon><offset>-1</offset><text>Maltodextrin alter glycemia on Diabetics</text></passage><passage><infon key="section">scientific_title</infon><infon key="lang">en</infon><offset>-1</offset><text>Dose-Dependent Effect of  Maltodextrin on Cardiovascular and Glucose Response in Type 2 Diabetes During Aerobic Exercise</text></passage><passage><infon key="section">freetext</infon><infon key="lang">en</infon><offset>-1</offset><text>Elderly, Diabetes Mellitus Type 2, glicemic control</text></passage><passage><infon key="section">freetext</infon><infon key="lang">en</infon><offset>-1</offset><text>The subjects of the study, six healthy volunteers aged between 40 and 60 years, diagnosed with Type 2 Diabetes Mellitus from medical records and health units in the of Engenheiro Gutierrez and Riozinho in Irati - PR.
Acutely on the day of the experiment, the subjects received the supplement containing 100mg/kg (control) or 1g/kg 2g/kg maltodextrin dissolved in 450 ml of distilled water. After intake of the supplement, subjects remained seated (rest) for thirty minutes after the start of exercise.</text></passage><passage><infon key="section">inclusion_criteria</infon><infon key="lang">en</infon><offset>-1</offset><text>Type 2 Diabetes Mellitus</text></passage><passage><infon key="section">exclusion_criteria</infon><infon key="lang">en</infon><offset>-1</offset><text>Physical Disability, Limiting Pathology, Age </text></passage><passage><infon key="section">primary_outcome</infon><infon key="lang">en</infon><offset>-1</offset><text>For inclusion of individuals to the interview was conducted a clinical interview where he was selected persons who had type 2 diabetes aged between 40 and 60 years, and if there were any limiting condition (eg Osteo-muscular Disease, Arthritis, Diseases cardiac, respiratory diseases) were excluded.</text></passage><passage><infon key="section">primary_outcome</infon><infon key="lang">pt-br</infon><offset>-1</offset><text>Para inclusão dos indivíduos à pesquisa, foi realizado uma anamnese clínica aonde foi selecionado pessoas que tivessem Diabetes Tipo 2 com idades entre 40 e 60 anos, sendo que, se houvesse alguma patologia limitantes (p.ex. Doenças Osteo-musculares, Artrite, Doenças Cardíacas, Doenças Respiratórias) seriam excluídas do estudo.  </text></passage><passage><infon key="section">secondary_outcome</infon><infon key="lang">en</infon><offset>-1</offset><text>Before exercise or supplementation, was measured Blood Pressure (BP) and Heart Rate (HR), and if the PA was greater than 140 mm / Hg for systolic and 90 mm ??/ Hg diastolic, this individual was not requiring the physical test . The same occurred with blood glucose levels, where levels higher than 150 mg / dL were considered at risk for exercise. During the year, BP, HR, plasma glucose and Borg scale (level of effort) were measured respectively, and questioned if some guy was putting at risk, the test was interrupted physical.</text></passage><passage><infon key="section">secondary_outcome</infon><infon key="lang">pt-br</infon><offset>-1</offset><text>Antes do exercício ou suplementação, foi aferido a Pressão Arterial (PA) e a Frequência Cardíaca (FC), sendo que se a PA estivesse maior que 140 mm/Hg para sistólica e 90 mm/Hg para diastólica, esse individuo era dispensando do teste físico. O mesmo ocorreu com a glicemia, aonde níveis superiores à 150 mg/dL foram considerados de risco para o exercício. Durante o exercício, PA, FC, Glicemia e a escala de Borg (nível de esforço) foram medidas e questionadas respectivamente, se alguma estivesse colocando o sujeito em risco, era interrompido o teste de físico.</text></passage><passage><infon key="section">public_title</infon><infon key="lang">pt-br</infon><offset>-1</offset><text>Maltodextrina altera glicemia no Diabetes </text></passage><passage><infon key="section">scientific_title</infon><infon key="lang">pt-br</infon><offset>-1</offset><text>Efeito Dose-Dependente da Maltodextrina na Glicemia e Resposta Cardiovascular em Diabéticos Tipo 2 Durante Exercício Aeróbico </text></passage><passage><infon key="section">freetext</infon><infon key="lang">pt-br</infon><offset>-1</offset><text>Foram sujeitos do estudo, 6 indivíduos voluntários com idades compreendidas entre 40 e 60 anos, diagnosticados com Diabetes Mellitus Tipo 2 a partir de consulta médica e cadastro nos Postos de Saúde de Engenheiro Gutierrez e Riozinho em Irati – PR.
De forma aguda, no dia do experimento, os sujeitos da pesquisa receberam o suplemento contendo 100mg/kg (controle), 1g/kg ou 2g/kg de maltodextrina, dissolvido em 450 ml de água destilada. Após a ingestão do suplemento, os indivíduos mantiveram-se sentados (repouso) durante trinta minutos para posterior início do exercício.</text></passage><passage><infon key="section">inclusion_criteria</infon><infon key="lang">pt-br</infon><offset>-1</offset><text>Diabetes Mellitus Tipo 2</text></passage><passage><infon key="section">exclusion_criteria</infon><infon key="lang">pt-br</infon><offset>-1</offset><text>Deficiencia Física, Patologia Limitante, Idade</text></passage></document></collection>