<?xml version="1.0" encoding="UTF-8"?><!DOCTYPE collection SYSTEM "BioC.dtd"><collection><source></source><date></date><key></key><document><id>RBR-389mzn</id><passage><infon key="section">public_title</infon><infon key="lang">en</infon><offset>-1</offset><text>Clinical evaluation and treatment of voice tremor with botulinum toxin and propranolol.</text></passage><passage><infon key="section">scientific_title</infon><infon key="lang">en</infon><offset>-1</offset><text>Clinical evaluation and treatment of voice tremor with botulinum toxin and propranolol.</text></passage><passage><infon key="section">freetext</infon><infon key="lang">en</infon><offset>-1</offset><text>Patients with vocal tremor</text></passage><passage><infon key="section">freetext</infon><infon key="lang">en</infon><offset>-1</offset><text>Intervention Group 1: Patients with vocal tremor subjected to the use of Propranolol tablets orally in increasing doses and increments of 20-80 mg per day administered twice daily with a duration of 1 month. The increase in dose is 20 mg weekly.

Intervention Group 2: Botulinum toxin into the vocal fold: treatment with botulinum toxin type A in thyroarytenoid muscle in a single dose of 2-4 units, whose effect lasts about 3-6 months. The injection is performed with a needle on neck and guided percutaneous laryngeal electromyography.</text></passage><passage><infon key="section">inclusion_criteria</infon><infon key="lang">en</infon><offset>-1</offset><text>presence of vocal tremor to perceptual analysis and larynx; older than 18 years, both sexes</text></passage><passage><infon key="section">exclusion_criteria</infon><infon key="lang">en</infon><offset>-1</offset><text>presence of laryngeal spasm during laryngoscopy or auditory perceptual, presence of lesions on laryngoscopy, patients with previous treatment, contraindication to propranolol or botulinum toxin</text></passage><passage><infon key="section">primary_outcome</infon><infon key="lang">en</infon><offset>-1</offset><text>Perceptual-hearing evaluation of voice will be conducted through the scale RASAT whose main parameter is the measurement of vocal instability in a score of 0-3.   The parameters of acoustic analysis will be evaluated:  Fundamental frequency; Standard deviation of Fundamental Frequency; Variability of Fundamental Frequency; Jitter and shimmer; Diagram phonatory deviation; </text></passage><passage><infon key="section">primary_outcome</infon><infon key="lang">pt-br</infon><offset>-1</offset><text>Avaliação Perceptivo-auditiva da voz será realizada por meio da escala RASATI cujo principal parâmetro será a medição da instabilidade vocal numa pontuação de 0-3.   Os parâmetros de análise acústica avaliados serão:  Frequência Fundamental; Desvio-Padrão da Freqüência Fundamental; Variabilidade da Freqüência Fundamental; Jitter e Shimmer; Diagrama de desvio fonatório;  </text></passage><passage><infon key="section">secondary_outcome</infon><infon key="lang">en</infon><offset>-1</offset><text>Assessment will be conducted through patient satisfaction visual analog scale 0-100 mm, with the parameters:  Overall satisfaction Improved voice Decreased tremor Swallowing problems. Which week? Breathiness. Which week? Cough. Which week?</text></passage><passage><infon key="section">secondary_outcome</infon><infon key="lang">pt-br</infon><offset>-1</offset><text>Será realizado avaliação de satisfação do paciente através de escala analógico-visual 0-100 mm,com os seguites parâmetros:  Satisfação geral Melhora da voz Diminuição do tremor Problemas de deglutição. Em que semana?  Soprosidade. Em que semana?  Tosse. Em que semana?   </text></passage><passage><infon key="section">public_title</infon><infon key="lang">pt-br</infon><offset>-1</offset><text>Avaliação Clínica e tratamento do tremor vocal com propranolol e toxina botulínica.</text></passage><passage><infon key="section">scientific_title</infon><infon key="lang">pt-br</infon><offset>-1</offset><text>Avaliação Clínica e tratamento do tremor vocal com propranolol e toxina botulínica.</text></passage><passage><infon key="section">freetext</infon><infon key="lang">pt-br</infon><offset>-1</offset><text>Grupo de intervenção 1: Pacientes com tremor vocal submetidos ao uso de Propranolol comprimidos via oral em doses crescentes e gradativas de 20-80 mg por dia administradas duas vezes ao dia com duração de 1 mês. O acréscimo das doses será de 20mg semanal.

Grupo de intervenção 2: Pacientes com tremor vocal submetidos à aplicação de toxina botulínica em prega vocal. Tratamento com injeção de toxina botulínica tipo A em músculo tireoaritenoideo na dose única de 2-4 unidades, cujo efeito dura em média 3-6 meses. A injeção é realizada com agulha via percutânea em região cervical e guiada por eletromiografia laríngea.</text></passage><passage><infon key="section">inclusion_criteria</infon><infon key="lang">pt-br</infon><offset>-1</offset><text>presença de tremor vocal à avaliação perceptiva auditiva e laringoscópica; idade maior que 18 anos; ambos os sexos</text></passage><passage><infon key="section">exclusion_criteria</infon><infon key="lang">pt-br</infon><offset>-1</offset><text>presença de espasmos laríngeos durante avaliação perceptiva auditiva ou laringoscópica; presença de lesões à laringoscopia; pacientes com tratamento prévio; contra-indicação ao propranolol ou toxina botulínica</text></passage></document></collection>