<?xml version="1.0" encoding="UTF-8"?><!DOCTYPE collection SYSTEM "BioC.dtd"><collection><source></source><date></date><key></key><document><id>RBR-2h9smt</id><passage><infon key="section">public_title</infon><infon key="lang">en</infon><offset>-1</offset><text>nterventions to enhance infection by the tuberculosis agent identification and treatment prescription in persosn without active disease.</text></passage><passage><infon key="section">scientific_title</infon><infon key="lang">en</infon><offset>-1</offset><text>Public health actions to enhance latent TB infection treatment.
</text></passage><passage><infon key="section">freetext</infon><infon key="lang">en</infon><offset>-1</offset><text>Latent tuberculosis infection</text></passage><passage><infon key="section">freetext</infon><infon key="lang">en</infon><offset>-1</offset><text>The study will consist of two phases. In the first phase, we will conduct a survey to identify the bottlenecks in the different steps since the identification of contacts to the treatment of those who are infected, in order to prevent progression to active disease. During this phase, we will apply a questionnaire with open answers to around 30 participants of each of the following categories: index cases, household contacts, nurses, physicians, and community health agents. The sample size will be limited by saturation.</text></passage><passage><infon key="section">inclusion_criteria</infon><infon key="lang">en</infon><offset>-1</offset><text>In the first phase (diagnosis of the bottlenecks)
Subjects with active pulmonary tuberculosis and  their household contacts aged 18 or over; health care workers who assist tuberculosis patients</text></passage><passage><infon key="section">exclusion_criteria</infon><infon key="lang">en</infon><offset>-1</offset><text>Only in the first phase: not agreement to participate or sign the informed consent. No associated co-morbidity prevents the participant to take part in the study (mainly concerning active tuberculosis screening).  </text></passage><passage><infon key="section">primary_outcome</infon><infon key="lang">en</infon><offset>-1</offset><text>20% increase in the proportion of subjects (among all identified contacts) that start latent tuberculosis infection treatment verified through the contact registry book</text></passage><passage><infon key="section">primary_outcome</infon><infon key="lang">pt-br</infon><offset>-1</offset><text>Aumento em 20% da proporção de indivíduos (entre os contatos identificados) que iniciam tratamento da infecção tuberculosa latente verificado a partir da consulta do livro de registro de contatos</text></passage><passage><infon key="section">secondary_outcome</infon><infon key="lang">en</infon><offset>-1</offset><text>Increase in number of identified contacts/index-case verified through the contact registry book OBS: it is not possible to foresee in which proportion each of these steps will increase. The sample size was calculated based on a 20% increase of the primary outcome. </text></passage><passage><infon key="section">secondary_outcome</infon><infon key="lang">pt-br</infon><offset>-1</offset><text>Aumento do número de contatos identificados/caso índice verificado a partir da consulta do livro de registro de contatos OBS: não há como prever em que proporção cada uma dessas etapas será modificada. O cálculo da amostra seguiu o aumento esperado de 20% do desfecho primário. </text></passage><passage><infon key="section">secondary_outcome</infon><infon key="lang">en</infon><offset>-1</offset><text>Increase in the proportion of identified contacts submitted to tuberculin skin testing verified through the contact registry book OBS: it is not possible to foresee in which proportion each of these steps will increase. The sample size was calculated based on a 20% increase of the primary outcome.</text></passage><passage><infon key="section">secondary_outcome</infon><infon key="lang">pt-br</infon><offset>-1</offset><text>Aumento da proporção dos contatos identificados que são testados com prova tuberculínica verificado a partir da consulta do livro de registro de contatos OBS: não há como prever em que proporção cada uma dessas etapas será modificada. O cálculo da amostra seguiu o aumento esperado de 20% do desfecho primário. </text></passage><passage><infon key="section">secondary_outcome</infon><infon key="lang">en</infon><offset>-1</offset><text>Increase in the proportion of  contacts submitted to tuberculin skin testing with reading verified through the contact registry book OBS: it is not possible to foresee in which proportion each of these steps will increase. The sample size was calculated based on a 20% increase of the primary outcome.</text></passage><passage><infon key="section">secondary_outcome</infon><infon key="lang">pt-br</infon><offset>-1</offset><text>Aumento da proporção dos que que têm a prova tuberculínica lida entre os que tiveram aplicação verificado a partir da consulta do livro de registro de contatos OBS: não há como prever em que proporção cada uma dessas etapas será modificada. O cálculo da amostra seguiu o aumento esperado de 20% do desfecho primário.</text></passage><passage><infon key="section">secondary_outcome</infon><infon key="lang">en</infon><offset>-1</offset><text>Increase in the proportion of contacts with positive tuberculin skin testing who undergo complete examination to rule out active tuberculosis verified through the contact registry book OBS: it is not possible to foresee in which proportion each of these steps will increase. The sample size was calculated based on a 20% increase of the primary outcome.</text></passage><passage><infon key="section">secondary_outcome</infon><infon key="lang">pt-br</infon><offset>-1</offset><text>Aumento da proporção dos que têm tubercuose ativa excluída entre os que têm prova tuberculínica positiva verificado a partir da consulta do livro de registro de contatos OBS: não há como prever em que proporção cada uma dessas etapas será modificada. O cálculo da amostra seguiu o aumento esperado de 20% do desfecho primário.</text></passage><passage><infon key="section">secondary_outcome</infon><infon key="lang">en</infon><offset>-1</offset><text>Increase in the proportion of those with a positive tuberculin skin testing and no active tuberculosis who are started on treatment verified through the contact registry book OBS: it is not possible to foresee in which proportion each of these steps will increase. The sample size was calculated based on a 20% increase of the primary outcome.</text></passage><passage><infon key="section">secondary_outcome</infon><infon key="lang">pt-br</infon><offset>-1</offset><text>Aumento da proporção  dos que iniciam tratamento (desfecho primário) entre os que têm prova tuberculínica positiva e não têm tubercuose ativa verificado a partir da consulta do livro de registro de contatos OBS: não há como prever em que proporção cada uma dessas etapas será modificada. O cálculo da amostra seguiu o aumento esperado de 20% do desfecho primário.</text></passage><passage><infon key="section">secondary_outcome</infon><infon key="lang">en</infon><offset>-1</offset><text>Increase in the proportion of those who complete treatment verified through the contact registry book OBS: it is not possible to foresee in which proportion each of these steps will increase. The sample size was calculated based on a 20% increase of the primary outcome.</text></passage><passage><infon key="section">secondary_outcome</infon><infon key="lang">pt-br</infon><offset>-1</offset><text>Aumento da proporção  dos que terminam tratamento verificado a partir da consulta do livro de registro de contatos OBS: não há como prever em que proporção cada uma dessas etapas será modificada. O cálculo da amostra seguiu o aumento esperado de 20% do desfecho primário.</text></passage><passage><infon key="section">public_title</infon><infon key="lang">pt-br</infon><offset>-1</offset><text>Intervenções para incrementar a identificação e o tratamento da infecção pelo agente causador da tuberculose em pessoas que ainda não têm a doença</text></passage><passage><infon key="section">scientific_title</infon><infon key="lang">pt-br</infon><offset>-1</offset><text>Ações em saúde pública para incrementar o tratamento da infecção latente tuberculosa. </text></passage><passage><infon key="section">freetext</infon><infon key="lang">pt-br</infon><offset>-1</offset><text>O estudo se divide em duas fases. Na primeira fase, faremos um levantamento das dificuldades nas várias etapas entre a identificação do contato até o tratamento daqueles que têm a infecção, para evitar que adoeçam. Nessa fase, será aplicado um questionário com respostas abertas a cerca de 30 participantes de cada uma das seguintes categorias: casos-índice, contatos domiciliares dos casos índice, médicos, enfermeiros e agentes comunitários de saúde. O tamanho da amostra desta fase será definido por saturação.
As intervenções serão realizadas na segunda fase, decididas de acordo com os achados na fase inicial do estudo.</text></passage><passage><infon key="section">inclusion_criteria</infon><infon key="lang">pt-br</infon><offset>-1</offset><text>Na primeira fase (diagnóstico da situação):
Indivíduos com tuberculose pulmonar ativa e seus contatos; maiores de 18 anos; profissionais de saúde que atendam pacientes com tuberculose</text></passage><passage><infon key="section">exclusion_criteria</infon><infon key="lang">pt-br</infon><offset>-1</offset><text>Na primeira fase apenas: não concordância em participar ou assinar o consentimento informado. Nenhuma condição patológica associada impede que o participante seja incluído (principalmente no que se refere ao rastreamento de tuberculose ativa). </text></passage></document></collection>