<?xml version="1.0" encoding="UTF-8"?><!DOCTYPE collection SYSTEM "BioC.dtd"><collection><source></source><date></date><key></key><document><id>RBR-25ck6t</id><passage><infon key="section">public_title</infon><infon key="lang">en</infon><offset>-1</offset><text>Assessment of balance and muscle function in elderly women with osteoporosis after exercises with vibratory rod</text></passage><passage><infon key="section">scientific_title</infon><infon key="lang">en</infon><offset>-1</offset><text>Analysis of functional balance and electromyographic activity of elderly women with osteoporosis submited of balance training with vibratory rod </text></passage><passage><infon key="section">freetext</infon><infon key="lang">en</infon><offset>-1</offset><text>Osteoporosis, Postural Balance</text></passage><passage><infon key="section">freetext</infon><infon key="lang">en</infon><offset>-1</offset><text>Vibratory Rod Training: 20 older women with diagnostic of osteoporosis,non-institutionalized will perform 8 weeks of training with balance exercises to vibrate the vibrating rod, 2 sessions weekly with 30 minutes each session

Non Vibratory Rod Training: 20 older women with diagnostic of osteoporosis,non-institutionalized will perform 8 weeks of training with balance exercises without making the vibration of vibrating rod, 2 sessions weekly with 30 minutes each session</text></passage><passage><infon key="section">inclusion_criteria</infon><infon key="lang">en</infon><offset>-1</offset><text>Older; aged 60-80 years; with osteoporosis diagnosed by bone densitometry examination considering T-Score:equal or less than -2.5 SD; physically active acording to IPAQ which considered moderate and vigorous activities daily and weekly according to 8 answer questions; no pain; no fracture; no severe soft tissue injury in the six months preceding the study; no neurological changes; no cardiovascular changes; no respiratory changes; score upper to 18 points in Mini-Mental State test which considers that guidance notions, immediate memory, attention and calculation, recall and language.</text></passage><passage><infon key="section">exclusion_criteria</infon><infon key="lang">en</infon><offset>-1</offset><text>pain, fractures or severe soft tissue injury in the 6 months preceding the study, and neurological, cardiovascular or respiratory diseases.</text></passage><passage><infon key="section">primary_outcome</infon><infon key="lang">en</infon><offset>-1</offset><text>Increased in muscle activation in lumbar iliocostal, rectus femoris, vastus lateralis, biceps femoris, gluteus maximus, tibialis anterior and lateral gastrocnemius during post training with vibration rod. Muscle activation will be assessment by electromyography pre and post training</text></passage><passage><infon key="section">primary_outcome</infon><infon key="lang">pt-br</infon><offset>-1</offset><text>Aumento da ativação muscular do músculos íliocostal lombar, reto femoral, vasto lateral, bíceps femoral, glúteo máximo, tibial anterior e gastrocnêmio lateral no período de pós treino no grupo que realizou o treinamento vibrando a haste oscilatória. A ativação muscular será determinada através da análise eletromiográfica pré e pós treinamento.</text></passage><passage><infon key="section">primary_outcome</infon><infon key="lang">en</infon><offset>-1</offset><text>Increased activation of the vastus lateralis muscle post vibration rod training.</text></passage><passage><infon key="section">primary_outcome</infon><infon key="lang">pt-br</infon><offset>-1</offset><text>Aumento da ativação do músculo vasto lateral após o treinamento com haste oscilatória.</text></passage><passage><infon key="section">secondary_outcome</infon><infon key="lang">en</infon><offset>-1</offset><text>Improvement in functional balance assessment during post training period with vibrating rod observed by the increase in the scores of Berg Balance Scale.They will be rated according to the quality of performance during the course of the same, need assistance and time to complete tasks. </text></passage><passage><infon key="section">secondary_outcome</infon><infon key="lang">pt-br</infon><offset>-1</offset><text>Melhora na avaliação do equilíbrio funcional após o treinamento com haste vibratória observado através do aumento na pontuação da  Escala de Equilíbrio de Berg. Para a pontuação nesse teste será observada a qualidade do desempenho durante a realização do mesmo, necessidade de assistência e tempo para completar as tarefas. </text></passage><passage><infon key="section">secondary_outcome</infon><infon key="lang">en</infon><offset>-1</offset><text>Maintenance of functional balance post vibration rod training.</text></passage><passage><infon key="section">secondary_outcome</infon><infon key="lang">pt-br</infon><offset>-1</offset><text>Manutenção do equilíbrio funcional após o treinamento com haste oscilatória.</text></passage><passage><infon key="section">public_title</infon><infon key="lang">pt-br</infon><offset>-1</offset><text>Avaliação do equilíbrio e da função muscular de idosas com osteoporose após exercícios com haste vibratória</text></passage><passage><infon key="section">scientific_title</infon><infon key="lang">pt-br</infon><offset>-1</offset><text>Análise do comportamento do equilíbrio funcional e atividade eletromiográfica de idosas com osteoporose submetidas a treinamento de equilíbrio com haste vibratória</text></passage><passage><infon key="section">freetext</infon><infon key="lang">pt-br</infon><offset>-1</offset><text>Treinamento com Haste Vibratória: 20 idosas com diagnóstico de osteoporose, não institucionalizadas realizarão 8 semanas de treinamento com exercícios de equilíbrio que vibrem a haste vibratória, sendo 2 sessões semanais com 30 minutos de duração cada sessão

Treinamento sem Haste Vibratória: 20 idosas com diagnóstico de osteoporose, não institucionalizadas realizarão 8 semanas de treinamento com exercícios de equilíbrio sem realizar a vibração da haste vibratória, sendo 2 sessões semanais com 30 minutos de duração cada sessão </text></passage><passage><infon key="section">inclusion_criteria</infon><infon key="lang">pt-br</infon><offset>-1</offset><text>Idosas; entre 60-80 anos; com osteoporose diagnósticada através do exame de densitometria óssea considerando T-Score:inferior ou igual a -2,5 DP; ativas fisicamente segundo o IPAQ que considerada atividades moderadas e vigorosas realizadas diariamente e semanalmente de acordo com a resposta de 8 perguntas; sem dor; sem fratura; sem lesão grave em tecidos moles nos seis meses antecedentes ao estudo; sem alterações neurológicas;sem alterações cardiovasculares; sem alterações respiratórias; escore superior a 18 pontos no Miniexame do Estado Mental que considera noções de orientação, memória imediata, atenção e cálculo, evocação e linguagem.</text></passage><passage><infon key="section">exclusion_criteria</infon><infon key="lang">pt-br</infon><offset>-1</offset><text>Dor, fratura, ou lesão grave em tecidos moles nos 6 meses antecedentes ao estudo, e  alterações neurológicas, cardiovasculares ou respiratórias.</text></passage></document></collection>