<?xml version="1.0" encoding="UTF-8"?><!DOCTYPE collection SYSTEM "BioC.dtd"><collection><source></source><date></date><key></key><document><id>RBR-3hzdgv</id><passage><infon key="section">public_title</infon><infon key="lang">en</infon><offset>-1</offset><text>Monitoring Overweight women by Nursing Telephone Assistance </text></passage><passage><infon key="section">scientific_title</infon><infon key="lang">en</infon><offset>-1</offset><text>Monitoring of Overweight women by Nursing Remote Assistance</text></passage><passage><infon key="section">freetext</infon><infon key="lang">en</infon><offset>-1</offset><text>Obesity</text></passage><passage><infon key="section">freetext</infon><infon key="lang">en</infon><offset>-1</offset><text>Intervention group: 50 women receive weekly phone calls lasting 5 to 10 minutes with educational content on weight control care, food guidance examples, water intake, physical activity and doubt clarification. This group will also receive routine treatment through periodic consultations with the health team. Control group: 50 women will receive routine treatment through periodic in-person consultations with health staff without phone calls. Both groups will receive conducted evaluations before intervention and after a follow-up of 3 months through 5 instruments: I questionnaire - for Socio-demographic characteristics, clinical, anthropometric and lifestyle); questionnaire II – obesity knowledge and its control measures; questionnaire III – food standard evaluation; IV – Scale of Body silhouette Figures; V -. International Physical Activity Questionnaire (IPAQ. After a three month period the tools II, III, IV and V and measured anthropometric measurements will be applied</text></passage><passage><infon key="section">inclusion_criteria</infon><infon key="lang">en</infon><offset>-1</offset><text>Women with a body mass index greater than or equal to 25 kg / m2; who have made at least one visit in the last twelve months; and who have home or mobile phone.</text></passage><passage><infon key="section">exclusion_criteria</infon><infon key="lang">en</infon><offset>-1</offset><text>Women without physical conditions like amputations for weight and height measurements; with mental confusion; in cognitive conditions that prevent them from responding questionnaires and reading text messages; diagnosed with severe psychiatric disorders; using drugs for weight loss and undergoing bariatric surgery</text></passage><passage><infon key="section">primary_outcome</infon><infon key="lang">en</infon><offset>-1</offset><text>Reduction of body mass index (BMI), calculated by dividing weight in kilograms by height squared (m2). For determining the expected outcome, a reduction of at least 3% in the pre and post intervention BMI will be considered</text></passage><passage><infon key="section">primary_outcome</infon><infon key="lang">pt-br</infon><offset>-1</offset><text>Redução do índice de massa corporal (IMC), calculado pela divisão do peso em kg pela altura ao quadrado (m2). Para constatação do desfecho esperado, será considerada uma redução de pelo menos 3% no IMC pré e pós intervenção</text></passage><passage><infon key="section">primary_outcome</infon><infon key="lang">en</infon><offset>-1</offset><text>Reduction of waist circumference (WC) verified by the measurement with flexible and inelastic tape to the nearest 0.1 cm. For determining the expected outcome, a reduction of at least 3% in the pre and post intervention WC will be considered</text></passage><passage><infon key="section">primary_outcome</infon><infon key="lang">pt-br</infon><offset>-1</offset><text>Redução da circunferência da cintura verificada por meio da aferição com fita flexível e inelástica com precisão de 0,1 cm. Para constatação do desfecho esperado, será considerada uma redução de pelo menos 3% na circunferência da cintura pré e pós intervenção</text></passage><passage><infon key="section">secondary_outcome</infon><infon key="lang">en</infon><offset>-1</offset><text>Improved knowledge about excess weight and control measures, assessed by a specific questionnaire on overweight knowledge and its control measures. For determining the expected outcome, a variation of at least 5% in the used questionnaire pre and post intervention will be considered  </text></passage><passage><infon key="section">secondary_outcome</infon><infon key="lang">pt-br</infon><offset>-1</offset><text>Melhora do conhecimento sobre o excesso de peso e medidas de controle, avaliada por meio de questionário específico sobre o conhecimento do excesso de peso e suas medidas de controle. Para constatação do desfecho esperado, será considerada uma variação de pelo menos 5% no questionário utilizado pré e pós intervenção</text></passage><passage><infon key="section">secondary_outcome</infon><infon key="lang">en</infon><offset>-1</offset><text>Improved perceived health status evaluated by the question "In general, would you say your health is very good, good, fair, poor or very poor?” To find the expected outcome, a variation of at least 5% used in the pre and post scale intervention will be considered</text></passage><passage><infon key="section">secondary_outcome</infon><infon key="lang">pt-br</infon><offset>-1</offset><text>Melhora do estado de saúde percebido avaliada pela pergunta “De uma maneira geral, você diria que a sua saúde é muito boa, boa, razoável, ruim ou muito ruim?”. Para constatação do desfecho esperado, será considerada uma variação de pelo menos 5% na escala utilizada pré e pós intervenção</text></passage><passage><infon key="section">secondary_outcome</infon><infon key="lang">en</infon><offset>-1</offset><text>Improved body image perception assessed by the scale of body silhouette figures proposed by Stunkaret al, used before and after intervention. To find the expected outcome, a variation of at least 5% used in the pre and post scale intervention will be considered</text></passage><passage><infon key="section">secondary_outcome</infon><infon key="lang">pt-br</infon><offset>-1</offset><text>Melhora da percepção da imagem corporal avaliada pela escala de figuras de silhuetas corporais proposta por Stunkaret al, utilizada antes e pós-intervenção. Para constatação do desfecho esperado, será considerada uma variação de pelo menos 5% na escala utilizada pré e pós intervenção</text></passage><passage><infon key="section">public_title</infon><infon key="lang">pt-br</infon><offset>-1</offset><text>Acompanhamento de Enfermagem por telefone de mulheres com Excesso de Peso</text></passage><passage><infon key="section">scientific_title</infon><infon key="lang">pt-br</infon><offset>-1</offset><text>Monitoramento Remoto de Enfermagem de mulheres com Excesso de Peso</text></passage><passage><infon key="section">freetext</infon><infon key="lang">pt-br</infon><offset>-1</offset><text>Grupo intervenção: 50 mulheres receberão telefonemas semanais com duração de 5 a 10 minutos com conteúdo educativo sobre cuidados para o controle do peso a exemplo de orientação sobre alimentação, ingestão de água, atividade física e esclarecimento de dúvidas. Esse grupo receberá também o tratamento de rotina por meio das consultas periódicas presenciais com a equipe de saúde. Grupo controle: 50 mulheres receberão o tratamento de rotina por meio das consultas periódicas presenciais com a equipe de saúde, sem os telefonemas. Para ambos os grupos serão realizadas as avaliações antes do início da intervenção e após, follow-up de 3 meses, por meio dos 5 instrumentos: questionário I para levantamento das características sociodemográficas, clínicas, antropométricas e hábitos de vida); questionário II - conhecimento da obesidade e suas medidas de controle; questionário III – avaliação do padrão alimentar; IV - Escala de Figuras de Silhuetas Corporal; V - Questionário Internacional de Atividade Física (IPAQ. Após o período de 3 meses serão aplicados os instrumentos II,III, IV e V e mensuradas as medidas antropométricas</text></passage><passage><infon key="section">inclusion_criteria</infon><infon key="lang">pt-br</infon><offset>-1</offset><text>Mulheres com índice de massa corporal maior ou igual a 25 kg/m2; que tenham comparecido no mínimo a uma consulta nos últimos doze meses; e que tenham telefone fixo ou celular. </text></passage><passage><infon key="section">exclusion_criteria</infon><infon key="lang">pt-br</infon><offset>-1</offset><text>Mulheres sem condições físicas para realização das medidas do peso e da altura como amputações; com confusão mental; em condições cognitivas que impeçam de responder aos questionários e de ler mensagens escritas; com diagnóstico de  transtornos psiquiátricos graves; em uso de drogas para perda de peso e submetidas à cirurgia bariátrica.</text></passage></document></collection>