<?xml version="1.0" encoding="UTF-8"?><!DOCTYPE collection SYSTEM "BioC.dtd"><collection><source></source><date></date><key></key><document><id>RBR-26ssvc</id><passage><infon key="section">public_title</infon><infon key="lang">en</infon><offset>-1</offset><text>Temperature and humidity of the gases in a workstation anesthesia machine</text></passage><passage><infon key="section">scientific_title</infon><infon key="lang">en</infon><offset>-1</offset><text>The temperature and humidity of the inhaled gas in an anesthesia workstation  using a low fresh gas flow  with or without thermal insulation or heat and moisture exchanger
</text></passage><passage><infon key="section">freetext</infon><infon key="lang">en</infon><offset>-1</offset><text>Respiratory tract diseases, general anesthesia, disease prevention.</text></passage><passage><infon key="section">freetext</infon><infon key="lang">en</infon><offset>-1</offset><text>Control group: 11 women scheduled for elective open abdominal gynecologic surgery under intravenous general anesthesia will have, during the anesthesia, a mechanical ventilation with a circle breathing system without any device which could influence the temperature and humidity. Temperature and humidity of the inhaled gas were determined close to the tracheal tube. The measurements were made at 10, 30, 60, 90 and 120 minutes after patients` connection to the breathing circuit. 
Heat and moisture exchanger group: 11 women scheduled for elective open abdominal gynecologic surgery under intravenous general anesthesia will have, during the anesthesia, a mechanical ventilation with a circle breathing system with a heat and moisture exchanger device connected next to the tracheal tube. Temperature and humidity of the inhaled gas were determined close to the tracheal tube. The measurements were made at 10, 30, 60, 90 and 120 minutes after patients` connection to the breathing circuit. </text></passage><passage><infon key="section">inclusion_criteria</infon><infon key="lang">en</infon><offset>-1</offset><text>Female gender volunteers; American Society of Anesthesiologists physical status 1 or 2 (healthy or with a controlled disease); body mass index (relation between the weight and the height) between 20 and 30 kg/cm²; scheduled for elective open abdominal gynecologic surgery.</text></passage><passage><infon key="section">exclusion_criteria</infon><infon key="lang">en</infon><offset>-1</offset><text>Volunteers with fever; decompensated endocrinologic disease; using drugs that interfere with arterial blood pressure or heart function.</text></passage><passage><infon key="section">primary_outcome</infon><infon key="lang">en</infon><offset>-1</offset><text>A rise in the absolute humidity next to the tracheal tube, verified by a thermo-hygrometer measure, regarding a difference of 5 mg H2O/L between the control group and the intervention groups.</text></passage><passage><infon key="section">primary_outcome</infon><infon key="lang">pt-br</infon><offset>-1</offset><text>Aumento da umidade absoluta junto ao tubo traqueal verificado por medida realizada por um termohigrômetro, a partir da constatação de uma variação de pelo menos 5 mg H2O/L de umidade entre o grupo controle e os grupos com intervenção.</text></passage><passage><infon key="section">primary_outcome</infon><infon key="lang">en</infon><offset>-1</offset><text>There was no significant rise in absolute humidity between the control group and the thermal insulation group (0.4 mg H2O); but the heat and moisture exchanger group and the heat and moisture exchanger plus thermal insulation group, respectively, achieved significant rises of 2.3 and 4.9 mg H2O/L in comparison to the control group.</text></passage><passage><infon key="section">primary_outcome</infon><infon key="lang">pt-br</infon><offset>-1</offset><text>Não houve aumento significativo entre as umidades dos grupos controle e isolamento térmico (0,4 mg H2O); mas os grupos permutador de calor e umidade, e permutador de calor e umidade mais isolamento térmico obtiveram, respectivamente, aumentos significativos de umidade absoluta de 2,3 mg H2O/L e 4,9 mg H2O/L, quando comparados ao grupo controle.</text></passage><passage><infon key="section">secondary_outcome</infon><infon key="lang">en</infon><offset>-1</offset><text>A rise in the temperature next to the tracheal tube, verified by a thermo-hygrometer measure, regarding a difference of 3°C between the control group and the intervention groups.   </text></passage><passage><infon key="section">secondary_outcome</infon><infon key="lang">pt-br</infon><offset>-1</offset><text>Aumento da temperatura junto ao tubo traqueal verificado por medida realizada por um termohigrômetro, a partir da constatação de uma variação de pelo menos 3°C de temperatura entre o grupo controle e os grupos com intervenção. </text></passage><passage><infon key="section">secondary_outcome</infon><infon key="lang">en</infon><offset>-1</offset><text>There was no significant rise in temperature between the control group and the thermal insulation group (- 0.2 °C); but the heat and moisture exchanger group and the heat and moisture exchanger plus thermal insulation group, respectively, achieved significant rises of 1.1 e 2.6 °C in comparison to the control group.</text></passage><passage><infon key="section">secondary_outcome</infon><infon key="lang">pt-br</infon><offset>-1</offset><text>Não houve aumento significativo entre as temperaturas dos grupos controle e isolamento térmico (- 0,2 °C); mas os grupos permutador de calor e umidade, e permutador de calor e umidade mais isolamento térmico obtiveram, respectivamente, aumentos significativos de temperatura de 1,1 e 2,6 °C , quando comparados ao grupo controle.</text></passage><passage><infon key="section">public_title</infon><infon key="lang">pt-br</infon><offset>-1</offset><text>Temperatura e umidade dos gases em uma estação de anestesia</text></passage><passage><infon key="section">scientific_title</infon><infon key="lang">pt-br</infon><offset>-1</offset><text>Umidificação e aquecimento do gás inalado em estação de anestesia com baixo fluxo de gases utilizando ou não isolamento térmico do circuito ventilatório e permutador de calor e umidade </text></passage><passage><infon key="section">freetext</infon><infon key="lang">pt-br</infon><offset>-1</offset><text>Grupo controle: 11 mulheres submetidas a cirurgia ginecológica abdominal aberta de rotina e sob anestesia geral venosa terão, durante a anestesia, a ventilação mecânica com circuito ventilatório circular sem a adição de qualquer tipo de dispositivo para influenciar a umidade e temperatura. Serão medidas a umidade e a temperatura do ar inspirado junto ao tubo traqueal. Estas medidas serão realizadas aos 10, 30, 60, 90 e 120 minutos após a conexão da paciente ao circuito ventilatório. 
Grupo permutador de calor e umidade: 11 mulheres submetidas a cirurgia ginecológica abdominal aberta de rotina e sob anestesia geral venosa terão, durante a anestesia, a ventilação mecânica com circuito ventilatório circular com um dispositivo permutador de calor e umidade conectado próximo ao tubo traqueal. Serão medidas a umidade e a temperatura do ar inspirado junto ao tubo traqueal. Estas medidas serão realizadas aos 10, 30, 60, 90 e 120 minutos após a conexão da paciente ao circuito ventilatório. </text></passage><passage><infon key="section">inclusion_criteria</infon><infon key="lang">pt-br</infon><offset>-1</offset><text>Pacientes voluntários do gênero feminino; com classificação de estado físico 1 e 2, segundo a American Society of Anesthesiologists, ou seja, saudáveis ou com doença controlada ; índice de massa corporal (uma relação entre o peso e a estatura) entre 20 e 30 kg/cm²; selecionadas para serem submetidas a cirurgia ginecológica abdominal aberta eletiva, ou seja, por técnica convencional e de rotina.</text></passage><passage><infon key="section">exclusion_criteria</infon><infon key="lang">pt-br</infon><offset>-1</offset><text>Voluntários com estado febril; com história de doença endócrina não compensada; com uso prévio de fármacos que alterem a pressão arterial ou a atividade cardíaca.</text></passage></document></collection>