<?xml version="1.0" encoding="UTF-8"?><!DOCTYPE collection SYSTEM "BioC.dtd"><collection><source></source><date></date><key></key><document><id>RBR-4vn75c</id><passage><infon key="section">public_title</infon><infon key="lang">en</infon><offset>-1</offset><text>The physical therapy in the treatment of striae in skin </text></passage><passage><infon key="section">scientific_title</infon><infon key="lang">en</infon><offset>-1</offset><text>Effect of the physiotherapy resources in the distension striaes</text></passage><passage><infon key="section">freetext</infon><infon key="lang">en</infon><offset>-1</offset><text>distensae striaes</text></passage><passage><infon key="section">freetext</infon><infon key="lang">en</infon><offset>-1</offset><text>- Peeling diamond Group: 15 women with stretch marks on buttocks receive treatment with peeling diamond on stretch marks. The hygiene of the place with cleaning gel and scrub the area with exfoliating cream in 15 participants will be held. Next will be applied 70% alcohol for disinfection of the site. The peeling diamond will be used using the Endermologie machine that exerts a negative pressure -200mmHg, coupled to the pen with diamond tip 150 microns on the ridges to reach local redness, totaling an average of 40 minutes in each treatment session . Will be held 10 sessions of treatment, It is held one session per week, totaling two and half months.
- Group galvanic current: 15 women with stretch marks on buttocks receive treatment with galvanic current on stretch marks. to implement this feature, the skin will initially be cleaned with 70% alcohol, then will be used electrotherapy apparatus and microgalvâniva current generator. Will be connected to an electrode device channel with a positive terminal and a negative. To the negative pole will be coupled with a pen needle four millimeters connected to the tip. Will use a dispersive electrode with aluminum plate and moistened foam (positive pole) fixed at 20 cm of the treated area, the posterior region of the thigh. The device will be programmed to generate the galvanic current with intensity of 100 microamperes. The needle is inserted into the epidermal layer by puncturing quickly and accurately associated with the removal of the skin layer, held for three seconds and withdrawing the needle, the whole length of the groove. Treatment will total an average of 40 minutes per session. Will be held 10 sessions of treatment, It is held one session per week, totaling two and half months.</text></passage><passage><infon key="section">inclusion_criteria</infon><infon key="lang">en</infon><offset>-1</offset><text>15 Female university; aged between 18 and 30 years; white race; presence of distension stretch marks on buttocks; presence of type alba distension stretch marks (white); literate and able to respond to the research questionnaire.</text></passage><passage><infon key="section">exclusion_criteria</infon><infon key="lang">en</infon><offset>-1</offset><text>Patients in dermato-functional treatment for improving distension of stretch marks; patients predisposed to keloids; patients with presence of hormonal diseases, cardiac, respiratory, diabetes mellitus, hypertension and cancer; patients unable to provide a sensory feedback or skin sensitivity changes; aversion or allergy to the use of electrical stimulation.</text></passage><passage><infon key="section">primary_outcome</infon><infon key="lang">en</infon><offset>-1</offset><text>Thickness of the striaes: the striaes are measured in relation to its thickness, by a caliper to evaluate the in millimeters. This measurement will be performed the day before the start of the study and one day after the conclusion thereof. We expect a 50% reduction in the thickness of the striaes after 10 treatment sessions once a week.</text></passage><passage><infon key="section">primary_outcome</infon><infon key="lang">pt-br</infon><offset>-1</offset><text>Espessura das estrias: as estrias serão medidas, em relação a sua espessura, por meio de um paquímetro que as avaliará em milímetros. Esta medida será realizada um dia antes do início do estudo e um dia após a conclusão do mesmo. Espera-se uma redução de 50% da espessura da estria após 10 sessões de tratamento, uma vez por semana.</text></passage><passage><infon key="section">primary_outcome</infon><infon key="lang">en</infon><offset>-1</offset><text>Length of the striaes: the striaes are measured with respect to its length, by a caliper to evaluate the in millimeters. This measurement will be performed the day before the start of the study and one day after the conclusion thereof. We expect a 30% reduction of the thickness of the striaes after 10 treatment sessions once a week.</text></passage><passage><infon key="section">primary_outcome</infon><infon key="lang">pt-br</infon><offset>-1</offset><text>Comprimento das estrias: as estrias serão medidas, em relação ao seu comprimento, por meio de um paquímetro que as avaliará em milímetros. Esta medida será realizada um dia antes do início do estudo e um dia após a conclusão do mesmo. Espera-se uma redução de 30% da espessura da estria após 10 sessões de tratamento, uma vez por semana.</text></passage><passage><infon key="section">secondary_outcome</infon><infon key="lang">en</infon><offset>-1</offset><text>digital thermography: will apply digital thermography by infrared camera to measure the temperature and cutaneous microcirculation. To capture the thermographic images will be used an infrared camera brand Flir Systems® with digital image processing, thermal sensitivity of 0.08 ° C in spectral range 3-14 microns, suitable for application in clinical diagnosis. It will be used for data analysis, Velocity 2.3 support software with automatic calibration. The participant will be instructed not to perform physical activity, not to consume hot drinks and / or vasodilator drugs, do not smoke and do not use Cosmetic products in the skin 4 hours before the evaluation. The images will be captured in a room with ambient temperature of 23 ° C, lack of sunlight and illumination cold light lamps (fluorescent). The participant should keep the place naked assessment in the standing position with feet together, keeping relaxed, with the camera positioned 1.2 meters away from the assessed region. a period of 15 minutes exposure to the skin come into thermal equilibrium with the room temperature will subsequently be captured three images of the region will be evaluated expected. evaluations will be conducted before and after the implementation of the appeals. Expected increase in skin temperature after application of resources.</text></passage><passage><infon key="section">secondary_outcome</infon><infon key="lang">pt-br</infon><offset>-1</offset><text>Termografia digital: será aplicada termografia digital por meio de câmera infravermelha para avaliar a temperatura e microcirculação cutânea. Para captação das imagens termográficas será utilizada uma câmera de infravermelho da marca Flir Systems® com processamento digital de imagens, sensibilidade térmica de 0,08°C em faixa espectral de 3 a 14 micrômetros, adequada à aplicação no diagnóstico clínico. Será utilizada, para análise dos dados, o software de suporte Velocity 2.3 com calibração automática.  A participante será orientado a não realizar atividade física, não consumir bebidas quentes e/ou medicamentos vasodilatadores, não fumar e não utilizar produtos cosmetológicos na pele 4 horas antes da avaliação.  As imagens serão captadas em sala com temperatura ambiente de 23ºC, ausência de luz solar e iluminação por lâmpadas de luz fria (fluorescentes). A participante deverá manter o local de avaliação desnudo, na posição ortostática com pés unidos, mantendo-se relaxado, com a câmara posicionada a 1,2 metros de distância da região avaliada. Será esperado um período de 15 minutos de exposição para que a pele entre em equilíbrio térmico com a temperatura da sala, posteriormente, serão captadas três imagens da região avaliada. Serão realizadas avaliações antes e após a aplicação do recurso. Espera-se aumento da temperatura cutânea após aplicação dos recursos. </text></passage><passage><infon key="section">public_title</infon><infon key="lang">pt-br</infon><offset>-1</offset><text>A fisioterapia no tratamento de estrias na pele</text></passage><passage><infon key="section">scientific_title</infon><infon key="lang">pt-br</infon><offset>-1</offset><text>Efeito de recursos fisioterapêuticos nas estrias de distensão </text></passage><passage><infon key="section">freetext</infon><infon key="lang">pt-br</infon><offset>-1</offset><text>- Grupo Peeling diamante: 15 mulheres com estrias na região glútea receberão tratamento com peeling diamante sobre as estrias. Será realizada a higienização do local com gel de limpeza e uma esfoliação da área por meio de creme esfoliante em 15 participantes. Em seguida será aplicado álcool 70% para desinfecção do local. O peeling diamante será utilizado utilizando-se o aparelho de endermoterapia que exerce uma pressão negativa de   -200mmHg, acoplado à caneta com ponteira diamantada de 150 micras sobre as estrias até alcançar vermelhidão local, totalizando um tempo médio de 40 minutos de tratamento em cada sessão. Serão realizadas 10 sessões de tratamento, sendo realizada uma sessão por semana, totalizando dois meses e meio.
- Grupo Corrente galvânica: 15 mulheres com estrias na região glútea receberão tratamento com corrente galvânica sobre as estrias. para a aplicação deste recurso, a pele será inicialmente higienizada com álcool 70%, em seguida será utilizado aparelho de eletroterapia e gerador de corrente microgalvâniva. Será conectado ao aparelho um canal de eletrodos com um polo positivo e um negativo. Ao polo negativo será acoplada uma caneta com agulha de quatro milímetros conectada na ponteira. Será utilizado um eletrodo dispersivo com placa de alumínio e espuma umedecida (polo positivo) fixado a 20 centímetros da área tratada, na região posterior de coxa. O aparelho será programado para gerar a corrente galvânica com intensidade de 100 microampéres. A agulha será inserida na camada epidérmica, por meio da punturação, de maneira rápida e precisa, associado ao levantamento da camada da pele, mantida por três segundos e retirada a agulha, em toda a extensão da estria. O tratamento totalizará um tempo médio de 40 minutos por sessão. Serão realizadas 10 sessões de tratamento, sendo realizada uma sessão por semana, totalizando dois meses e meio.</text></passage><passage><infon key="section">inclusion_criteria</infon><infon key="lang">pt-br</infon><offset>-1</offset><text>serão incluídas 45 universitárias do sexo feminino; idade entre 18 e 30 anos; raça branca; presença de estrias de distensão na região glútea;	presença de estrias de distensão do tipo alba (brancas); alfabetizadas e com capacidade de responder aos questionários da pesquisa.
</text></passage><passage><infon key="section">exclusion_criteria</infon><infon key="lang">pt-br</infon><offset>-1</offset><text>Pacientes em tratamento dermato-funcional para melhora de estrias de distensão;  pacientes com predisposição a quelóides; pacientes com presença de doenças hormonais, cardíacas, respiratórias, diabetes mellitus, hipertensão arterial sistêmica e neoplasias; pacientes incapazes de fornecer um feedback sensitivo ou com alterações de sensibilidade cutânea; aversão ou alergia ao uso da estimulação elétrica. </text></passage></document></collection>