<?xml version="1.0" encoding="UTF-8"?><!DOCTYPE collection SYSTEM "BioC.dtd"><collection><source></source><date></date><key></key><document><id>RBR-46487k</id><passage><infon key="section">public_title</infon><infon key="lang">en</infon><offset>-1</offset><text>The impact of educational videos to teaching of the Leprosy disease to medical students. </text></passage><passage><infon key="section">scientific_title</infon><infon key="lang">en</infon><offset>-1</offset><text>Educational virtual objects assessment inserted in learning based on team (team-based learning) in leprosy education on undergraduate medical setting

</text></passage><passage><infon key="section">freetext</infon><infon key="lang">en</infon><offset>-1</offset><text>Leprosy</text></passage><passage><infon key="section">freetext</infon><infon key="lang">en</infon><offset>-1</offset><text>The students will be randomized into two groups: group intervention (n=47) will be exposed to the TBL session with the insertion of two Virtual Human’s videos about Leprosy (“Clinical Manifestations of Leprosy” and “Leprosy Neuropathy”), for 3 hours; and group control  (n=47) to standard TBL session on the same subject, for 3 hours. In the end, the level of knowledge acquisition for the two groups was evaluated by individual (IRAT – primary outcome) and in group (GRAT) multiple choice tests, and a clinical case with short descriptive questions.</text></passage><passage><infon key="section">inclusion_criteria</infon><infon key="lang">en</infon><offset>-1</offset><text>94 Healthy volunteers; both genders; age greater than 18 years.</text></passage><passage><infon key="section">exclusion_criteria</infon><infon key="lang">en</infon><offset>-1</offset><text>Student who already had take part on dermatologic research</text></passage><passage><infon key="section">primary_outcome</infon><infon key="lang">en</infon><offset>-1</offset><text>Primary outcome; GRADES ON INDIVIDUAL TESTS -   Outcome expected:  The performance in the individual events of the students exposed to educational videos is better than desenpenho students not exposed to educational videos  It was performed to compare the means of the individual grades of both intervention and control groups   </text></passage><passage><infon key="section">primary_outcome</infon><infon key="lang">pt-br</infon><offset>-1</offset><text> Desfecho Primário: Média das notas individuais (IRAT)  Desfecho esperado:   O desempenho nas provas individuais (IRAT) dos alunos expostos aos videos educacionais é melhor do que o desempenho dos alunos não expostos aos vídeos educacionais   Foi realizada a comparação das médias das notas individuais de ambos os grupos de intervenção e de controle    </text></passage><passage><infon key="section">primary_outcome</infon><infon key="lang">en</infon><offset>-1</offset><text>Outcome founded: The average of the individual grades of the students exposed to the videos was 8.05 and the average grade of the students not exposed was 7.18. This difference was statistically significant.</text></passage><passage><infon key="section">primary_outcome</infon><infon key="lang">pt-br</infon><offset>-1</offset><text>Desfecho encontrado: A média das notas individuais dos alunos expostos aos vídeos foi maior do que a média das notas dos alunos não expostos. Portanto, a média dos alunos expostos foi 8,05 e a média das notas dos alunos não expostos foi de 7,18. Essa diferença foi estatisticamente significativa. </text></passage><passage><infon key="section">secondary_outcome</infon><infon key="lang">en</infon><offset>-1</offset><text>Secondary outcome expected: Average group grades (GRAT)  The performance in group tests (GRAT) students exposed to educational videos is equal to desenpenho students not exposed to educational videos  It was performed to compare the mean scores in group both intervention and control groups  </text></passage><passage><infon key="section">secondary_outcome</infon><infon key="lang">pt-br</infon><offset>-1</offset><text>Desfecho Secundário esperado: Média das notas em grupo (GRAT)  O desempenho nas provas em grupo (GRAT) dos alunos expostos aos videos educacionais é igual ao desenpenho dos alunos não expostos aos vídeos educacionais   Foi realizada a comparação das médias das notas em grupo de ambos os grupos de intervenção e de controle     </text></passage><passage><infon key="section">secondary_outcome</infon><infon key="lang">en</infon><offset>-1</offset><text>Secondary outcome founded: Average group grades (GRAT)  The average group students' grades exposed to the videos was 9.43 and the average grade in the unexposed group students was 9.57. This difference was not statistically significant. </text></passage><passage><infon key="section">secondary_outcome</infon><infon key="lang">pt-br</infon><offset>-1</offset><text>Desfecho secundário encontrado: Média das notas em grupo (GRAT)   A média das notas em grupo dos alunos expostos aos vídeos foi 9,43 e a média das notas em grupo dos alunos não expostos foi de 9,57. Essa diferença não foi estatisticamente significativa.</text></passage><passage><infon key="section">secondary_outcome</infon><infon key="lang">en</infon><offset>-1</offset><text>Secondary outcome expected: Average grade of the clinical Cases  The performance of students exposed to educational videos in resolution of clinical cases was equal to the performance of students not exposed to educational videos  It was performed to compare the mean scores of resolution of clinical cases of both intervention and control groups  </text></passage><passage><infon key="section">secondary_outcome</infon><infon key="lang">pt-br</infon><offset>-1</offset><text>Desfecho Secundário esperado: Média das notas dos casos clínicos  O desempenho dos alunos expostos aos videos educacionais na resolução dos casos clínicos foi igual ao desempenho dos alunos não expostos aos vídeos educacionais   Foi realizada a comparação das médias das notas da resolução dos casos clínicos de ambos os grupos de intervenção e de controle   </text></passage><passage><infon key="section">secondary_outcome</infon><infon key="lang">en</infon><offset>-1</offset><text>Secondary outcome founded: Average grade of the clinical Cases  The average grade of the clinical cases of students exposed to the videos was 9.22 and the average grade in the unexposed group students was 8.44. This difference was not statistically significant.</text></passage><passage><infon key="section">secondary_outcome</infon><infon key="lang">pt-br</infon><offset>-1</offset><text>Desfecho Secundário encontrado: Média das notas dos casos clínicos  A média das notas dos casos clínicos dos alunos expostos aos vídeos foi 9,22 e a média das notas em grupo dos alunos não expostos foi de 8,44. Essa diferença não foi estatisticamente significativa. </text></passage><passage><infon key="section">public_title</infon><infon key="lang">pt-br</infon><offset>-1</offset><text>Avaliação de vídeos educacinoais inseridos no ensino da doença hanseníase para alunos de medicina </text></passage><passage><infon key="section">scientific_title</infon><infon key="lang">pt-br</infon><offset>-1</offset><text>Avaliação de objetos educacionais virtuais inseridos na aprendizagem baseada em equipes (team-based learning) no ensino de hanseníase para a graduação médica</text></passage><passage><infon key="section">freetext</infon><infon key="lang">pt-br</infon><offset>-1</offset><text>Os estudantes serão randomizados em 2 grupos: grupo experimental (n=47) serão exposto a uma sessão de aula no formato TBL( team-based learning), durante 3 horas, com a inserção de dois vídeos do Homem Virtual (Manifestações clínicas da hanseníase e Neuropatia Hansênica), e o grupo controle  (n=47) será exposto apenas a uma aula de TBL clássica sobre o mesmo assunto, durante 3 horas. No final o nível de conhecimento adquirido dos dois grupos será avaliado por uma prova individual (IRAT) e em grupo (GRAT)de questões de múltipla escolha, e com a resolução de um caso clínico com questões descritivas curtas.</text></passage><passage><infon key="section">inclusion_criteria</infon><infon key="lang">pt-br</infon><offset>-1</offset><text>94 Voluntarios sadios; ambos os generos; idade maior que 18 anos.</text></passage><passage><infon key="section">exclusion_criteria</infon><infon key="lang">pt-br</infon><offset>-1</offset><text>Ter participado de pesquisas no Servico de Dermatologia</text></passage></document></collection>