<?xml version="1.0" encoding="UTF-8"?><!DOCTYPE collection SYSTEM "BioC.dtd"><collection><source></source><date></date><key></key><document><id>RBR-3rx9fj</id><passage><infon key="section">public_title</infon><infon key="lang">en</infon><offset>-1</offset><text>A Study with additional chart review to evaluate clinical and biochemical characteristics and disease progression in patients with mucopolysaccharidosis type IIIB
</text></passage><passage><infon key="section">scientific_title</infon><infon key="lang">en</infon><offset>-1</offset><text>A prospective cross-sectional and longitudinal study with additional restrospective chart review to evaluate clinical and biochemical characteristics and disease progression in patients with mucopolysaccharidosis type IIIB
</text></passage><passage><infon key="section">freetext</infon><infon key="lang">en</infon><offset>-1</offset><text>Mucopolysaccharidosis type IIIB </text></passage><passage><infon key="section">freetext</infon><infon key="lang">en</infon><offset>-1</offset><text>This study will be conducted in patients with mucopolysaccharidosis type IIIB (MPS IIIB), and will comprise two components. The total number of subjects will be 43 and in Brazil it will be 15 patients. 
1. Component 1 will involve an evaluation of the clinical characteristics of MPS IIIB in up to 30 patients based on a chart review and clinical assessments performed over a period of up to 6 weeks to facilitate scheduling.  </text></passage><passage><infon key="section">inclusion_criteria</infon><infon key="lang">en</infon><offset>-1</offset><text>Definitive diagnosis of MPS IIIB; at least 1 years of age (biological age) at the time of written informed consent; understands the full nature and purpose of the study, including possible risks of study procedures; informed consent signature.  </text></passage><passage><infon key="section">exclusion_criteria</infon><infon key="lang">en</infon><offset>-1</offset><text>Visual or hearing impairments sufficient to preclude cooperation with neurodevelopmental testing; history of poorly-controlled seizure disorder; currently receiving medication which, in the Investigator’s opinion, would be likely to substantially confound interpretation of the results, or has been on the current dose of psychotropic medication for less than 3 months; receiving a newly increased dose of melatonin (e.g., less than 3 months on current dose); previously received an investigational therapy for the treatment of MPS IIIB or has had hematopoietic stem cell transplant (HSCT); in the opinion of the Investigator, the patient has any other prior or ongoing medical condition that may present a safety risk, interfere with study compliance, or confound data interpretation. </text></passage><passage><infon key="section">primary_outcome</infon><infon key="lang">en</infon><offset>-1</offset><text>Descriptive comparison between patients who do/do not continue participation in the study into Component 2 made by summary of demographic data, selected medical history information, and baseline clinical and biochemical characteristics for all patients, after Component 1 of the study conclusion; Description of clinical characteristics, for the subset of patients participating in Component 2,  made by summary of the observed values and changes from baseline over time, after study conclusion   </text></passage><passage><infon key="section">primary_outcome</infon><infon key="lang">pt-br</infon><offset>-1</offset><text>Comparação descritiva entre os pacientes que continuam ou não a participação no estudo no Componente 2 por meio de resumo obtido dos dados demográficos, informações selecionadas de histórico médico e características clínicas e bioquímicas da avaliação inicial de todos os pacientes, após conclusão do Componente 1 do estudo; Descrição das características clínicas, para o subconjunto de pacientes que participam do Componente 2, por meio do resumo dos valores observados e alterações da avaliação inicial com o passar do tempo, após conclusão do estudo </text></passage><passage><infon key="section">secondary_outcome</infon><infon key="lang">en</infon><offset>-1</offset><text>Secundary outcomes are not expected</text></passage><passage><infon key="section">secondary_outcome</infon><infon key="lang">pt-br</infon><offset>-1</offset><text>Não são esperados desfechos secundários</text></passage><passage><infon key="section">public_title</infon><infon key="lang">pt-br</infon><offset>-1</offset><text>Estudo com análise de ficha adicional para avaliar as características clínicas e bioquímica e a progressão da doença em pacientes com mucopolissacaridose tipo IIIB </text></passage><passage><infon key="section">scientific_title</infon><infon key="lang">pt-br</infon><offset>-1</offset><text>Estudo longitudinal e transversal prospectivo com análise de ficha retrospectiva adicional para avaliar as características clínicas e bioquímica e a progressão da doença em pacientes com mucopolissacaridose tipo IIIB </text></passage><passage><infon key="section">freetext</infon><infon key="lang">pt-br</infon><offset>-1</offset><text>Este estudo será realizado em pacientes com mucopolissacaridose tipo IIIB (MPS IIIB) e envolverá dois componentes. O número total de pacientes será de 43 e no Brasil serão 15 pacientes. 
1. O Componente 1 envolverá uma avaliação das características clínicas da doença em até 30 pacientes, com base em uma análise da ficha anterior e avaliações clínicas realizadas por um período de até seis semanas para facilitar a programação. </text></passage><passage><infon key="section">inclusion_criteria</infon><infon key="lang">pt-br</infon><offset>-1</offset><text>Diagnóstico definitivo de MPS IIIB; pelo menos 1 ano de idade (idade biológica) quando do Termo de Consentimento Livre e Esclarecido escrito;compreensão completa da natureza e propósito do estudo, inclusive os possíveis riscos dos procedimentos do estudo; assinatura do Termo de Consentimento Livre e Esclarecido. </text></passage><passage><infon key="section">exclusion_criteria</infon><infon key="lang">pt-br</infon><offset>-1</offset><text>Deficiência visual ou auditiva suficiente para impedir a cooperação com o teste de neurodesenvolvimento; histórico de convulsões mal controladas; recebendo cuidadosamente medicação que, na opinião do Investigador, poderia estar confundindo substancialmente a interpretação dos resultados ou tomando a dose atual de medicamento psicotrópico há menos de 3 meses; recebendo uma dose recentemente aumentada de melatonina (por exemplo, menos de 3 meses na dose atual); recebeu anteriormente uma terapia investigativa para o tratamento de MPS IIIB ou passou por transplante de células-tronco hematopoiéticas (TCTH); na opinião do Investigador, o paciente tem qualquer outra condição clínica anterior ou contínua que pode apresentar um risco de segurança, interferir na adesão ao estudo ou confundir a interpretação de dados.</text></passage></document></collection>