<?xml version="1.0" encoding="UTF-8"?><!DOCTYPE collection SYSTEM "BioC.dtd"><collection><source></source><date></date><key></key><document><id>RBR-4x2957</id><passage><infon key="section">public_title</infon><infon key="lang">en</infon><offset>-1</offset><text>Study of the therapies for dentin hypersensitivity.</text></passage><passage><infon key="section">scientific_title</infon><infon key="lang">en</infon><offset>-1</offset><text>Comparative study of therapies for the treatment of non-carious cervical lesions with dentinal hypersensitivity</text></passage><passage><infon key="section">freetext</infon><infon key="lang">en</infon><offset>-1</offset><text>Tooth wear,Dentine hypersensitivity,Dental Materials</text></passage><passage><infon key="section">freetext</infon><infon key="lang">en</infon><offset>-1</offset><text>Six  individuals will be selected with four teeth moderately to severely hypersensitive. In each individual, sensitive teeth will be randomly distributed into the following treatment groups: group 1 (6 teeth) - use of gel with 5% potassium nitrate and 2% sodium fluoride (KNO3NaF) as active ingredient, once a week until remission of pain; group 2 (6 teeth) - use of KNO3NaF and immediate restoration with composite resin Filtek Z250 (FZ250); group 3 ( 6 teeth) – use of KNO3NaF once a week until remission of pain and restoration with FZ250; group 4 ( 6 teeth) - restoration with FZ250. The assessment periods will 0, 7, 30, 90 and 180 days</text></passage><passage><infon key="section">inclusion_criteria</infon><infon key="lang">en</infon><offset>-1</offset><text>The volunteers: they will be included with age 18 years or older,  enrolled in the clinics of dentistry UFPI having at least 20 dental elements.
Non-carious lesions: at least four lesions whose sensitivity is classified by the patient for moderate to severe after administration of a air, and tooth wear between 2 and 4. These teeth must have an antagonist tooth.</text></passage><passage><infon key="section">exclusion_criteria</infon><infon key="lang">en</infon><offset>-1</offset><text>The patient: will be excluded  people who have made periodontal treatment and/or hypersensitivity treatment in the last six months, patients with bruxism in the active phase.
Non-carious lesions: teeth with very deep lesions, when a ruber dam isolation is not possible and those that have been previously restored.</text></passage><passage><infon key="section">primary_outcome</infon><infon key="lang">en</infon><offset>-1</offset><text>It is expected that one of the interventions is more effective in controlling dentinal hypersensitivity not carious lesions. The outcome will be assessed by analyzing the presence of pain induce by an air jet against the site where the intervention was carried out.</text></passage><passage><infon key="section">primary_outcome</infon><infon key="lang">pt-br</infon><offset>-1</offset><text>Espera-se que uma das intervenções seja mais efetiva no controle da hipersensibilidade dentinária das lesões não cariosas. A avaliacao do desfecho será feita pelo relato da existencia de dor provocada por estímulo evaporativo de jato de ar contra o local onde a intervenção foi realizada.</text></passage><passage><infon key="section">secondary_outcome</infon><infon key="lang">en</infon><offset>-1</offset><text>It is expected that all interventions are effective up to 6 months of intervention.</text></passage><passage><infon key="section">secondary_outcome</infon><infon key="lang">pt-br</infon><offset>-1</offset><text>Espera-se que todas as intervenções sejam efetivas até 6 meses de intervenção.</text></passage><passage><infon key="section">public_title</infon><infon key="lang">pt-br</infon><offset>-1</offset><text>Estudo dos tratamentos de hipersensibilidade dental</text></passage><passage><infon key="section">scientific_title</infon><infon key="lang">pt-br</infon><offset>-1</offset><text>Estudo Comparativo do tratamento de lesões cervicais não cariosas com sensibilidade dolorosa
</text></passage><passage><infon key="section">freetext</infon><infon key="lang">pt-br</infon><offset>-1</offset><text>Seis indivíduos serao selecionados com quatro dentes com sensibilidade dolrosa moderada ou severa. Em cada indivíduo, os dentes serao aleatoriamente divididos em grupos de acordo com o tratamento a seguir:Grupo 1 ( 6 dentes)- receberá tratamento desensibilizador com gel de substância ativa de nitrato de potássio a 5% e fluoreto de sódio a 2% uma vez por semana.
Grupo 2( 6 dentes)- será tratado com gel de nitrato de potássio a 5% e fluoreto de sódio a 2% e restaurado imediatamente com resina composta.</text></passage><passage><infon key="section">inclusion_criteria</infon><infon key="lang">pt-br</infon><offset>-1</offset><text>Do paciente: Serão incluidos voluntários, com idade de 18 ou mais anos cadastrados nas clínicas de Odontologia da UFPI possuindo no mínimo 20 elementos dentais.
Das lesões não cariosas: no mínimo 4 lesões cuja sensibilidade for classificada pelo paciente como de moderada a severa após a administração de um leve jato de ar, e índice de desgaste dental entre 2 e 4. Estes dentes devem possuir antagonistas.</text></passage><passage><infon key="section">exclusion_criteria</infon><infon key="lang">pt-br</infon><offset>-1</offset><text>Do paciente: Serão excluídas do estudo pessoas que tiverem feito raspagem periodontal e/ou realizado tratamento de desensibilização nos últimos seis meses, pacientes com bruxismo na fase ativa. 
Das lesões não cariosas: Serão excluídos da amostra elementos dentais apresentando cavidades muito profundas onde há indicação de tratamento endodôntico, onde não for possível fazer isolamento absoluto do campo operatório e aqueles que tiverem sido restaurados anteriormente. </text></passage></document></collection>