<?xml version="1.0" encoding="UTF-8"?><!DOCTYPE collection SYSTEM "BioC.dtd"><collection><source></source><date></date><key></key><document><id>RBR-468wm2</id><passage><infon key="section">public_title</infon><infon key="lang">en</infon><offset>-1</offset><text>Effect of interventions on the quality of sleep and stress in people with Diabetes </text></passage><passage><infon key="section">scientific_title</infon><infon key="lang">en</infon><offset>-1</offset><text>Effect of non-pharmacological interventions on the quality of sleep and stress
emotional in people with Type 2 Diabetes Mellitus</text></passage><passage><infon key="section">freetext</infon><infon key="lang">en</infon><offset>-1</offset><text>Sleep, type 2, Diabetes Mellitus, psychological, stress</text></passage><passage><infon key="section">freetext</infon><infon key="lang">en</infon><offset>-1</offset><text>The state intervention group received regarding treatment guidelines for hygiene measures of sleep and exposure to light. These measures are:
* The bedroom should be quiet, dark and comfortable temperature;</text></passage><passage><infon key="section">inclusion_criteria</infon><infon key="lang">en</infon><offset>-1</offset><text>People with Type 2 Diabetes Mellitus in clinical follow-up in that service; aged greater than 18 years; both sexes; who have active telephone contact; not forming any pharmacological / non-pharmacological treatment for improving sleep quality or that interferes it.</text></passage><passage><infon key="section">exclusion_criteria</infon><infon key="lang">en</infon><offset>-1</offset><text>People that are experiencing cognitive impairment , according to an evaluation of the Mini -Mental State Examination ( MMSE), according to the educational tracks; People who submit total score on the Pittsburgh Sleep Quality Index (PSQI less than or equal to 5, defining them as </text></passage><passage><infon key="section">primary_outcome</infon><infon key="lang">en</infon><offset>-1</offset><text>Improvement of sleep quality in bad sleepers period of three months , by applying PSQI instrument , as a variation of score in pre and post-intervention measurements.</text></passage><passage><infon key="section">primary_outcome</infon><infon key="lang">pt-br</infon><offset>-1</offset><text>Melhora da qualidade do sono dos maus dormidores no período de 3 meses, por meio da aplicação do instrumento PSQI, a partir de uma variação de escore nas medições pré e pós intervenção.</text></passage><passage><infon key="section">secondary_outcome</infon><infon key="lang">en</infon><offset>-1</offset><text>Improved emotional stress level in the period of three months by applying the DDS instrument, at the beginning and end of the study.</text></passage><passage><infon key="section">secondary_outcome</infon><infon key="lang">pt-br</infon><offset>-1</offset><text>Melhora do nível de estresse emocional no período de 3 meses, por meio da aplicação do instrumento DDS, no início e no final do estudo.</text></passage><passage><infon key="section">public_title</infon><infon key="lang">pt-br</infon><offset>-1</offset><text>Efeito de intervenções sobre a qualidade do sono e o estresse em pessoas com Diabetes </text></passage><passage><infon key="section">scientific_title</infon><infon key="lang">pt-br</infon><offset>-1</offset><text>Efeito de intervenções não farmacológicas sobre a qualidade do sono e o estresse emocional em pessoas com Diabetes Mellitus tipo 2
</text></passage><passage><infon key="section">freetext</infon><infon key="lang">pt-br</infon><offset>-1</offset><text>O grupo intervenção do estudo receberá orientações de tratamento referentes às medidas de Higiene do Sono e exposição à luz. Essas medidas são: 
* O quarto de dormir deve ser silencioso, escuro e com temperatura agradável;  </text></passage><passage><infon key="section">inclusion_criteria</infon><infon key="lang">pt-br</infon><offset>-1</offset><text>Pessoas com Diabetes Mellitus tipo 2, em acompanhamento clínico no referido serviço;  idade igual ou maior a 18 anos; ambos os sexos; que tenham contato telefônico ativo; que não façam qualquer tratamento farmacológico/não farmacológico para melhora da qualidade do sono ou que nele interfira.</text></passage><passage><infon key="section">exclusion_criteria</infon><infon key="lang">pt-br</infon><offset>-1</offset><text>Pessoas que apresentarem comprometimento cognitivo, segundo avaliação do Mini Exame do Estado Mental (MEEM), de acordo com as faixas de escolaridade; Pessoas que apresentarem escore total no Pittsburgh Sleep Quality Index (PSQI menor ou igual a 5, que os definem como “bons dormidores”); Trabalhadores noturnos.
</text></passage></document></collection>