<?xml version="1.0" encoding="UTF-8"?><!DOCTYPE collection SYSTEM "BioC.dtd"><collection><source></source><date></date><key></key><document><id>RBR-3rndh6</id><passage><infon key="section">public_title</infon><infon key="lang">en</infon><offset>-1</offset><text>Electrotherapy in the treatment of pain during intercourse and assessment of the outcomes on the quality of life and sexuality of women with deep endometriosis</text></passage><passage><infon key="section">scientific_title</infon><infon key="lang">en</infon><offset>-1</offset><text>Transcutaneous Electrical Nerve Stimulation (TENS) in the treatment of deep dyspareunia  and assessment of the impact on the quality of life and sexuality of women with deep endometriosis: randomized controlled trial</text></passage><passage><infon key="section">freetext</infon><infon key="lang">en</infon><offset>-1</offset><text>Endometriosis. Dyspareunia.</text></passage><passage><infon key="section">freetext</infon><infon key="lang">en</infon><offset>-1</offset><text>Group 1: 20 women with endometriosis will receive aplications of Conventional Transcutaneous Electrical Nerve Stimulation (TENS)(Quark), once a week, for 30 minutes, during 8 weeks, in the sacral region. Group 2: 20 women with endometriosis will apply Self-applied Transcutaneous Electrical Nerve Stimulation (TENS)(Tanyx), twice a week, for 20 minutos, during 8 weeks, in the sacral region. The women were randomized for gruop 1 or group 2.</text></passage><passage><infon key="section">inclusion_criteria</infon><infon key="lang">en</infon><offset>-1</offset><text>Sexually active women. Women in menacme. Diagnosis of endometriosis estages III, IV and/or of the rectovaginal septum. Deep dyspareunia.</text></passage><passage><infon key="section">exclusion_criteria</infon><infon key="lang">en</infon><offset>-1</offset><text>Decreased skin sensitivity preventing the perception of the electric stimulus. Pregnant women. Pacemaker users. Hypersensitivity (allergic reactions to the gel or electrode). Epilepsy. Heart disease (arrhythmia). Osteosynthesis at the application site. Open sores. Malignant tumors. Acute inflammatory disease. Other associated gynecological pathologies. Cognitive disabilities that prevente the understanding of the use of the tools and/or conventional electrotherapeutic treatment or do not understand instructions for the use of the self-applied TENS.</text></passage><passage><infon key="section">primary_outcome</infon><infon key="lang">en</infon><offset>-1</offset><text>Deep dyspareunia relief and/or resolution analyzed through the visual analogue scale from the variance observed at least 5% of the pre and post treatment results.</text></passage><passage><infon key="section">primary_outcome</infon><infon key="lang">pt-br</infon><offset>-1</offset><text>Alívio e/ou resolução da dispareunia de profundidade verificado através da escala visual analógica a partir da constatação de uma variância de pelo menos 5% nos resultados pré e pós tratamento. </text></passage><passage><infon key="section">secondary_outcome</infon><infon key="lang">en</infon><offset>-1</offset><text>Improvement at quality of life measured through a whoqol-bref quality of life questionnaire plus an endometriosis quality of life questionnaire from observations of 5% significance in the pre and post treatment results.</text></passage><passage><infon key="section">secondary_outcome</infon><infon key="lang">pt-br</infon><offset>-1</offset><text>Melhora da qualidade de vida mensurada através do questionário de qualidade de vida whoqol-bref e questionário de qualidade de vida em Endometriose a partir da observação de significância de 5% nos resultados pré e pós tratamento.</text></passage><passage><infon key="section">secondary_outcome</infon><infon key="lang">en</infon><offset>-1</offset><text>Sexuality improvement measured through the Female Sexual Function Index from observations of 5% significance in the pre and post treatment results.</text></passage><passage><infon key="section">secondary_outcome</infon><infon key="lang">pt-br</infon><offset>-1</offset><text>Melhora da sexualidade mensurada através do Índice de Função Sexual Feminina a partir da observação de significância de 5% nos resultados pré e pós tratamento.</text></passage><passage><infon key="section">public_title</infon><infon key="lang">pt-br</infon><offset>-1</offset><text>Eletroterapia no tratamento da dor durante a relação sexual e avaliação dos resultados na qualidade de vida e sexualidade de mulheres com endometriose profunda</text></passage><passage><infon key="section">scientific_title</infon><infon key="lang">pt-br</infon><offset>-1</offset><text>Estimulação Elétrica Nervosa Transcutânea (TENS) no tratamento da dispareunia de profundidade e avaliação do impacto na qualidade de vida e sexualidade de mulheres com endometriose profunda: ensaio controlado aleatorizado</text></passage><passage><infon key="section">freetext</infon><infon key="lang">pt-br</infon><offset>-1</offset><text>Grupo 1: 20 mulheres com endometriose receberão aplicações de Estimulação Elétrica Nervosa Transcutânea (TENS) convencional (Quark), uma vez por semana, com duração de 30 minutos, durante 8 semanas, na região sacral. Grupo 2: 20 mulheres com endometriose aplicarão Estimulação Elétrica Nervosa Transcutânea (TENS) auto-aplicável (Tanyx), duas vezes por dia, com duração de 20 minutos cada, durante 8 semanas, na região sacral. As mulheres foram aleatorizadas para grupo 1 ou grupo 2. </text></passage><passage><infon key="section">inclusion_criteria</infon><infon key="lang">pt-br</infon><offset>-1</offset><text>Mulheres sexualmente ativas. Mulheres no menacme. Diagnóstico de endometriose estadio III, IV e/ou de septo retovaginal. Dispareunia de profundidade.</text></passage><passage><infon key="section">exclusion_criteria</infon><infon key="lang">pt-br</infon><offset>-1</offset><text>Diminuição da sensibilidade cutânea impedindo a percepção do estímulo eletroterapêutico. Gestantes. Marcapasso. Hipersensibilidade cutânea (reações alérgicas ao gel ou eletrodo). Epilepsia. Cardiopatas (arritmia cardíaca). Osteossíntese na região da aplicação. Solução de descontinuidade da pele. Tumores malignos. Doença inflamatória aguda. Outras patologias ginecológicas associadas. Deficiência cognitiva que impossibilite a compreensão dos instrumentos e/ou tratamento eletroterapêutico convencional ou não compreenda as instruções para autoaplicação da TENS.</text></passage></document></collection>