<?xml version="1.0" encoding="UTF-8"?><!DOCTYPE collection SYSTEM "BioC.dtd"><collection><source></source><date></date><key></key><document><id>RBR-4q5wsz</id><passage><infon key="section">public_title</infon><infon key="lang">en</infon><offset>-1</offset><text>"</text></passage><passage><infon key="section">scientific_title</infon><infon key="lang">en</infon><offset>-1</offset><text>"</text></passage><passage><infon key="section">freetext</infon><infon key="lang">en</infon><offset>-1</offset><text>Mild cognitive impairment (Minimental state exam 24 -28) GATES et al., 2013.</text></passage><passage><infon key="section">freetext</infon><infon key="lang">en</infon><offset>-1</offset><text>Experimental group (Muscle strengthening program): 20 participants
The exercises performed will follow the recommendations outlined by the American College of Sports Medicine </text></passage><passage><infon key="section">inclusion_criteria</infon><infon key="lang">en</infon><offset>-1</offset><text>Older adults with 60 years or more; community-dwelling residents; able to walk with and without ai; mild cognitive impairment.</text></passage><passage><infon key="section">exclusion_criteria</infon><infon key="lang">en</infon><offset>-1</offset><text>Illiteracy; visual and/or auditory deficit; descompensated clinical conditions.</text></passage><passage><infon key="section">primary_outcome</infon><infon key="lang">en</infon><offset>-1</offset><text>Improvement in the cognitive state verified by the augment in the mean value obtained in the tests: Mini Mental State examination, Verbal Fluency, Stroop Test and Trail Making Test A and B, administered before and after the intervention period.  Improvement in the affective state verified by the reduction in the mean value obtained in the  Geriatric Depression Scale (GDS-15), administered before and after the intervention period.</text></passage><passage><infon key="section">primary_outcome</infon><infon key="lang">pt-br</infon><offset>-1</offset><text>Melhora da função Cognitiva verificada por meio do aumento significativo na média dos valores obtidos nos testes: Mini Exame do Estado Mental, Fluência Verbal, Stroop Test e Trail Making Test A e B, aplicados nos períodos pré e pós intervenção.  Melhora no estado afetivo verificada por meio da redução significativa na média do valor obtido na Escala Geriátrica de Depressão (GDS-15), aplicada nos períodos pré e pós intervenção.</text></passage><passage><infon key="section">secondary_outcome</infon><infon key="lang">en</infon><offset>-1</offset><text>Increased functionality verified through tests sit and stand and Timed up &amp; go tests, considering significant reduction in the average of the values obtained in the measurements before and after intervention.</text></passage><passage><infon key="section">secondary_outcome</infon><infon key="lang">pt-br</infon><offset>-1</offset><text>Aumento da funcionalidade verificada por meio dos testes sentar e levantar e Timed up &amp; go, a partir da redução significativa na média dos valores obtidos nas medições pré e pós intervenção.</text></passage><passage><infon key="section">public_title</infon><infon key="lang">pt-br</infon><offset>-1</offset><text>"</text></passage><passage><infon key="section">scientific_title</infon><infon key="lang">pt-br</infon><offset>-1</offset><text>"</text></passage><passage><infon key="section">freetext</infon><infon key="lang">pt-br</infon><offset>-1</offset><text>Grupo experimental (programa de fortalecimento muscular): 20 participantes
Os exercícios realizados seguirão as recomendações descritas pelo American College of Sports Medicine </text></passage><passage><infon key="section">inclusion_criteria</infon><infon key="lang">pt-br</infon><offset>-1</offset><text>Idosos com 60 anos ou
mais; residentes na comunidade; capazes de caminhar com e sem dispositivo de auxílio;  déficit cognitivo leve. </text></passage><passage><infon key="section">exclusion_criteria</infon><infon key="lang">pt-br</infon><offset>-1</offset><text>Analfabetismo; déficit
visual e/ou auditivo; condições clínicas descompensadas.</text></passage></document></collection>