<?xml version="1.0" encoding="UTF-8"?><!DOCTYPE collection SYSTEM "BioC.dtd"><collection><source></source><date></date><key></key><document><id>RBR-29s6x3</id><passage><infon key="section">public_title</infon><infon key="lang">en</infon><offset>-1</offset><text>Physical exercise for hemodialysis patients</text></passage><passage><infon key="section">scientific_title</infon><infon key="lang">en</infon><offset>-1</offset><text>Physical exercise for hemodialysis patients: randomized trial</text></passage><passage><infon key="section">freetext</infon><infon key="lang">en</infon><offset>-1</offset><text>Kidney failure, chronic
Exercise</text></passage><passage><infon key="section">freetext</infon><infon key="lang">en</infon><offset>-1</offset><text>30 patients with chronic kidney disease will be allocated randomly into two groups: 15 in the control group and 15 in the intervention group. Participants of this study underwent a week of familiarization (three workouts) before starting the 12-week training protocol. During the week of familiarizing the participants adjusted the positioning of the bed and the mechanical cycle ergometer portable Altmayer (BM 3600, São Paulo, Brazil) in order to perform the activity comfortably. Still, participants were instructed individually to report perceived exertion provided by the Borg Scale 16. The next week the participants began the 12-week RT program three times a week on nonconsecutive days, performed in cycle ergometer. The trainings were conducted in the first two hours of HD, lasting 40 minutes, consisting of three steps: 1) heating (3 min) at low intensity (Borg 2-3 = 2) conditioning (30min) at moderate intensity (Borg = 6 and 7) and; 3) Cooling (3 min), low intensity (Borg = 2-3). Blood pressure was monitored at rest and after cooling with the use of sphygmomanometer (Tycos, DS44, Brazil). Heart rate and oxygen saturation were constantly monitored by cardiofrequencimentro (Polar RS800CX, Brazil) and portable oximeter (pulse oximeter TuffsatTM, São Paulo, Brazil).They are compared in pre and post values of IL-1beta interleukins, IL-6, IL-10, IL-12, IL-8 and TNF-alpha, addition of total cholesterol and fractions (HDL, LDL and triglycerides) and glycated hemoglobin.</text></passage><passage><infon key="section">inclusion_criteria</infon><infon key="lang">en</infon><offset>-1</offset><text>Aged 18 to 65, hemodialysis for a minimum period of three months; not use anti-inflammatory; to be able to physical exercise and sedentary for a period longer than or equal to 3 months.</text></passage><passage><infon key="section">exclusion_criteria</infon><infon key="lang">en</infon><offset>-1</offset><text>The presence of intense physical fatigue; chest pain; dizziness; pallor; syncope; tachycardia; hypotension; lower limb fatigue; weight gain interdialytic greater than 5 kilograms; difficult vascular access or any significant complaints of pain.</text></passage><passage><infon key="section">primary_outcome</infon><infon key="lang">en</infon><offset>-1</offset><text>Reduced amounts of pro-inflammatory cytokines IL-1beta, IL-6, TNF-alpha, IL-8 and IL-12 and increased anti-inflammatory cytokine IL-10, comparing the pre- and after 12 weeks of intervention in the group to perform aerobic training, this will be checked by analysis of variance (ANOVA) for repeated measures to analyze the effects of time and treatment interaction, statistical significance was set at p&lt; = 5% for all analyzes.</text></passage><passage><infon key="section">primary_outcome</infon><infon key="lang">pt-br</infon><offset>-1</offset><text>Redução dos valores das citocinas pró-inflamatórias IL-1beta, Il-6, TNF-alfa, IL-8 e IL-12 e aumento da citocina anti-inflamatória IL-10, comparando os momentos pré e pós 12 semanas de intervenção no grupo que realizar o treinamento aeróbio, isso será verificado através da análise de variância (ANOVA) de medidas repetidas para análisar os efeitos do tempo, tratamento e interação, a significância estatística foi estabelecida em p&lt;=5% para todas as análises.</text></passage><passage><infon key="section">secondary_outcome</infon><infon key="lang">en</infon><offset>-1</offset><text>Reduction in the values of total cholesterol HDL, LDL and triglycerides and reduction in glycated hemoglobin values by comparing pre and post 12 weeks of intervention the group perform aerobic training, this will be checked by analysis of variance (ANOVA) for repeated measures to analyze the effects of time, treatment and interaction, statistical significance was set at p&lt; = 5% for all analyzes.</text></passage><passage><infon key="section">secondary_outcome</infon><infon key="lang">pt-br</infon><offset>-1</offset><text>Redução dos valores do colesterol total HDL, LDL e triglicerídeos e redução dos valores de hemoglobina glicada comparando os momentos pré e pós 12 semanas de intervenção no grupo que realizar o treinamento aeróbio, isso será verificado através da análise de variância (ANOVA) de medidas repetidas para análisar os efeitos do tempo, tratamento e interação, a significância estatística foi estabelecida em p&lt;=5% para todas as análises.</text></passage><passage><infon key="section">public_title</infon><infon key="lang">pt-br</infon><offset>-1</offset><text>Exercício físico para pacientes em hemodiálise</text></passage><passage><infon key="section">scientific_title</infon><infon key="lang">pt-br</infon><offset>-1</offset><text>Exercício físico para pacientes em hemodiálise: ensaio randomizado</text></passage><passage><infon key="section">freetext</infon><infon key="lang">pt-br</infon><offset>-1</offset><text>30 pacientes portadores de doença renal crônica serão alocados aleatoriamente em dois grupos: 15 no grupo controle e 15 no grupo intervenção. Os participantes do presente estudo realizaram uma semana de familiarização (três treinos) antes de iniciar o protocolo de 12 semanas de treinamento. Durante a semana de familiarização os participantes ajustaram o posicionamento da cama e do cicloergômetro mecânico portátil Altmayer (BM 3600, São Paulo, Brasil) de forma a realizar a atividade confortavelmente. Ainda, os participantes foram instruídos, individualmente, a reportar percepção subjetiva do esforço provida pela Escala de Borg 16. Na semana seguinte os participantes iniciaram o programa de 12 semanas de TA, três vezes por semana em dias não consecutivos, realizado em cicloergômetro. Os treinos foram realizados nas duas horas iniciais da hemodiálise, com duração de  40 minutos, composto por três etapas: 1) aquecimento (3 min) em baixa intensidade (Borg = 2-3; 2) condicionamento (30min) em intensidade moderada (Borg = 6 e 7) e; 3) resfriamento (3 min), em baixa intensidade (Borg = 2-3). A pressão arterial foi monitorada no repouso e após o resfriamento com uso do esfigmomanômetro (Tycos, DS44, Brasil). A frequência cardíaca e a saturação de oxigênio foram constantemente monitoradas por meio de cardiofrequencimentro (Polar RS800CX, Brasil) e oxímetro portátil (oxímetro de pulso TuffsatTM, São Paulo, Brasil). 
os participantes do grupo controle foram orientados a manter os hábitos de vida diários.Serão comparados nos momentos pré e pós os valores das interleucinas IL-1beta, IL-6, IL-10, IL-12 IL-8 e TNF-alfa, além dos valores de colesterol total e frações (HDL, LDL e Triglicerídeos) e hemoglobina glicada.</text></passage><passage><infon key="section">inclusion_criteria</infon><infon key="lang">pt-br</infon><offset>-1</offset><text>Idade entre 18 a 65 anos; realização de hemodiálise por um período mínimo de 3 meses;
não usar anti-inflamatórios; estar apto a prática de Exercício Fisico e sedentários por um período maior ou igual a 3 meses.</text></passage><passage><infon key="section">exclusion_criteria</infon><infon key="lang">pt-br</infon><offset>-1</offset><text>A presença de cansaço físico intenso; dor torácica; vertigem; palidez; lipotimia; taquicardia; hipotensão; fadiga de membros inferiores; ganho de peso interdialítico maior do que 5 kilogramas; dificuldade no acesso vascular ou alguma queixa significativa de dor.
</text></passage></document></collection>