<?xml version="1.0" encoding="UTF-8"?><!DOCTYPE collection SYSTEM "BioC.dtd"><collection><source></source><date></date><key></key><document><id>RBR-2vtsmv</id><passage><infon key="section">public_title</infon><infon key="lang">en</infon><offset>-1</offset><text>Functional electrical stimulation on shoulder dislocation of individuals with stroke.</text></passage><passage><infon key="section">scientific_title</infon><infon key="lang">en</infon><offset>-1</offset><text>Functional electrical stimulation for shoulder subluxation after chronic stroke (AVE)</text></passage><passage><infon key="section">freetext</infon><infon key="lang">en</infon><offset>-1</offset><text>Shoulder Dislocation; Stroke</text></passage><passage><infon key="section">freetext</infon><infon key="lang">en</infon><offset>-1</offset><text>Patients will be randomly allocated into two groups: 10 patients in control group (CG) and other 10 patients in treatment group (TG). 
The GC will be inactive, while the GT will be submitted to 20 sessions, with an average duration of 45 minutes twice a week for functional electrical stimulation (FES) in the posterior deltoid and supraspinatus muscles and motor cinesioterapia for modulation of spastic tone. </text></passage><passage><infon key="section">inclusion_criteria</infon><infon key="lang">en</infon><offset>-1</offset><text>Patient with a history of ischemic stroke or hemorrhagic for over a year; both genders; aged between 40 and 70 years; presence of shoulder subluxation confirmed by radiography; submit disproportionate hemiparesis with brachial predominance.</text></passage><passage><infon key="section">exclusion_criteria</infon><infon key="lang">en</infon><offset>-1</offset><text>Pacemaker; presence of orthopedic disease and / or prior rheumatic shoulder; clinical instability (hypertension and diabetes mellitus uncontrolled); more than one episode of stroke; use of analgesic medication</text></passage><passage><infon key="section">primary_outcome</infon><infon key="lang">en</infon><offset>-1</offset><text>Reduction of shoulder subluxation and pain after physical therapy intervention with functional electrical stimulation in hemiplegic patients after chronic stroke.</text></passage><passage><infon key="section">primary_outcome</infon><infon key="lang">pt-br</infon><offset>-1</offset><text>Redução da subluxação do ombro e dor após a intervenção fisioterapêutica com eletroestimulação funcional em pacientes hemiparéticos pós Acidente Vascular Encefálico (AVE) crônico. </text></passage><passage><infon key="section">primary_outcome</infon><infon key="lang">en</infon><offset>-1</offset><text>There was a significant reduction in the degree of subluxation (p=0.05) and pain (p=0.001) in hemiparetic patients after stroke with subluxed shoulder.</text></passage><passage><infon key="section">primary_outcome</infon><infon key="lang">pt-br</infon><offset>-1</offset><text>Houve redução significativa do grau da subluxação (p=0,05) e dor (p=0,001) nos pacientes hemiparéticos pós-AVE crônico com ombro subluxado. </text></passage><passage><infon key="section">secondary_outcome</infon><infon key="lang">en</infon><offset>-1</offset><text>Verification of spasticity, range of motion and functional evaluation of the upper limb.</text></passage><passage><infon key="section">secondary_outcome</infon><infon key="lang">pt-br</infon><offset>-1</offset><text>Verificação da espasticidade, amplitude de movimento e avaliação funcional do membro superior. </text></passage><passage><infon key="section">secondary_outcome</infon><infon key="lang">en</infon><offset>-1</offset><text>There was no change in spasticity, range of motion and function of the upper limb after intervention.</text></passage><passage><infon key="section">secondary_outcome</infon><infon key="lang">pt-br</infon><offset>-1</offset><text>Não houve alteração da espasticidade, amplitude de movimento e funcionalidade do membro superior após a intervenção.</text></passage><passage><infon key="section">public_title</infon><infon key="lang">pt-br</infon><offset>-1</offset><text>Estimulação elétrica funcional no deslocamento do ombro de indivíduos com derrame cerebral. 
</text></passage><passage><infon key="section">scientific_title</infon><infon key="lang">pt-br</infon><offset>-1</offset><text>Estimulação elétrica funcional na subluxação crônica do ombro após acidente vascular encefálico (AVE)</text></passage><passage><infon key="section">freetext</infon><infon key="lang">pt-br</infon><offset>-1</offset><text>Os pacientes serão alocados randomicamente em dois grupos: 10 pacientes no grupo controle (GC) e outros 10 no grupo tratamento (GT). 
O GC será inativo, enquanto o GT será submetido a 20 sessões, com duração média de 45 minutos, duas vezes por semana de eletroestimulação funcional (EEF) nos músculos deltóide posterior e supra-espinal e cinesioterapia motora para modulação do tônus espástico.</text></passage><passage><infon key="section">inclusion_criteria</infon><infon key="lang">pt-br</infon><offset>-1</offset><text>Paciente com histórico de Acidente Vascular Encefálico isquêmico ou hemorrágico há mais de um ano; ambos os gêneros; idade entre 40 e 70 anos; presença de subluxação do ombro confirmada por radiografia; apresentar hemiparesia desproporcionada com predomínio braquial.</text></passage><passage><infon key="section">exclusion_criteria</infon><infon key="lang">pt-br</infon><offset>-1</offset><text>Portadores de marcapasso; presença de doença ortopédica e/ou reumatológica prévia no ombro; instabilidade clínica (hipertensão arterial e diabetes mellitus não controlados); mais de um episódio de AVE; uso de medicação analgésica</text></passage></document></collection>