<?xml version="1.0" encoding="UTF-8"?><!DOCTYPE collection SYSTEM "BioC.dtd"><collection><source></source><date></date><key></key><document><id>RBR-2g27zn</id><passage><infon key="section">public_title</infon><infon key="lang">en</infon><offset>-1</offset><text>Effect of the physical training in community-dwelling older women: randomized clinical assay</text></passage><passage><infon key="section">scientific_title</infon><infon key="lang">en</infon><offset>-1</offset><text>Effectiveness of the training with isolated load, training with load associated with the aerobic and isolated aerobic training on the functional and muscular performance, on the plasmáticas concentrations of inflammatory mediators and on the satisfaction with the life in community-dwelling older women</text></passage><passage><infon key="section">freetext</infon><infon key="lang">en</infon><offset>-1</offset><text>Sarcopenia, musculoskeletal disfunction, functional capacity</text></passage><passage><infon key="section">freetext</infon><infon key="lang">en</infon><offset>-1</offset><text>The group of isolated load training (GFM) will go to carry through exercises with load for inferior members, by means of the rank of load adjusted for each participant. The program will be composed of exercises eccentric and concentric, for the extensores and flexores of knee, guided and folloied for one of the researchers. The used load will be the correspondent 75% of 1 RM, calculated to each participant. The exercises will be carried through during 10 weeks or 30 consecutive sessions, 3 times/week. Each exercise will be carried through with 8 repetitions and 3 series, interval of recovery of 30 seconds between each series and one minute between each exercise. The group load training associated with the aerobic exercise (GAFM) will carry through the same exercises for inferior members, resisted, with load adjusted for each volunteer, as described for the group GFM, associates to trainings aerobic previous. The aerobico training will be carried through at the beginning of the session, by means of walked, in mat, during 30 minutes, with moderate intensity (65-75% of the foreseen maximum FC for the age - FCmax). The aged ones will be monitored by researchers that will guarantee the reach of the intensity during all period of aerobic training. The third group will be the group of isolated aerobic training(GA) that it will go to carry through a aerobic training, by means of walked, in mat, during 30 minutes, with moderate intensity (65-75% of the FCmax). The aged ones will be monitored by researchers that will guarantee the reach of the intensity during all period of aerobic training. After the period of intervention, all the volunteers will be reevaluated in the same way that previously to the intervention.  </text></passage><passage><infon key="section">inclusion_criteria</infon><infon key="lang">en</infon><offset>-1</offset><text>Aging, community-dwelderly women, without distinction of race and/or social class, with equal age or above of 65 years old.</text></passage><passage><infon key="section">exclusion_criteria</infon><infon key="lang">en</infon><offset>-1</offset><text>Previously submitted the orthopeadic surgeries of the inferiors members and/or with history of fracture it less has of one year; those that will not be capable to walking without aid; carrying of neurological illnesses; that to present some type of inflammatory illness in the acute phase that they can intervene with the tests; neoplasia in the five previous years; that to use drugs with ample action on the immunological system; that to present detectable cognitivas alterations by means of Mini-Examination of the Mental State; that to carry through physical activity of regular form for more than two times in the week;  to make use of some type of canal choke of calciun (Ca++), inhibitors of the Converting Converting Enzyme of Angiotensina II (ECA) and use of estatinas. </text></passage><passage><infon key="section">primary_outcome</infon><infon key="lang">en</infon><offset>-1</offset><text>Functional performance evaluated by the Timed up and go test (TUG), walked speed test of 10m (TC10), test of seat-stand and shuttle walking test (SWT).The TUG consists of the accomplishment of the task of raising of a chair standard of 45 cm of height, to walk for three meters, to turn, to come back and to seat in the same chair. The time expended for the accomplishment of all the passage was used for analysis. The test seat-stand consists of the task of seat-stand of a chair, five consecutive times, with the crossed arms the front of the trunk. The time expended for the accomplishment of the complete task is used for analysis.  In the TC10, the volunteer was guided to walk, in its normal passed one, for a plain passage of 14 meters. The two initial meters for acceleration and two ends for the deceleration had been disrespected. The displacement time, in seconds, by the 10 meters, was written down and used for analysis.  The SWT is composed for 12 periods of training, being the speed of the first period of training of 0,5 meters for second and to each period of training the speed increases 0,17 meters for second. Before initiating the test, the arterial pressure (Pará) and the cardiac frequency (FC) they had been mensuradas. The volunteer was instructed to walk in a running plan, with ten meters of gone and ten meters in return. The volunteer initially, after to hear a sonorous signal, initiated the walked one until the end of the passage. Each new period of training was initiated with a sound with different characteristic, indicating the necessity to increase the speed of the walked one. When the volunteer reached the end of the passage before the signal, it was guided to wait the drive of the following signal marching in the place. In case that the participant had not reached the end of the passage for two consecutive times, the test was interrupted. In the distance total covered in the test it was calculated and used as given of the performance in the test, disrespecting the last return not completed. </text></passage><passage><infon key="section">primary_outcome</infon><infon key="lang">pt-br</infon><offset>-1</offset><text>Desempenho funcional avaliado pelo teste Timed up and go (TUG), teste de velocidade de marcha em 10m (TC10), teste de sentar-levantar e shuttle walking test (SWT). O TUG consiste na realização da tarefa de levantar de uma cadeira padrão de 45 cm de altura, caminhar por três metros, girar, voltar e sentar na mesma cadeira. O tempo despendido para a realização de todo o percurso foi utilizado para análise. O teste sentar-levantar consiste da tarefa de sentar-levantar de uma cadeira, cinco vezes consecutivas, com os braços cruzados a frente do tronco. O tempo despendido para a realização da tarefa completa é usado para análise.  No TC10, a voluntária foi orientada a caminhar, na sua passada normal, por um percurso plano de 14 metros. Os dois metros iniciais para aceleração e dois finais para a desaceleração foram desconsiderados. O tempo de deslocamento, em segundos, pelos 10 metros, foi anotado e utilizado para análise.  O SWT é composto por 12 estágios, sendo a velocidade do primeiro estágio de 0,5 metros por segundo e a cada estágio a velocidade aumenta 0,17 metros por segundo. Antes de iniciar o teste, a pressão arterial (PA) e a freqüência cardíaca (FC) foram mensuradas. A voluntária foi instruída a caminhar num corredor plano, com dez metros de ida e dez metros de volta. A voluntária inicialmente, após ouvir um sinal sonoro, iniciou a caminhada até o final do percurso. Cada novo estágio iniciou-se com um som com característica diferente, indicando a necessidade de aumentar a velocidade da caminhada. Quando a voluntária alcançou o final do percurso antes do sinal, ela foi orientada a aguardar o acionamento do sinal seguinte marchando no lugar. Caso a participante não tivesse alcançado o final do percurso por duas vezes consecutivas, o teste foi interrompido. A distância total percorrida no teste foi calculada e utilizada como dado do desempenho no teste, desconsiderando a última volta não completada. </text></passage><passage><infon key="section">secondary_outcome</infon><infon key="lang">en</infon><offset>-1</offset><text>Plasmatics indices of inflammatory mediators (Il-6 and TNF) mensuread high-sensibility lits by ELISA; muscular force of the inferior members esteem by the seat-stand test; force of manual hold evaluated by the Jamar dynamometer; clinical and antropometrical measures (circumference of waist, index of corporal mass, ponderal weight); satisfaction with the life (two questions of the Center of Epidemiological Studies Depression Scale - CES-D); cognitives aspects for Addenbrooke’s Cognitive Examination - Revised(ACE-R) and Depression geriatrics scale; urinary and fecal incontinence for the fecal constipation (fecal contipation system)and micicional frequencie;   </text></passage><passage><infon key="section">secondary_outcome</infon><infon key="lang">pt-br</infon><offset>-1</offset><text>Indices plasmáticos de mediadores inflamatórios (Il-6 e TNF) mensurados por kits de alta-sensibilidade como ELISA; força muscular dos membros inferiores estimada pelo teste de sentar-levantar; força de preensão manual avaliada pelo dinamômetro Jamar; medidas clínicas e antropométricas (circunferência de cintura, índice de massa corpórea, peso ponderal); satisfação com a vida por duas perguntas do questionário Center of Epidemiological Studies Depression Scale (CES-D); apectos cognitivos por meio do Addenbrooke’s Cognitive Examination - Revised(ACE-R)e escala de depressão geriátrica; presença de incontinência urinária e fecal por meio dos quetionários de contipação fecal (sistema de constipação fecal) e diário miccional;   </text></passage><passage><infon key="section">public_title</infon><infon key="lang">pt-br</infon><offset>-1</offset><text>Efeito do treinamento físico em idosas da comunidade: ensaio clínico aleatório </text></passage><passage><infon key="section">scientific_title</infon><infon key="lang">pt-br</infon><offset>-1</offset><text>Eficácia do treinamento com carga isolado, treinamento com carga associado ao aeróbico e treinamento aeróbico isolado no desempenho funcional, muscular, nas concentrações plasmáticas de mediadores inflamatórios e na satisfação com a vida em idosas comunitárias</text></passage><passage><infon key="section">freetext</infon><infon key="lang">pt-br</infon><offset>-1</offset><text>O grupo de treinamento de carga isolado (GFM) irá realizar exercícios com carga para membros inferiores, por meio da colocação de caneleiras, garantindo a utilização de carga adequada para cada participante. O programa será composto de exercícios excêntricos e concêntricos, para os extensores e flexores de joelho, orientados e acompanhados por um dos pesquisadores. A carga utilizada será a correspondente a 75% de uma resistência máxima (1 RM), calculados a cada duas semanas. Os exercícios serão realizados durante 10 semanas ou 30 sessões consecutivas, 3x/semana. Cada exercício será realizado com 8 repetições e 3 séries, com intervalo de recuperação de 30 segundos entre cada série e um minuto entre cada exercício. O grupo treinamento de carga associado ao aeróbio (GAFM) realizará os mesmos exercícios para membros inferiores, resistidos, com carga adequada para cada voluntária, como descrito para o grupo GFM, associados a um treino aeróbico prévio. O treinamento aeróbico será realizado no início da sessão, por meio de caminhada, em esteira, durante 30 minutos, com intensidade moderada (65-75% da FC máxima prevista para a idade - FCmax). As idosas serão monitoradas por pesquisadores que garantirão o alcance da intensidade durante todo período de treinamento aeróbico. O terceiro grupo será o grupo de treinamento aeróbico isolado (GA) que irá realizar um treinamento aeróbico, por meio de caminhada, em esteira, durante 30 minutos, com intensidade moderada (65-75% da FCmax). As idosas serão monitoradas por pesquisadores que garantirão o alcance da intensidade durante todo período de treinamento aeróbico. Após o período de intervenção, todas as voluntárias serão reavaliadas da mesma forma que anteriormente à intervenção. 
</text></passage><passage><infon key="section">inclusion_criteria</infon><infon key="lang">pt-br</infon><offset>-1</offset><text>Idosas, moradoras da comunidade, sem distinção de raça e/ ou classe social, com idade igual ou acima de 65 anos.
 </text></passage><passage><infon key="section">exclusion_criteria</infon><infon key="lang">pt-br</infon><offset>-1</offset><text>Idosas submetidas previamente a cirurgias ortopédicas dos membros inferiores (MMII) e/ ou com história de fratura há menos de um ano; aquelas que não forem capazes de deambular sem auxílio; portadoras de doenças neurológicas; que apresentarem algum tipo de doença inflamatória na fase aguda que possam interferir nos testes e no programa de treinamento; neoplasia em atividade nos cinco anos anteriores; que usarem medicamento com ação ampla sobre o sistema imunológico; que apresentarem alterações cognitivas detectáveis por meio do Mini-Exame do Estado Mental; que realizarem atividade física de forma regular por mais de duas vezes na semana; fazer uso de algum tipo de bloqueador de canal de cálcio, inibidores da Enzima Conversora de Angiotensina II (ECA) e uso de estatinas. 
</text></passage></document></collection>