<?xml version="1.0" encoding="UTF-8"?><!DOCTYPE collection SYSTEM "BioC.dtd"><collection><source></source><date></date><key></key><document><id>RBR-2st594</id><passage><infon key="section">public_title</infon><infon key="lang">en</infon><offset>-1</offset><text>Integrated design : characterization of children with neurological disorders who perform physiotherapy
</text></passage><passage><infon key="section">scientific_title</infon><infon key="lang">en</infon><offset>-1</offset><text>Integrated design: user characterization and effects of neuromotor intensive therapy  and aquatic physical therapy in children with neuromotor disorders</text></passage><passage><infon key="section">freetext</infon><infon key="lang">en</infon><offset>-1</offset><text>cerebral palsy ; encephalopathies ; pathological conditions , signs and symptoms</text></passage><passage><infon key="section">freetext</infon><infon key="lang">en</infon><offset>-1</offset><text>Both in retrospective studies ( phase 1 ) and in prospective (Phase 2) children will be assessed pre and post intervention intervention by module as the tone, GMFCS ( if applicable ) and GMFM 88 .
For prospective studies will be used pre- and post treatment by GMFM 88 and 66 , GMFCS , balance scale ( EEP ) , Observational gait assessment (EOM ) , activity of daily living through ORDERED , manual evaluation by MACS and QUEST quality of life using the CHQ- PF50 and PedsQL ™. anthropometric data will be used , analysis by EMG . When aquatic environment assessment will be through the AFAS scale.</text></passage><passage><infon key="section">inclusion_criteria</infon><infon key="lang">en</infon><offset>-1</offset><text>clinical diagnosis of pathology that causes motor neurone disorder such as cerebral palsy syndromes or delays in motor development ; medical indication for the procedure; age 0-18 years; both sexes ; with consent by parents and / or family</text></passage><passage><infon key="section">exclusion_criteria</infon><infon key="lang">en</infon><offset>-1</offset><text>subluxation of the hip ; acute fractures ; severe scoliosis ; uncontrolled seizures ; serious intellectual delay ; spasticity with severe angle </text></passage><passage><infon key="section">primary_outcome</infon><infon key="lang">en</infon><offset>-1</offset><text>development of motor skills in children with neuromotor disorders undergoing intensive neuromotor therapy , early stimulation and / or aquatic therapy evidenced by the increase in scores in percentage of GMFM at least 5%  </text></passage><passage><infon key="section">primary_outcome</infon><infon key="lang">pt-br</infon><offset>-1</offset><text>Incremento de habilidades motoras em crianças com desordens neuromotoras submetidas à terapia neuromotora intensiva, estimulação precoce e/ou fisioterapia aquática evidenciados pelo aumento dos escores em porcentagem da GMFM em pelo menos 5%  </text></passage><passage><infon key="section">secondary_outcome</infon><infon key="lang">en</infon><offset>-1</offset><text>Balance improves evidencido by the EEP scores , improved posture analyzed by alignment values ??difference in photometry , improved quality of life. It is expected an improvement of at least 5 % in the average values ??in the variables balance , posture , quality of life measured by EEP instruments , photometry and PedsQL</text></passage><passage><infon key="section">secondary_outcome</infon><infon key="lang">pt-br</infon><offset>-1</offset><text>melhora das do equilíbrio evidenciado pelos escores da EEP, melhora na postura analisado por meio da diferença de valores de alinhamento na fotometria, melhora na qualidade de vida É esperada uma melhora de pelo menos 5% nos valores médios obtidos, nas variáveis equilíbrio, postura, qualidade de vida medidas pelos instrumentos EEP, fotometria e PEdsQl</text></passage><passage><infon key="section">public_title</infon><infon key="lang">pt-br</infon><offset>-1</offset><text>Projeto integrado: caracterização de crianças com alterações neurológicas que realizam fisioterapia</text></passage><passage><infon key="section">scientific_title</infon><infon key="lang">pt-br</infon><offset>-1</offset><text>Projeto integrado: caracterização de usuários e efeitos da terapia neuromotora intensiva e fisioterapia aquática em crianças com desordens neuromotoras</text></passage><passage><infon key="section">freetext</infon><infon key="lang">pt-br</infon><offset>-1</offset><text>Tanto nos estudos retrospectivos (fase 1) como nos prospectivos (fase 2) as crianças serão avaliadas pré intervenção e pós intervenção, por módulo quanto ao tônus, GMFCS (quando for o caso) e GMFM 88.
Para os estudos prospectivos serão utilizadas avaliações pré e pós tratament</text></passage><passage><infon key="section">inclusion_criteria</infon><infon key="lang">pt-br</infon><offset>-1</offset><text>diagnóstico clínico de patologia que ocasione desordem neuromotora como paralisia cerebral síndromes ou atrasos no desenvolvimento motor; indicação médica para procedimento; idade de 0 a 20 anos; ambos os sexos; com consentimento pelos pais e/ou familiares</text></passage><passage><infon key="section">exclusion_criteria</infon><infon key="lang">pt-br</infon><offset>-1</offset><text>subluxação de quadril; fraturas agudas;  escoliose severa;convulsões descontroladas; atraso intelectual grave; espasticidade severa com ângulo </text></passage></document></collection>