<?xml version="1.0" encoding="UTF-8"?><!DOCTYPE collection SYSTEM "BioC.dtd"><collection><source></source><date></date><key></key><document><id>RBR-2hx7p2</id><passage><infon key="section">public_title</infon><infon key="lang">en</infon><offset>-1</offset><text>Comparison of the effects of two anesthetic protocols on the glycemic levels of patients undergoing extraction.</text></passage><passage><infon key="section">scientific_title</infon><infon key="lang">en</infon><offset>-1</offset><text>Comparison of the effects of 2% lidocaine solutions with adrenaline 1: 100,000 and prilocaine 3% with felipressin 0.054 iu / ml in concentrations of blood glucose during exodontia.</text></passage><passage><infon key="section">freetext</infon><infon key="lang">en</infon><offset>-1</offset><text>Diabetes mellitus</text></passage><passage><infon key="section">freetext</infon><infon key="lang">en</infon><offset>-1</offset><text>Between June 2015 and November 2016, a prospective study will be carried out on 60 diabetic patients with simple exodontic needs and who seek dental surgery at the outpatient clinic of Oral Surgery I, Department of Dentistry, Federal University of Sergipe, Aracaju, Sergipe, Brazil. .
During phase I all participants will have baseline body parameters measured, such as blood pressure, heart rate, saturation and capillary glycemic levels (T0). Patients who present blood pressure less than or equal to 140 by 90, heart rate less than 100 bpm, saturation above 97, and post-pandial glycemic levels of 250 mg / dL will be recommended for the next phase.</text></passage><passage><infon key="section">inclusion_criteria</infon><infon key="lang">en</infon><offset>-1</offset><text>Patients older than 18 who will sign the TCLE; Medication-controlled diabetes mellitus; Patients in need of a simple exodontia in the mandible region using as an anesthetic technique the blockage of the inferior and buccal alveolar nerve; Surgical difficulties similar.</text></passage><passage><infon key="section">exclusion_criteria</infon><infon key="lang">en</infon><offset>-1</offset><text>Patients under 18 years of age; Any general health problems, based on medical history and physical examination;History of use of any type of medicine in the 15 days prior to the beginning of the research;History of hypersensitivity to drugs, substances or materials used in this experiment;Pregnancy or lactation;Anatomical location of the tooth unfavorable to the inferior alveolar and buccal nerve block.</text></passage><passage><infon key="section">primary_outcome</infon><infon key="lang">en</infon><offset>-1</offset><text>Evaluation of glycemic levels in diabetic patients submitted to exodontia. The method used: capillary glycemic test. Application of statistical tests: t test of studant and anova of one and two ways. With confidence index of 95%</text></passage><passage><infon key="section">primary_outcome</infon><infon key="lang">pt-br</infon><offset>-1</offset><text>avaliação dos níveis glicêmicos nos pacientes diabéticos submetidos a exodontia.  o método utilizado: teste glicemicos por capilaridade.  aplicação de teste estatísticos: TESTE t de studant e anova de um e duas vias. Com índice de confianção de 95%. </text></passage><passage><infon key="section">secondary_outcome</infon><infon key="lang">en</infon><offset>-1</offset><text>Secondary outcomes are not expected</text></passage><passage><infon key="section">secondary_outcome</infon><infon key="lang">pt-br</infon><offset>-1</offset><text>Não são esperados desfechos secundários</text></passage><passage><infon key="section">public_title</infon><infon key="lang">pt-br</infon><offset>-1</offset><text>Comparação dos efeitos de dois protocolos anestésicos sobre os níveis glicêmicos de pacientes submetidos a extração. </text></passage><passage><infon key="section">scientific_title</infon><infon key="lang">pt-br</infon><offset>-1</offset><text>Comparação dos efeitos das soluções de lidocaína 2% com adrenalina 1: 100.000 e prilocaína 3% com felipressina 0,054 ui / ml nas concentrações de glicose sanguínea durante exodontia.</text></passage><passage><infon key="section">freetext</infon><infon key="lang">pt-br</infon><offset>-1</offset><text>Entre junho de 2015 e novembro de 2016, um estudo prospectivo será realizado em 60 pacientes diabéticos com necessidade de exodontia simples e que busquem por atendimento odontológico o ambulatório de Cirurgia oral I do Departamento de Odontologia da Universidade Federal de Sergipe, Aracaju, Sergipe, Brasil. 
Durante a fase I todos os participantes terão os parâmetros corporais basais medidos, como a pressão arterial, frequência cardíaca, saturação e níveis glicêmicos por capilaridade (T0). Serão recomendado para a fase seguinte pacientes que apresentar pressão arterial inferior ou igual a 140 por 90, frequência cardíaca inferior a 100 bpm, saturação acima de 97 e níveis glicêmicos de pós pandial de 250 mg/dL.</text></passage><passage><infon key="section">inclusion_criteria</infon><infon key="lang">pt-br</infon><offset>-1</offset><text>Pacientes acima de 18 que assinarão o TCLE; Diabetes Mellitus controlada por medicação; Pacientes com necessidade de um exodontia simples na região de mandíbula utilizando como técnica anestésica o bloqueio do nervo alveolar inferior e bucal, em posições de Dificuldades cirúrgicas similares. 
</text></passage><passage><infon key="section">exclusion_criteria</infon><infon key="lang">pt-br</infon><offset>-1</offset><text>Pacientes com menos de 18 anos de idade; Qualquer problema de saúde geraL; História de uso de qualquer tipo de medicamento nos 15 dias que antecederam o início da pesquisa; História de hipersensibilidade às drogas, substâncias ou materiais empregados neste experimento; Gravidez ou lactação;Localização anatômica do dente desfavorável ao bloqueio do nervo alveolar inferior e bucal. 
</text></passage></document></collection>