<?xml version="1.0" encoding="UTF-8"?><!DOCTYPE collection SYSTEM "BioC.dtd"><collection><source></source><date></date><key></key><document><id>RBR-5n3mtj</id><passage><infon key="section">public_title</infon><infon key="lang">en</infon><offset>-1</offset><text>Effects of laser therapy on the masseter of children with spastic cerebral palsy</text></passage><passage><infon key="section">scientific_title</infon><infon key="lang">en</infon><offset>-1</offset><text>Effects of photobiomodulation on the masseter of children with spastic cerebral palsy</text></passage><passage><infon key="section">freetext</infon><infon key="lang">en</infon><offset>-1</offset><text>Cerebral palsy</text></passage><passage><infon key="section">freetext</infon><infon key="lang">en</infon><offset>-1</offset><text>The experiemental group will be composed of 30 children diagnosed with cerebral palsy whose caregivers to report difficulty in cleaning by decreased mouth opening, locking utensils used for food and story plot in oral tissues.

Two ultrasound examinations of the muscles masseter left right will be realized. The first before the photobiostimulation and the second after 6 weeks.</text></passage><passage><infon key="section">inclusion_criteria</infon><infon key="lang">en</infon><offset>-1</offset><text>Cerebral palsy diagnosis of spastic type;
with or without complaints of pain mouth opening; </text></passage><passage><infon key="section">exclusion_criteria</infon><infon key="lang">en</infon><offset>-1</offset><text>Patients diagnosed with cerebral palsy spastic type associated with syndromes or other disabling condition.</text></passage><passage><infon key="section">primary_outcome</infon><infon key="lang">en</infon><offset>-1</offset><text>The expected outcome is to change the thickness of the masseter muscle.  The method used to check the expected outcome will be the sonographic examination of the thickness of the masseter muscle  The parameter to be used to evaluate the occurrence of the outcome of the verification is a variation of at least 5% in pre and post-intervention measurements by means of ultrasound method of the masseter</text></passage><passage><infon key="section">primary_outcome</infon><infon key="lang">pt-br</infon><offset>-1</offset><text>O desfecho esperado é a alteração da espessura do músculo masseter.  O  método empregado para verificar o desfecho esperado será o exame de  ultrassonográfica da espessura do músculo masseter   O parâmetro a ser empregado para avaliar a ocorrência do desfecho será a constatação de uma variação de pelo menos 5% nas medições pré e pós intervenção, por meio do método de ultrassonografia do músculo masseter</text></passage><passage><infon key="section">secondary_outcome</infon><infon key="lang">en</infon><offset>-1</offset><text>The expected outcome is to reduce the pain described by the caregiver.  Visual analog scale (VAS) is the method used to verify the expected outcome.  The parameter to be used to evaluate the occurrence of the outcome will be based on the statement of a variation of at least 5% in pre and post intervention measurements, checked by visual analog scale (VAS) by caregiver report.</text></passage><passage><infon key="section">secondary_outcome</infon><infon key="lang">pt-br</infon><offset>-1</offset><text>O desfecho esperado é a  redução da dor descrita pelo cuidador.  Escala Visual Analógica (EVA) será o  método empregado para verificar o desfecho esperado.   O parâmetro a ser empregado para avaliar a ocorrência do desfecho será a partir da constatação de uma variação de pelo menos 5% nas medições pré e pós intervenção, verificado por meio da Escala Visual Analógica (EVA) pelo relato do cuidador. </text></passage><passage><infon key="section">public_title</infon><infon key="lang">pt-br</infon><offset>-1</offset><text>	
Efeito da  laserterapia  no músculo masseter de crianças com paralisia cerebral</text></passage><passage><infon key="section">scientific_title</infon><infon key="lang">pt-br</infon><offset>-1</offset><text>Efeito da fotobiomodulação no músculo masseter de crianças com paralisia cerebral</text></passage><passage><infon key="section">freetext</infon><infon key="lang">pt-br</infon><offset>-1</offset><text>Grupo experimental: Será composto por 30 crianças  com diagnóstico de paralisia cerebral, cujos  cuidadores relatem dificuldade de higienização por diminuição de abertura bucal, travamento de utensílios usados para a alimentação e história de trama em tecidos orais. 

Serão realizados 2 exames ultrassonográficos dos músculos masseteres direito esquerdo. O primeiro antes do início da fotobioestimulação e o segundo após 6 semanas.</text></passage><passage><infon key="section">inclusion_criteria</infon><infon key="lang">pt-br</infon><offset>-1</offset><text>Tamanho da amostra n=90

Diagnóstico de paralisia ce</text></passage><passage><infon key="section">exclusion_criteria</infon><infon key="lang">pt-br</infon><offset>-1</offset><text>Pacientes com diagnóstico de paralisia cerebral do tipo espástico associado a síndromes ou outra condição física incapacitante. </text></passage></document></collection>