<?xml version="1.0" encoding="UTF-8"?><!DOCTYPE collection SYSTEM "BioC.dtd"><collection><source></source><date></date><key></key><document><id>RBR-25gnjc</id><passage><infon key="section">public_title</infon><infon key="lang">en</infon><offset>-1</offset><text>Simulation in the nursing student</text></passage><passage><infon key="section">scientific_title</infon><infon key="lang">en</infon><offset>-1</offset><text>Effect of simulation in the nursing student</text></passage><passage><infon key="section">freetext</infon><infon key="lang">en</infon><offset>-1</offset><text>Heart Arrest</text></passage><passage><infon key="section">freetext</infon><infon key="lang">en</infon><offset>-1</offset><text>30 nursing students participate individually in a clinical simulation of cardiopulmonary resuscitation in the laboratory, using low-fidelity mannequins.</text></passage><passage><infon key="section">inclusion_criteria</infon><infon key="lang">en</infon><offset>-1</offset><text>Second or third year degree in Nursing. To have 18 years old or more. Have not had prior contact with courses or first aid and emergency training.</text></passage><passage><infon key="section">exclusion_criteria</infon><infon key="lang">en</infon><offset>-1</offset><text>Technical training in nursing. Professional role as technician or nursing assistant. First aid training. Participate in research projects or extension that deal with the subject will be excluded from the sample.</text></passage><passage><infon key="section">primary_outcome</infon><infon key="lang">en</infon><offset>-1</offset><text>It is expected that students demonstrate greater self-confidence to act in an emergency after the simulation. Will apply to self scale before and after the clinical simulation of cardiopulmonary arrest in laboratório.Serão applied statistical tests to check the effect of simulation in the self-confidence of students, being considered significant p &lt;0.05.</text></passage><passage><infon key="section">primary_outcome</infon><infon key="lang">pt-br</infon><offset>-1</offset><text>Se espera que os estudantes demonstrem maior autoconfiança para atuar em emergência após a simulação. Será aplicada a escala de autoconfiança antes e depois da simulação clínica de parada cardiorrespiratória em laboratório.Serão aplicados testes estatísticos para verificar o efeito da simulação na autoconfiança dos estudantes, sendo considerado significativo o valor de p &lt; 0,05.</text></passage><passage><infon key="section">secondary_outcome</infon><infon key="lang">en</infon><offset>-1</offset><text>Not applied. </text></passage><passage><infon key="section">secondary_outcome</infon><infon key="lang">pt-br</infon><offset>-1</offset><text>Não se aplica</text></passage><passage><infon key="section">public_title</infon><infon key="lang">pt-br</infon><offset>-1</offset><text>Simulação na autoconfiança de estudantes de enfermagem </text></passage><passage><infon key="section">scientific_title</infon><infon key="lang">pt-br</infon><offset>-1</offset><text>Efeito da simulação na autoconfiança de estudantes de enfermagem para atuação em emergência</text></passage><passage><infon key="section">freetext</infon><infon key="lang">pt-br</infon><offset>-1</offset><text>30 estudantes de enfermagem participarão, individualmente, de uma simulação clínica de ressuscitação cardiopulmonar, em laboratório, com uso de manequins de baixa fidelidade.</text></passage><passage><infon key="section">inclusion_criteria</infon><infon key="lang">pt-br</infon><offset>-1</offset><text>Segundo ou terceiro ano de graduação em Enfermagem. Idade igual ou superior a 18 anos. Não ter tido contato prévio com cursos ou treinamentos de primeiros socorros ou emergência.</text></passage><passage><infon key="section">exclusion_criteria</infon><infon key="lang">pt-br</infon><offset>-1</offset><text>Formação técnica em enfermagem. Atuação profissional como técnico ou auxiliar de enfermagem. Possuir treinamento de primeiros socorros. Participação em projetos de pesquisa ou extensão que versem sobre a temática serão excluídos da amostra.</text></passage></document></collection>