<?xml version="1.0" encoding="UTF-8"?><!DOCTYPE collection SYSTEM "BioC.dtd"><collection><source></source><date></date><key></key><document><id>RBR-5v3kg9</id><passage><infon key="section">public_title</infon><infon key="lang">en</infon><offset>-1</offset><text>Treadmill Gait Training for Children with Cerebral Palsy
</text></passage><passage><infon key="section">scientific_title</infon><infon key="lang">en</infon><offset>-1</offset><text>Treadmill Training Without Body Weight Support on Children with Cerebral Palsy</text></passage><passage><infon key="section">freetext</infon><infon key="lang">en</infon><offset>-1</offset><text>Cerebral palsy. Gait disorders neurologic.</text></passage><passage><infon key="section">freetext</infon><infon key="lang">en</infon><offset>-1</offset><text>19 children in the experimental group will undergo the gait training on a treadmill using two weekly sessions for a period of seven consecutive weeks. The first two sessions will be considered for recognition of the mat and the training will be conducted with a high speed gradually according to the tolerance of the child. Used for training will be 60-80% of the maximum speed reached during the exercise test. The child will use their usual brace, properly placed by the physiotherapist. 19 control children will undergo the gait training ground. The child uses its own bracing and when necessary to use auxiliary normal gait. Preliminary assessment will be conducted in order to verify that the auxiliary gear is appropriately sized for children. If not, it will be regulated. The first two sessions will be free to recognize the environment, and self-selected speed for the child, as well as the duration of training. In the six weeks training will last 30 minutes. In the beginning and end five minutes the child will be asked to walk at a speed comfortable and autoselecionada. In the middle 20 minutes the child will be encouraged to increase speed. You can not monitor the speed of training of this group. The heart rate will be monitored to ensure no overload on the cardiovascular system. All participants will be asked to maintain their daily activities and therapy sessions.</text></passage><passage><infon key="section">inclusion_criteria</infon><infon key="lang">en</infon><offset>-1</offset><text>Children with cerebral palsy. Age between three and 12 years. Absence of cognitive or visual impairment that could compromise the performance of the tasks. Levels I, II and III of the Gross Motor Functional Classification System (GMFCS). Functional ambulation for at least 12 months.</text></passage><passage><infon key="section">exclusion_criteria</infon><infon key="lang">en</infon><offset>-1</offset><text>Orthopedic surgical procedures or neuromuscular block in the 12 months prior to the training sessions. Presence of orthopedic deformities with surgical indications.
</text></passage><passage><infon key="section">primary_outcome</infon><infon key="lang">en</infon><offset>-1</offset><text>Improvement in functional mobility and fitness evaluated by testing six-minute walk.</text></passage><passage><infon key="section">primary_outcome</infon><infon key="lang">pt-br</infon><offset>-1</offset><text>Melhora da mobilidade funcional e do condicionamento físico avaliados através do teste de caminhada de seis minutos.</text></passage><passage><infon key="section">secondary_outcome</infon><infon key="lang">en</infon><offset>-1</offset><text>Improved functional balance assessed by Berg balance scale.</text></passage><passage><infon key="section">secondary_outcome</infon><infon key="lang">pt-br</infon><offset>-1</offset><text>Melhora do equilíbrio funcional avaliado através da escala de equilíbrio de Berg.</text></passage><passage><infon key="section">secondary_outcome</infon><infon key="lang">en</infon><offset>-1</offset><text>Improvement in static balance measured by stabilometry.</text></passage><passage><infon key="section">secondary_outcome</infon><infon key="lang">pt-br</infon><offset>-1</offset><text>Melhora do equilíbrio estático avaliado através da estabilometria.</text></passage><passage><infon key="section">secondary_outcome</infon><infon key="lang">en</infon><offset>-1</offset><text>Improvement in cardiorespiratory fitness assessed by treadmill test.</text></passage><passage><infon key="section">secondary_outcome</infon><infon key="lang">pt-br</infon><offset>-1</offset><text>Melhora do condicionamento cardiorrespiratório avaliado através do teste ergométrico.</text></passage><passage><infon key="section">secondary_outcome</infon><infon key="lang">en</infon><offset>-1</offset><text>Improves respiratory muscle strength assessed by evaluating the maximal inspiratory pressure and maximum expiratory pressure.</text></passage><passage><infon key="section">secondary_outcome</infon><infon key="lang">pt-br</infon><offset>-1</offset><text>Melhora da força muscular respiratória avaliada através da avaliação da pressão inspiratória máxima e da pressão expiratório máxima.</text></passage><passage><infon key="section">secondary_outcome</infon><infon key="lang">en</infon><offset>-1</offset><text>Improvement in functional performance measured by thePediatric Evaluation of Disability Inventory.</text></passage><passage><infon key="section">secondary_outcome</infon><infon key="lang">pt-br</infon><offset>-1</offset><text>Melhora do desempenho funcional avaliado através do Inventário de Avaliação Pediátrica de Disfunções.</text></passage><passage><infon key="section">public_title</infon><infon key="lang">pt-br</infon><offset>-1</offset><text>Treino de Marcha em Esteira para Crianças com Paralisia Cerebral</text></passage><passage><infon key="section">scientific_title</infon><infon key="lang">pt-br</infon><offset>-1</offset><text>Treino de Marcha em Esteira Ergométrica sem Suporte Parcial de Peso para Crianças com Paralisia Cerebral</text></passage><passage><infon key="section">freetext</infon><infon key="lang">pt-br</infon><offset>-1</offset><text>19 crianças do grupo experimental serão submetidas ao treino de marcha em esteira ergométrica através de duas sessões semanais por um período de sete semanas consecutivas. As duas primeiras sessões serão consideradas de reconhecimento da esteira e o treino será realizado com uma velocidade gradualmente elevada de acordo com a tolerância da criança. Para o treino será utilizada 60-80% da velocidade máxima atingida durante o teste ergométrico. A criança utilizará sua órtese habitual, devidamente colocada pelo fisioterapeuta. 19 crianças do grupo controle serão submetidas ao treino de marcha no solo. A criança utiliza a sua própria órtese e quando necessário o recurso auxiliar de marcha habitual. Avaliação prévia será realizada com o intuito de verificar se o auxiliar de marcha está de tamanho adequado para criança. Caso não esteja, o mesmo será regulado. As duas primeiras sessões serão livres para o reconhecimento do ambiente, sendo a velocidade auto selecionada pela criança, assim como a duração do treino. Nas seis semanas consecutivas o treino terá duração de 30 minutos. Nos cinco minutos iniciais e finais a criança será orientada a caminhar com uma velocidade confortável e auto selecionada. Nos 20 minutos intermediários a criança será estimulada a aumentar a velocidade. Não será possível monitorar a velocidade do treino deste grupo. A frequência cardíaca será monitorada para garantir que não haja sobrecarga no sistema cardiovascular. Todos os participantes serão orientados a manter suas atividades diárias e sessões de terapias.</text></passage><passage><infon key="section">inclusion_criteria</infon><infon key="lang">pt-br</infon><offset>-1</offset><text>Crianças com paralisia cerebral. Idade entre 3 e 12 anos. Sem qualquer deficiência cognitiva e visual que comprometa a realização das tarefas. Níveis I, II e III do sistema de classificação da função motora grossa (GMFCS). Deambular funcionalmente há no mínimo 12 meses.</text></passage><passage><infon key="section">exclusion_criteria</infon><infon key="lang">pt-br</infon><offset>-1</offset><text>Crianças submetidas a procedimentos cirurgicos ortopédicas ou a bloqueios neuromusculares no mínimo 12 meses antes das sessões de treinamento. Presença de deformidades ortopédicas com indicações cirúrgicas.</text></passage></document></collection>