<?xml version="1.0" encoding="UTF-8"?><!DOCTYPE collection SYSTEM "BioC.dtd"><collection><source></source><date></date><key></key><document><id>RBR-57hj7n</id><passage><infon key="section">public_title</infon><infon key="lang">en</infon><offset>-1</offset><text>Effects of supplementation with L-carnitine in the heart of patients who will do coronary artery bypass graft</text></passage><passage><infon key="section">scientific_title</infon><infon key="lang">en</infon><offset>-1</offset><text>Effects of supplementation with L-carnitine on ischemia and reperfusion and left ventricular function and remodeling in patients with heart failure after coronary artery bypass surgery</text></passage><passage><infon key="section">freetext</infon><infon key="lang">en</infon><offset>-1</offset><text>Cardiovascular disease, myocardial ischemia, heart failure.
</text></passage><passage><infon key="section">freetext</infon><infon key="lang">en</infon><offset>-1</offset><text>Experimental group: 40 patients / volunteers of both genders, diagnosed with ischemic heart failure receive aqueous solution containing L-carnitine with 50 or 25 mg kg body weight. Control group: 20 patients / volunteers of both genders, diagnosed with ischemic heart failure receive aqueous solution containing placebo. The test and placebo solutions are offered in randomized form, for a period of 30 days. The supplementation will be carried out with patients fasting.</text></passage><passage><infon key="section">inclusion_criteria</infon><infon key="lang">en</infon><offset>-1</offset><text>Sixty adult patients; lucid; oriented; both genders; minimum age of 30 years and maximum age of 80 years; diagnostic systolic ischemic heart failure; requiring elective coronary artery bypass surgery; use of cardiopulmonary bypass (CPB); Ejection fraction of the left ventricle (LVEF) greater than or equal to 50% (Simpson method); left ventricular end-diastolic volume (LV Diastolic) greater than 150 mL / m²; end of the left ventricle systolic volume (LV Systolic) greater than 65 ml / m².</text></passage><passage><infon key="section">exclusion_criteria</infon><infon key="lang">en</infon><offset>-1</offset><text>During treatment develop liver dysfunction; renal dysfunction; malabsorptive syndrome; stroke; sepsis; prolonged hemodynamic shock; Patients who discontinue supplementation.</text></passage><passage><infon key="section">primary_outcome</infon><infon key="lang">en</infon><offset>-1</offset><text>Reduction of at least 5% in the pre and post-intervention measurements by echocardiographic method remodeling and cardiac magnetic resonance imaging. To this volume are measured (mL) and weight (g), the wall thickness of the left ventricle (cm) and systolic and diastolic left ventricular (%).</text></passage><passage><infon key="section">primary_outcome</infon><infon key="lang">pt-br</infon><offset>-1</offset><text>Redução de pelo menos 5% nas medições pré e pós intervenção do remodelamento através do método ecocardiográfico e de Ressonância Magnética cardíaca. Para isso serão mensurados volume (mL) e massa (g), espessura das paredes do ventrículo esquerdo (cm) e função sistólica e diastólica do ventrículo esquerdo (%).</text></passage><passage><infon key="section">secondary_outcome</infon><infon key="lang">en</infon><offset>-1</offset><text>Secondary outcomes are expected not.</text></passage><passage><infon key="section">secondary_outcome</infon><infon key="lang">pt-br</infon><offset>-1</offset><text>Não são esperados desfechos secundários.</text></passage><passage><infon key="section">public_title</infon><infon key="lang">pt-br</infon><offset>-1</offset><text>Efeito da suplementação com L-carnitina no coração de pacientes que farão cirurgia de Revascularização do miocárdio </text></passage><passage><infon key="section">scientific_title</infon><infon key="lang">pt-br</infon><offset>-1</offset><text>O efeito da suplementação com L-carnitina na redução da agressão miocárdica provocada pela injúria de Isquemia e Reperfusão e no Remodelamento Reverso de pacientes com diagnóstico de Insuficiência Cardíaca de etiologia isquêmica submetidos à cirurgia de Revascularização do Miocárdio

</text></passage><passage><infon key="section">freetext</infon><infon key="lang">pt-br</infon><offset>-1</offset><text>Grupo experimental: 40 pacientes/voluntários, de ambos os gêneros, com diagnóstico de Insuficiência Cardíaca isquêmica receberão solução aquosa, contendo L-carnitina na dose de 50 ou 25 mg kg de peso corporal. Grupo controle: 20 pacientes/voluntários, de ambos os gêneros, com diagnóstico de Insuficiência Cardíaca isquêmica receberão solução aquosa, contendo placebo. As soluções teste e placebo serão oferecidas de forma aleatorizada, por um período de 30 dias. A suplementação será realizada com pacientes em jejum. </text></passage><passage><infon key="section">inclusion_criteria</infon><infon key="lang">pt-br</infon><offset>-1</offset><text>Sessenta pacientes adultos; lúcidos; orientados; ambos os gêneros; com idade mínima de 30 anos e idade máxima de 80 anos; diagnostico de insuficiência cardíaca isquêmica sistólica; necessitem de cirurgia de revascularização miocárdica eletiva; utilização da técnica de Circulação Extracorpórea (CEC); Fração de Ejeção do Ventrículo Esquerdo (FEVE) maior ou igual a 50% (método de Simpson); volume diastólico final do ventrículo esquerdo (VE Diastólico) maior que 150 mL/m²; volume sistólico final do ventriculo esquerdo (VE Sistólico) maior que 65 mL/m².</text></passage><passage><infon key="section">exclusion_criteria</infon><infon key="lang">pt-br</infon><offset>-1</offset><text>Durante a suplementação desenvolvam disfunção hepática; disfunção renal; síndrome disabsortiva; acidente vascular cerebral; sepse; choque hemodinâmico prolongado; pacientes que interromperem a suplementação.</text></passage></document></collection>