<?xml version="1.0" encoding="UTF-8"?><!DOCTYPE collection SYSTEM "BioC.dtd"><collection><source></source><date></date><key></key><document><id>RBR-5pw27c</id><passage><infon key="section">public_title</infon><infon key="lang">en</infon><offset>-1</offset><text>Intervention mental health needs in the community</text></passage><passage><infon key="section">scientific_title</infon><infon key="lang">en</infon><offset>-1</offset><text>Identification of needs and proposed intervention in mental health problems and use of psychoactive drugs in user population of the Family Health Program (PSF)in Ribeirão Preto / SP</text></passage><passage><infon key="section">freetext</infon><infon key="lang">en</infon><offset>-1</offset><text>Healthy volunteers will be investigated in which the use or alcohol abuse.
It is understood as healthy volunteers for the same will be out of the hospital and no diagnosis of alcoholism environment.</text></passage><passage><infon key="section">freetext</infon><infon key="lang">en</infon><offset>-1</offset><text>One experimental group of healthy participants: one with 10 alcohol users with harmful or dependent pattern (verified by the instrument AUDIT- tool that tracks alcohol abuse) that will receive four sessions of brief interventions and another with families of alcohol users.
During the brief intervention sessions with alcohol users will be addressed at each meeting the following subjects: First meeting: Identification of the routine consumption of alcohol by discussing the daily alcohol consumption map; Second meeting: Exploration of the pros and cons, according to user perception and situations related to alcohol use (parties, meetings with friends, work); Third meeting: Map Reading consumption and placement of the users of their ability to effect change and questioning of planning goals for change for the next week; Fourth meeting: Map Reading consumption in recent weeks and encouraging reflection on the ability to change. Still held the feedback of the researcher to the participant. At this meeting the feedback and reflection on changes are undertaken to bring the problem of drinking on the level of other problems and health habits condition controllable and leave the harvest of morality. Note that the map of alcohol consumption is a weekly map where users will reports the weekly consumption (quantity and what drank).</text></passage><passage><infon key="section">inclusion_criteria</infon><infon key="lang">en</infon><offset>-1</offset><text>23 Volunteers of both genders; not hospitalized during the operation; 18+; alcohol users in harmful pattern observed after application of the AUDIT instrument. For the relatives of users, plus the need of not harmful use of alcohol.</text></passage><passage><infon key="section">exclusion_criteria</infon><infon key="lang">en</infon><offset>-1</offset><text>Hospitalized volunteers for data collection; who are undergoing treatment for alcohol; that are not available to participate in all stages of the study; children under 18 years.</text></passage><passage><infon key="section">primary_outcome</infon><infon key="lang">en</infon><offset>-1</offset><text>It is expected that with the interventions in alcohol users they have lower standards of alcohol consumption that will be evidenced by a decrease in the AUDIT score instrument. It is also expected that interventions with families provides decrease in consumption of the users, although based on the scientific literature there is a greater chance of decrease when it intervenes directly on the server. As outcome measures will be used to decrease the score of the AUDIT instrument, which will be used changes in the score of the instrument as base to verify the effectiveness of interventions. It should be noted that the decrease in the AUDIT instrument score to be considered will decrease detection of, for example, a usage pattern of 15 to 14.</text></passage><passage><infon key="section">primary_outcome</infon><infon key="lang">pt-br</infon><offset>-1</offset><text>Espera-se que com as intervenções em usuários de álcool eles apresentem padrões menores de consumo de álcool que será evidenciado por diminuição no escore do instrumento AUDIT. Espera-se ainda que as intervenções com familiares proporcione diminuição no consumo dos usuários, muito embora baseados na literatura científico há uma maior chance de diminuição quando se intervém diretamente no usuário. Como medidas de desfecho serão utilizados a diminuição na pontuação do instrumento AUDIT, onde se utilizará as alterações na pontuação do instrumento como balizador para verificar a efetividade das intervenções. Cabe destacar que a diminuição no escore do instrumento AUDIT a ser considerada será a detecção de decréscimo, por exemplo, de um padrão de uso de 15 para 14.   </text></passage><passage><infon key="section">secondary_outcome</infon><infon key="lang">en</infon><offset>-1</offset><text>Secondary outcomes are not measured.</text></passage><passage><infon key="section">secondary_outcome</infon><infon key="lang">pt-br</infon><offset>-1</offset><text>Não serão medidos os desfechos secundários. </text></passage><passage><infon key="section">public_title</infon><infon key="lang">pt-br</infon><offset>-1</offset><text>Intervenção de necessidades de saúde mental na comunidade</text></passage><passage><infon key="section">scientific_title</infon><infon key="lang">pt-br</infon><offset>-1</offset><text>Identificação das necessidades e proposta de intervenção nos problemas de saúde mental e uso de drogas psicoativas em população usuária de Programa Saúde da Família (PSF) do Município de Ribeirão Preto/SP</text></passage><passage><infon key="section">freetext</infon><infon key="lang">pt-br</infon><offset>-1</offset><text>Um Grupos experimental com participantes saudáveis: um com 10 usuários de álcool com padrão nocivo ou dependente (verificado pelo instrumento AUDIT- instrumento que rastreia uso abusivo de álcool) que receberão quatro sessões de intervenções breve.
Durante as sessões de intervenção breve com os usuários de álcool serão abordados a cada encontro os seguintes temas: Primeiro encontro: Identificação da rotina de consumo de álcool através da discussão do mapa diário de consumo de álcool; Segundo encontro: Exploração dos prós e contras, segundo a percepção do usuário e as situações ligadas ao uso de álcool(festas, encontros com amigos, trabalho); Terceiro encontro: Leitura do mapa de consumo e colocação do usuários da sua capacidade para efetuar mudanças e questionamento sobre planejamento de metas para mudança para a próxima semana; Quarto encontro: Leitura do mapa de consumo das últimas semanas e incentivo à reflexão sobre a capacidade de mudança. Realizado ainda o feedback da pesquisadora ao participante. Nesse encontro o feedback e a reflexão quanto à mudança são realizados no sentido de trazer o problema de beber no nível de outros problemas e na condição de hábito de saúde controlável e sair da seara da moralidade. Cabe ressaltar que o mapa de consumo de álcool é um mapa semanal onde o usuários fará relatos do consumo semanal (quantidade e o que bebeu).</text></passage><passage><infon key="section">inclusion_criteria</infon><infon key="lang">pt-br</infon><offset>-1</offset><text>23 Voluntários de ambos os gêneros; não hospitalizados durante a intervenção; maior de 18 anos; usuários de álcool no padrão nocivo verificado após aplicação do instrumento AUDIT. Para os familiares de usuários, acresce-se a necessidade de uso não nocivo de álcool.</text></passage><passage><infon key="section">exclusion_criteria</infon><infon key="lang">pt-br</infon><offset>-1</offset><text>Voluntários hospitalizados durante a coleta de dados; que estejam em tratamento para o uso de álcool; que não estejam disponíveis para participar de todas as etapas do estudo; menores de 18 anos.</text></passage></document></collection>