<?xml version="1.0" encoding="UTF-8"?><!DOCTYPE collection SYSTEM "BioC.dtd"><collection><source></source><date></date><key></key><document><id>RBR-2s9xvn</id><passage><infon key="section">public_title</infon><infon key="lang">en</infon><offset>-1</offset><text>Study of methotrexate for the control of chronic inflammation in sickle cell disease patients</text></passage><passage><infon key="section">scientific_title</infon><infon key="lang">en</infon><offset>-1</offset><text>Pilot study of targeted-therapy with methotrexate for the control of chronic inflammation in sickle cell disease patients</text></passage><passage><infon key="section">freetext</infon><infon key="lang">en</infon><offset>-1</offset><text>Patients with Sickle cell disease</text></passage><passage><infon key="section">freetext</infon><infon key="lang">en</infon><offset>-1</offset><text>Twenty patients will recelve weekly intramuscular injections of 10 mg methotrexate for 12 weeks. A supplement of 5 mg folinic acid will be offered per os or intramuscularly 48-72h after each methotrexate administration. Each patient will be considered as his/her own control, and the methotrexate effect during the treatment will be compared with the status before treatment.</text></passage><passage><infon key="section">inclusion_criteria</infon><infon key="lang">en</infon><offset>-1</offset><text>Patients with sickle cell disease who are under chronic hydroxyurea treatment, have more than 3 vaso-occlusive crises per year, and who experience a current vaso-occlusive crisis that is refractory to opioids for a period longer than 3 weeks. Patients should be older than 18 years. Patients must have signed the Informed Consent Form.</text></passage><passage><infon key="section">exclusion_criteria</infon><infon key="lang">en</infon><offset>-1</offset><text>Pregnancy. Ongoing infection at recruitment into the study.</text></passage><passage><infon key="section">primary_outcome</infon><infon key="lang">en</infon><offset>-1</offset><text>The primary outcome is the control of pain associated to vaso-occlusive crises, evaluated by the number of pain episodes and pain intensity during the 12 weeks of methotrexate treatment, compared to an identical pre-treatment period.</text></passage><passage><infon key="section">primary_outcome</infon><infon key="lang">pt-br</infon><offset>-1</offset><text>O desfecho primário é o controle do quadro doloroso nas crises vaso-oclusivas, definido pelo número de episódios e intensidade da dor durante as 12 semanas de tratamento com o metotrexate, em relação a igual período pré-tratamento.</text></passage><passage><infon key="section">primary_outcome</infon><infon key="lang">en</infon><offset>-1</offset><text>Primary Outcome at conclusion of the study: Fourteen patients were recruited into the study. The median McGill Pain Index at week 12 decreased in eight patients (27.2%), was nearly unchanged in two individuals (&lt;3%), and increased in four cases (22.5%) as compared to the values recorded at week 0. Half of the patients (n = 7) had avascular osteonecrosis, 5 of whom had a reduction greater than or equal to 50% of the chronic pain associated to this complication. Altogether, 10 out 14 patients had some degree of response to methotrexate related to pain. Besides the 8 patients that had a reduction of the McGill pain index, 2 individuals experienced a reduction greater than or equal to 50% of the osteonecrosis-associated chronic pain despite lack of improvement in acute pain crises. The median number of acute vaso-occlusive crises that needed medical assistance has not changed significantly during the 12-week treatment as compared to the frequency recorded in an identical pre-treatment period (12 vs 10.5 crises, respectively).</text></passage><passage><infon key="section">primary_outcome</infon><infon key="lang">pt-br</infon><offset>-1</offset><text>Desfecho primário obtido: Quatorze pacientes foram recrutados para este estudo. Ao final da semana 12, os valores medianos do índice de dor McGill caíram 27.2% em 8 pacientes, ficaram quase inalterados em 2 indivíduos (&lt;3%) e aumentaram 22.5% em 4 casos em relação aos valores registrados na semana 0. Metade dos pacientes (n = 7) eram portadores de osteonecrose avascular, 5 dos quais tiveram redução maior ou igual a 50% da dor crônica associada a esta complicação. No total, 10 dos 14 pacientes analisados experimentaram melhora do quadro álgico em resposta ao metotrexate. Aos 8 pacientes que apresentaram redução do índice de dor McGill, se somam 2 indivíduos que demonstraram uma redução maior ou igual a 50% da dor crônica da osteonecrose, apesar de não obter melhora das crises agudas. Não houve alteração significativa do número mediano de crises vaso-oclusivas agudas que necessitaram de assistência médica durante as 12 semanas de tratamento, quando comparado ao número registrado em igual período pré-tratamento (12 vs 10.5 crises, respectivamente).</text></passage><passage><infon key="section">secondary_outcome</infon><infon key="lang">en</infon><offset>-1</offset><text>The secondary outcomes are the blood level of inflammatory markers and quality of life, that will be evaluated at weeks 0, 6, and 12 of the study.</text></passage><passage><infon key="section">secondary_outcome</infon><infon key="lang">pt-br</infon><offset>-1</offset><text>Os desfechos secundários são os níveis sanguíneos dos marcadores inflamatórios e qualidade de vida, mensurados nas semanas 0, 6 e 12 do estudo.</text></passage><passage><infon key="section">secondary_outcome</infon><infon key="lang">en</infon><offset>-1</offset><text>The secondary outcomes at the end of the study were: (i) Inflammatory markers: the blood concentrations of only 2 chemokines out of 16 molecular markers have changed significantly at week 12 as compared to the values recorded at week 0, with a median increase of 56.6% of CXCL10 (P = 0.0463) and 47.5% of CXCL12 (P &lt; 0.0001) and (ii) Quality of life: there was 44.4% median improvement in the SF-36 physical functioning domain subscale reported by the patients at week 12 as compared to week 0 of the study (P = 0.0198). This gain was of 96.9% in the 7 patients with avascular osteonecrosis (P = 0.0048). There was no significant change pattern related to depression in the studied patients as assessed by the Beck Inventory.</text></passage><passage><infon key="section">secondary_outcome</infon><infon key="lang">pt-br</infon><offset>-1</offset><text>Desfechos secundários obtidos:  (i) Marcadores inflamatórios: somente 2 quimiocinas, de um total de 16 marcadores moleculares, tiveram suas concentrações plasmáticas alteradas significativamente na semana 12 em relação aos valores registrados na semana 0, com aumento mediano de 56.6% do CXCL10 (P = 0.0463) e 47.5% do CXCL12 (P &lt; 0.0001) e  (ii) Qualidade de Vida: houve um ganho mediano de 44.4% no quesito “Capacidade Funcional” do questionário SF-36 na semana 12 em relação à semana 0 do estudo (P = 0.0198). Este ganho foi de 96.9% nos 7 pacientes que tinham osteonecrose avascular (P = 0.0048). A aplicação do Inventário de Depressão de Beck não revelou mudança significativa do perfil depressivo destes pacientes, durante as 12 semanas de tratamento com metotrexate.</text></passage><passage><infon key="section">public_title</infon><infon key="lang">pt-br</infon><offset>-1</offset><text>Estudo do metotrexate para o controle da inflamação crônica em pacientes portadores de doença falciforme
</text></passage><passage><infon key="section">scientific_title</infon><infon key="lang">pt-br</infon><offset>-1</offset><text>Estudo piloto da terapia-alvo com metotrexate no controle do estado da inflamação crônica, em pacientes portadores da Doença Falciforme</text></passage><passage><infon key="section">freetext</infon><infon key="lang">pt-br</infon><offset>-1</offset><text>Vinte pacientes receberão administração semanal de 10 mg de metotrexate durante 12 semanas pela via intramuscular. Será feita suplementação semanal com ácido folínico 5 mg por via oral ou intramuscular, preconizada na hora 48-72 pós-metotrexate. Cada paciente funcionará como seu próprio controle, sendo comparado o efeito do metotrexate durante as 12 semanas de tratamento com o estado pré-tratamento.</text></passage><passage><infon key="section">inclusion_criteria</infon><infon key="lang">pt-br</infon><offset>-1</offset><text>Pacientes portadores de doença falciforme em uso de hidroxiuréia, que apresentarem mais de 3 episódios vaso-oclusivos por ano e que estiverem em crise dolorosa refratária aos opióides com mais de 3 semanas de duração. Pacientes devem ter mais de 18 anos de idade. O Termo de Consentimento Livre e Esclarecido deverá ter sido obtido.</text></passage><passage><infon key="section">exclusion_criteria</infon><infon key="lang">pt-br</infon><offset>-1</offset><text>Pacientes em período de gestação. Pacientes que apresentarem processo infeccioso no momento do ingresso no estudo.</text></passage></document></collection>