<?xml version="1.0" encoding="UTF-8"?><!DOCTYPE collection SYSTEM "BioC.dtd"><collection><source></source><date></date><key></key><document><id>RBR-22jcgs</id><passage><infon key="section">public_title</infon><infon key="lang">en</infon><offset>-1</offset><text>Schoolchildren: relationship between postural deviations, pain and level of physical activity</text></passage><passage><infon key="section">scientific_title</infon><infon key="lang">en</infon><offset>-1</offset><text>Correlation of the level of physical activity for students with the presence of postural deviations in a state school in the city of Curitiba</text></passage><passage><infon key="section">freetext</infon><infon key="lang">en</infon><offset>-1</offset><text>Postural deviations, Scoliosis,Kyphosis and lordosis.</text></passage><passage><infon key="section">freetext</infon><infon key="lang">en</infon><offset>-1</offset><text>150 high students from State College professor Victor do Amaral will be assessed through: a) measurement of body mass index (BMI); b) measuring the level of physical activity by IPAQ (International Physical Activity Questionnaire); c) measurement of pain intensity and verification of behavioral and postural habits for the application of the Body Posture Assessment Tool and Back pain (BackPEI); d) analysis of postural deviations by fotobiometria which consists of making photographs of individuals to measure length, position, angle, alignment, and other properties of body segments.</text></passage><passage><infon key="section">inclusion_criteria</infon><infon key="lang">en</infon><offset>-1</offset><text>Individuals enrolled in high school ; of both sexes ; aged 14-17 years;  who agree to participate;  deliver the taile ( Consent Term Informed Free and Clear ) and the IC ( Informed Consent and Clear ) duly signed .</text></passage><passage><infon key="section">exclusion_criteria</infon><infon key="lang">en</infon><offset>-1</offset><text>Individuals with neurological disorders, fractures in the last six months.</text></passage><passage><infon key="section">primary_outcome</infon><infon key="lang">en</infon><offset>-1</offset><text>We expected to find moderate statistical correlation (greater than 0.30), suggesting that physical inactivity (measured by IPAQ) is associated with postural deviations identified by fotobiometria (as lumbar deviations, chest or lower limbs).</text></passage><passage><infon key="section">primary_outcome</infon><infon key="lang">pt-br</infon><offset>-1</offset><text>Espera-se encontrar correlação estatística moderada (maior que 0,30) sugerindo que a inatividade física (mensurada pelo IPAQ) está associada a desvios posturais identificados pela fotobiometria (como desvios lombares, torácicos ou de membros inferiores)</text></passage><passage><infon key="section">secondary_outcome</infon><infon key="lang">en</infon><offset>-1</offset><text>We expected to find moderate statistical correlation (greater than 0.30), suggesting that physical inactivity (measured by IPAQ) is associated with obesity (measured by BMI), presence of pain and inadequate postural habits (identified and measured by BackPEI).</text></passage><passage><infon key="section">secondary_outcome</infon><infon key="lang">pt-br</infon><offset>-1</offset><text>Espera-se encontrar correlação estatística moderada (maior que 0,30) sugerindo que a inatividade física (mensurada pelo IPAQ) está associada a obesidade (mensurada pelo IMC), a presença de dor nas costas e a hábitos posturais inadequados (identificados e mensurados pelo BackPEI). </text></passage><passage><infon key="section">public_title</infon><infon key="lang">pt-br</infon><offset>-1</offset><text>Escolares: relação entre desvios posturais, dor e nível de atividade física
</text></passage><passage><infon key="section">scientific_title</infon><infon key="lang">pt-br</infon><offset>-1</offset><text>Correlação do nível da atividade física praticada por escolares com a presença de desvios posturais em um colégio estadual na cidade de Curitiba</text></passage><passage><infon key="section">freetext</infon><infon key="lang">pt-br</infon><offset>-1</offset><text>150 adolescentes do ensino médio do Colégio Estadual Professor Victor do Amaral serão avaliados por meio de: a) mensuração do Índice de Massa Corporal (IMC); b) mensuração do nível de atividade física pela aplicação do IPAQ (International Physical Activity Questionnaire); c) mensuração da intensidade da dor e verificação dos hábitos comportamentais e posturais pela aplicação do Instrumento de Avaliação da Postura Corporal e Dor nas costas (BackPEI); d) análise dos desvios posturais através da fotobiometria que consiste na realização de fotografias dos indivíduos para mensuração do comprimento, posição, ângulo, alinhamento e outras propriedades dos segmentos corporais.</text></passage><passage><infon key="section">inclusion_criteria</infon><infon key="lang">pt-br</infon><offset>-1</offset><text>Indivíduos matriculados no ensino médio; de ambos os sexos; na faixa etária de 14 a 17 ano; que concordarem em participar do estudo ; entregarem o TAILE (Termo de Assentimento Informado Livre e Esclarecido)e o TCLE (Termo de Consentimento Livre e Esclarecido) devidamente assinados.  </text></passage><passage><infon key="section">exclusion_criteria</infon><infon key="lang">pt-br</infon><offset>-1</offset><text>Indivíduos com alterações neurológicas,  fraturas ósseas nos últimos seis meses. </text></passage></document></collection>