<?xml version="1.0" encoding="UTF-8"?><!DOCTYPE collection SYSTEM "BioC.dtd"><collection><source></source><date></date><key></key><document><id>RBR-57cr2r</id><passage><infon key="section">public_title</infon><infon key="lang">en</infon><offset>-1</offset><text>Study of the Effects of Stretching and Muscle Strengthening on Pain, Function, Balance and Muscle Strength in Patients with Heel Pain</text></passage><passage><infon key="section">scientific_title</infon><infon key="lang">en</infon><offset>-1</offset><text>Study of Balance, Posture Control and Muscle Strength in Patients with Plantar Fasciitis</text></passage><passage><infon key="section">freetext</infon><infon key="lang">en</infon><offset>-1</offset><text>Plantar fasciitis.</text></passage><passage><infon key="section">freetext</infon><infon key="lang">en</infon><offset>-1</offset><text>Control Group: 20 patients will carry out foot, leg and fascia plantar muscle stretching in 3 sets of 30 seconds for each exercise that will be performed daily;
Intervention Group 1: 20 patients will carry out strengthening of the intrinsic and extrinsic muscles of the foot by elastic resistance for 3 sets of 10 repetitions, and with toe curl and short foot exercises, as well as the protocol of the control group.</text></passage><passage><infon key="section">inclusion_criteria</infon><infon key="lang">en</infon><offset>-1</offset><text>Plantar fasciitis;
age between 18 and 60.</text></passage><passage><infon key="section">exclusion_criteria</infon><infon key="lang">en</infon><offset>-1</offset><text>Report of previous surgery and trauma in the lower limbs; discrepancy greater than 1.25 centimeters (cm) between the lower limbs; having performed strengthening of the muscles of the ankle and hip, and physiotherapeutic intervention in the lower limbs within the last six months; diagnosis of fibromyalgia, neurological, musculoskeletal or systemic order disease that may predispose heel pain and decreased muscle strength.</text></passage><passage><infon key="section">primary_outcome</infon><infon key="lang">en</infon><offset>-1</offset><text>Decrease of the patients' pain with the procedures performed, assessed using a visual analogue scale: The pain will be measured using a scale of 10 cm, with graduations from zero to 10, in which zero is no pain and 10 corresponds to the maximum possible pain.</text></passage><passage><infon key="section">primary_outcome</infon><infon key="lang">pt-br</infon><offset>-1</offset><text>Diminuição da dor dos pacientes com os procedimentos realizados, avaliada por meio escala visual analógica: A dor será mensurada por meio de uma escala de 10 cm de comprimento, com graduações de zero a 10, no qual zero não há dor, e 10 equivale à máxima dor possível.</text></passage><passage><infon key="section">primary_outcome</infon><infon key="lang">en</infon><offset>-1</offset><text>Improvement of patients' functionality with the procedures performed, assessed using a Foot and Ankle Outcome Score questionnaire. This consists of five domains: pain, other symptoms (stiffness, swelling, crepitation and limitation of Range of Movement), daily activities, sports and recreation, and quality of life in relation to ankles and feet, taking the evaluation week into consideration.</text></passage><passage><infon key="section">primary_outcome</infon><infon key="lang">pt-br</infon><offset>-1</offset><text>Melhora da funcionalidade dos pacientes com os procedimentos realizados, avaliada por meio do questionário Foot and Ankle Outcome Score. É constituído por cinco domínios: dor, outros sintomas (rigidez, edema, creptação e limitação de amplitude de movimento), atividades de vida diária, esportes e recreações, e qualidade de vida em relação ao tornozelo e pé, sendo a semana da avaliação levada em consideração.</text></passage><passage><infon key="section">secondary_outcome</infon><infon key="lang">en</infon><offset>-1</offset><text>Improvement of patients' medial longitudinal arch stabilization with the performed procedures, assessed using the Navicular drop and drift: this measures the vertical and horizontal distance of the navicular bone in relation to the ground in order to classify the subtalar joint in neutral, supination and pronation in relation to the measurements of difference between the positions, with and without weight bearing.</text></passage><passage><infon key="section">secondary_outcome</infon><infon key="lang">pt-br</infon><offset>-1</offset><text>Melhora da estabilização do arco longitudinal medial dos pacientes com os procedimentos realizados, avaliada por meio do Drop e drift do navicular: mensura a distância vertical e horizontal do osso navicular em relação ao solo com o objetivo de classificar a articulação subtalar em neutra, supinada e pronada em relação às medidas de translação médio-lateral e na diferença de altura vertical do osso navicular na posição sem e com descarga de peso.</text></passage><passage><infon key="section">secondary_outcome</infon><infon key="lang">en</infon><offset>-1</offset><text>Improvement of the strength of patients' dorsiflexion, plantar flexion, invertor and evertor muscles of the ankle, abductor and lateral rotation muscles of the hip, and flexor muscles of the hallucis with the procedures carried out, measured using the Lafayate Manual Dynamometer®. In the evaluation of the proposed muscles, with the dynamometer positioned in the distal segment of the lower limb, the participant will be asked to perform three sets of maximum isometric contraction of the required muscle group for three seconds, and the average of these will be the final result.</text></passage><passage><infon key="section">secondary_outcome</infon><infon key="lang">pt-br</infon><offset>-1</offset><text>Melhora da força dos músculos dorsiflexores, plantiflexores, inversores e eversores do tornozelo, abdutores e rotadores laterais de quadril, e flexores de hálux dos pacientes com os procedimentos realizados, mensurada por meio do Dinamômetro Manual Lafayate®. Nas avaliações dos músculos propostos, com o aparelho posicionado no segmento distal do membro inferior, o participante será orientado a realizar três séries de contração isométrica máxima de três segundos do grupo muscular solicitado, e a média destas será o resultado do teste.</text></passage><passage><infon key="section">secondary_outcome</infon><infon key="lang">en</infon><offset>-1</offset><text>Improvement of patients' dynamic balance with the procedures performed, assessed using the Star excursion balance test: This test measures dynamic balance. The volunteer will be positioned in the centre of three lines, which will be arranged at 90º between the two posterior lines and these at 135º from the bottom line. The patient will be instructed to reach as far as they can on each line, and the seventh attempt will be measured.</text></passage><passage><infon key="section">secondary_outcome</infon><infon key="lang">pt-br</infon><offset>-1</offset><text>Melhora do equilíbrio dinâmico dos pacientes com os procedimentos realizados, avaliado por meio Star excursion balance test: Este teste mensura o equilíbrio dinâmico. O voluntário será posicionado no centro de três linhas, que estarão dispostas a 90º entre as posteriores e 135º em relação à linha anterior. O paciente será instruído para alcançar o mais distante possível em cada linha, sendo a sétima tentativa mensurada.</text></passage><passage><infon key="section">public_title</infon><infon key="lang">pt-br</infon><offset>-1</offset><text>Estudo dos Efeitos do Alongamento e Fortalecimento Sobre Dor, Função, Equilíbrio e Força Muscular de Pacientes com Dor no Calcanhar</text></passage><passage><infon key="section">scientific_title</infon><infon key="lang">pt-br</infon><offset>-1</offset><text>Estudo do Equilíbrio, Controle Postural e Força Muscular em Pacientes com Fasciíte Plantar</text></passage><passage><infon key="section">freetext</infon><infon key="lang">pt-br</infon><offset>-1</offset><text>Grupo Controle: 20 pacientes realizarão alongamento dos músculos do pé, perna, e da fáscia plantar, por meio de 3 séries de 30 segundos em cada exercícios realizados diariamente.
Grupo de Intervenção 1: 20 pacientes realizarão fortalecimento dos músculos intrínsecos e extrínsecos do pé utilizando resistência elástica e 3 séries de 10 repetições, e com os exercícios toe curl e short foot, além do protocolo do grupo controle; </text></passage><passage><infon key="section">inclusion_criteria</infon><infon key="lang">pt-br</infon><offset>-1</offset><text>Fasciíte plantar;
Idade entre 18 e 60 anos.</text></passage><passage><infon key="section">exclusion_criteria</infon><infon key="lang">pt-br</infon><offset>-1</offset><text>Relatar histórico de cirurgia prévia e trauma nos membros inferiores; discrepância maior que 1,25 centímetros (cm) entre os membros inferiores; ter realizado fortalecimento dos músculos do tornozelo e quadril, e intervenção fisioterapêutica no membro inferior nos últimos seis meses; diagnóstico de fibromialgia; doença neurológica, musculoesquelética ou de ordem sistêmica que possa predispor a dor no calcanhar e diminuição da força muscular.</text></passage></document></collection>