<?xml version="1.0" encoding="UTF-8"?><!DOCTYPE collection SYSTEM "BioC.dtd"><collection><source></source><date></date><key></key><document><id>RBR-2tfwq3</id><passage><infon key="section">public_title</infon><infon key="lang">en</infon><offset>-1</offset><text>Effect of diacerein on kidney function, glucose and blod fat metabolism alteration and acute inflamation indicators in type 2 diabetic patients with kidney disease </text></passage><passage><infon key="section">scientific_title</infon><infon key="lang">en</infon><offset>-1</offset><text>Effect of diacerein on renal function, metabolic control and acute inflamatory parameters in type 2 diabetic patients with nephropaty  - randomized clinical trial </text></passage><passage><infon key="section">freetext</infon><infon key="lang">en</infon><offset>-1</offset><text>Mellitus Diabetes
Diabetic nephropathy</text></passage><passage><infon key="section">freetext</infon><infon key="lang">en</infon><offset>-1</offset><text>There are two groups:

Experimental group 1: 35 patients with dia</text></passage><passage><infon key="section">inclusion_criteria</infon><infon key="lang">en</infon><offset>-1</offset><text>Patients from 30 to 80 years old, with type 2 diabetic with microalbuminuria. macroalbuniria and or diminished glomerular filtration rate (GFR - stages 1 and 2); HbA1c from 7.5 to 10%; in regular use of inhibitor Angiotensin Converting Enzyme or Angiotensin Receptor Blocker; Body mass index bellow 40kg / m²; do not make use of pioglitazone; Use of antihyperglycemic medications; Acceptance to participate and to sign informed consent;  Patients seen in the outpatient medical clinic of the Faculdade de Medicina of  Universidade de Passo Fundo
</text></passage><passage><infon key="section">exclusion_criteria</infon><infon key="lang">en</infon><offset>-1</offset><text>Pregnant and lactating women; presence of chronic inflammatory diseases such as arthritis, colitis; Infectious Disease like  tuberculosis; use of anti-inflammatory drugs for more than five days in the last three months; previous diagnosis of pancreatitis; hypersensitivity to reigns or its correlates (laxative); Smoking; severe liver disease (transaminases major than 2.5 times the upper limit of normal); severe gastrointestinal disease; participation in another trial in the past 30 days; failure to follow the research protocol requirements</text></passage><passage><infon key="section">primary_outcome</infon><infon key="lang">en</infon><offset>-1</offset><text>The primary outcomes were reduction ? 15% in ACR, any reduction in GFR, improvement of metabolic control (defined as A1C &lt;7% and fasting glucose &lt;126?mg/dL), reduction in plasma levels of IL-1, IL-6, IL-8, and TNF-?, increase in plasma levels of IL-10, and reduction in blood pressure. </text></passage><passage><infon key="section">primary_outcome</infon><infon key="lang">pt-br</infon><offset>-1</offset><text>Os desfechos primários foram redução ?15% na ACR, qualquer redução na TFG, melhora do controle metabólico (definida como A1C &lt;7% e glicemia de jejum &lt;126 mg / dL), redução dos níveis plasmáticos de IL-1, IL-6, IL-8 e TNF-?, aumento dos níveis plasmáticos de IL-10 e redução da pressão sanguínea.</text></passage><passage><infon key="section">secondary_outcome</infon><infon key="lang">en</infon><offset>-1</offset><text>Secondary outcomes included reduction in serum levels of fasting insulin, adiponectin, leptin, and selectin.</text></passage><passage><infon key="section">secondary_outcome</infon><infon key="lang">pt-br</infon><offset>-1</offset><text>Os desfechos secundários incluíram redução dos níveis séricos de insulina em jejum, adiponectina, leptina e selectina.</text></passage><passage><infon key="section">public_title</infon><infon key="lang">pt-br</infon><offset>-1</offset><text>Efeito da Diacereína na função do rim, no controle de alterações do metabolismo da glicose e gorduras do sangue e indicadores de inflamação aguda em pacientes diabéticos tipo 2 com doença nos rins. </text></passage><passage><infon key="section">scientific_title</infon><infon key="lang">pt-br</infon><offset>-1</offset><text>Efeito da Diacereína na função renal, controle metabólico e parâmetros inflamatórios agudos em pacientes diabéticos tipo 2 com nefropatia - ensaio clínico randomizado</text></passage><passage><infon key="section">freetext</infon><infon key="lang">pt-br</infon><offset>-1</offset><text>Serão dois grupos de intervenção: 
Grupo experimental 1: 35 pacientes com diabetes e doença renal cronica que receberão 1 cápsula de diacereína 50 mg duas vezes ao dia via oral por 90 dias</text></passage><passage><infon key="section">inclusion_criteria</infon><infon key="lang">pt-br</infon><offset>-1</offset><text>Pacientes entre 30 e 80 anos, com Diabete melitus tipo 2 e microalbuminuria, macroalbuminúria e/ou diminuição da Taxa de Filtração Glomerular (estagios 1 e 2); Hemoglobina glicada entre 7,5 e 10%; em uso regular de inibidor da Enzima Conversora da Angiotensina ou bloqueador do Receptor da Angiotensina; índice de massa corporal menos que 40kg/m²; Não fazer uso de pioglitazona; fazer uso de medicamentos anti-hiperglicêmicos; aceitar participar e assinar consentimento livre e esclarecido; pacientes devem ser atendidos no ambulatório de clínica médica da Faculdade de Medicina da UPF</text></passage><passage><infon key="section">exclusion_criteria</infon><infon key="lang">pt-br</infon><offset>-1</offset><text>Mulheres gestantes e lactantes; presença de doenças inflamatórias crônicas como artrite, colite; Doença infecciosa como tuberculose; em uso de antiinflamatórios por mais do que cinco dias nos últimos três meses; diagnóstico prévio de pancreatite; hipersensibilidade a reina ou seus correlatos(laxativos); tabagismo; doença hepática grave (transaminases acima de 2,5 vezes o limite superior do normal); doença gastrointestinal grave; participação em outro estudo clínico nos últimos 30 dias; incapacidade de seguir o protocolo de pesquisa

</text></passage></document></collection>