<?xml version="1.0" encoding="UTF-8"?><!DOCTYPE collection SYSTEM "BioC.dtd"><collection><source></source><date></date><key></key><document><id>RBR-4k7rm6</id><passage><infon key="section">public_title</infon><infon key="lang">en</infon><offset>-1</offset><text>Pulse oximetry during dental treatment in people with sickle cell disease</text></passage><passage><infon key="section">scientific_title</infon><infon key="lang">en</infon><offset>-1</offset><text> Pulse oximetry during dental treatment in people with Sickle Cell Disease</text></passage><passage><infon key="section">freetext</infon><infon key="lang">en</infon><offset>-1</offset><text>anemia, sickle cell, oximetry, dental anxiety, fear, dental care.</text></passage><passage><infon key="section">freetext</infon><infon key="lang">en</infon><offset>-1</offset><text>Single-arm, quasi- experimental study, with intra-group comparisons in three different moments ( M0, M1 and M2 ) :
Taking into consideration dental treatment as intervention.</text></passage><passage><infon key="section">inclusion_criteria</infon><infon key="lang">en</infon><offset>-1</offset><text>Sixty six teens (from 12 years old) or adults (to 50 years old) with diagnosis and genotype for sickle cell disease established by blood test and medical clearance for dental treatment. Teens or adults with SCD who agree and sign the free and informed consent.Teens or adults with SCD and cognitive ability to answer the questionnaires. Teens or adults with SCD and adequate cognitive comportment whose laboratory and biochemical parameters enable the dental treatment.</text></passage><passage><infon key="section">exclusion_criteria</infon><infon key="lang">en</infon><offset>-1</offset><text>Pregnancy, syndromes or any other condition that requires for care for people with special needs.Adolescents and adults with Sickle Cell Disease who received blood transfusions within 30 days;
Teens or adults with Sickle Cell Disease and heart or lung disease. Teens or adults with Sickle Cell Disease and adenoidal or tonsillar obstruction. Teens or adults with Sickle Cell Disease and serology HIV positive. Teens or adults with Sickle Cell Disease and positive serology for viral hepatitis.Teens or adults with Sickle Cell Disease and hypertension.Teens or adults with Sickle Cell Disease undergoing hormone therapy. Lack of follow-up consultations by adolescents or adults with Sickle Cell Disease during the stages research.Teens or adults with Sickle Cell Disease in whom we could not use the pulse oximeter or reading the oximeter was inconsistent. Teens or adults with Sickle Cell Disease who have not responded the questionnaire on fear / anxiety during dental treatment. Teens or adults with Sickle Cell Disease who decline the survey, retirarando their terms of appointment or consent.</text></passage><passage><infon key="section">primary_outcome</infon><infon key="lang">en</infon><offset>-1</offset><text>People with sickle cell disease will show level of oxygen saturation higher than 90%, before, during and after dental treatment.  </text></passage><passage><infon key="section">primary_outcome</infon><infon key="lang">pt-br</infon><offset>-1</offset><text>A saturação de oxigênio das pessoas com Doença Falciforme, medida por meio do oxímetro de pulso antes, durante e após o será superior 90%.</text></passage><passage><infon key="section">secondary_outcome</infon><infon key="lang">en</infon><offset>-1</offset><text>People with sickle cell disease will be classified according to anxiety dental scale;  </text></passage><passage><infon key="section">secondary_outcome</infon><infon key="lang">pt-br</infon><offset>-1</offset><text>Pessoas com doença falciforme serão classificadas quanto ao ansiedade/fobia dental por meio da escala de ansiedade dental;  </text></passage><passage><infon key="section">public_title</infon><infon key="lang">pt-br</infon><offset>-1</offset><text>Avaliação da quantidade de oxigênio no sangue durante o tratamento odontológico em pessoas com doença dalciforme</text></passage><passage><infon key="section">scientific_title</infon><infon key="lang">pt-br</infon><offset>-1</offset><text>Avaliação indireta da saturação de oxigênio funcional em pessoas com Doença Falciforme durante o tratamento odontológico

</text></passage><passage><infon key="section">freetext</infon><infon key="lang">pt-br</infon><offset>-1</offset><text>Estudo de intervenção braço único, quasi-experimental, terá avaliações intragrupo em três momentos (M0, M1 e M2) distintos:

M0 – Momento controle negativo – Antes de serem submetidas ao tratamento odontológico (antes da intervenção),  as 66 pessoas com DF responderão o questionário validado sobre medo/ansiedade odontológica (DAS) que tem uma escala composta de cinco questões com cinco alternativas de respostas, sendo que se atribui valor um à alternativa correspondente a de menor grau de ansiedade e valor cinco, a de maior grau. O mínimo escore possível é de cinco (sem ansiedade) e o máximo, de 25 (extrema ansiedade). Consideraram-s</text></passage><passage><infon key="section">inclusion_criteria</infon><infon key="lang">pt-br</infon><offset>-1</offset><text>Em recrutamento.
Sessenta e seis adolescentes (idade mínima 12 anos) ou adultos (idade máxima 50 anos) com diagnóstico e genótipo para doença falciforme estabelecido por exame de sangue e com autorização médica para tratamento odontológico. Adolescentes ou adultos com DF que concordem e assinem o termo de consentimento livre e esclarecido. Adolescentes ou adultos com DF e com capacidade cognitiva para responder os questionários.</text></passage><passage><infon key="section">exclusion_criteria</infon><infon key="lang">pt-br</infon><offset>-1</offset><text>Gravidez, síndromes ou qualquer outra patologia que demande por atendimento para pessoas com necessidades especiais; 
Adolescentes e adultos com Doença Falciforme que receberam transfusões sanguíneas no período de 30 dias. Adolescentes ou adultos com Doença Falciforme e comprometimento cardíaco ou pulmonar. Adolescentes ou adultos com Doença Falciforme e obstrução adenoidal ou amigdaliana. Adolescentes ou adultos com Doença Falciforme e sorologia HIV positivo. Adolescentes ou adultos com Doença Falciforme e sorologia positiva para hepatites virais. Adolescentes ou adultos com DF e hipertensão arterial. Adolescentes ou adultos com Doença Falciforme submetidos à terapia hormonal. Falta de longitudinalidade de acompanhamento às consultas por parte dos adolescentes ou adultos com Doença Falciforme durante as etapas pesquisa. Adolescentes ou adultos com Doença Falciforme  nos quais não foi possível usar o oxímetro de pulso ou a leitura do oxímetro foi inconsistente. Adolescentes ou adultos com Doença Falciforme que não responderam o questionário sobre medo/ansiedade frente ao tratamento odontológico. Adolescentes ou adultos com Doença Falciforme que declinarem da pesquisa, retirando seus termos de compromisso ou assentimento. </text></passage></document></collection>