<?xml version="1.0" encoding="UTF-8"?><!DOCTYPE collection SYSTEM "BioC.dtd"><collection><source></source><date></date><key></key><document><id>RBR-5t6j5p</id><passage><infon key="section">public_title</infon><infon key="lang">en</infon><offset>-1</offset><text>Analysis of the effects of vocal training through breath exercises with sound in tube and straw in choir singers</text></passage><passage><infon key="section">scientific_title</infon><infon key="lang">en</infon><offset>-1</offset><text>Analysis of the effects of vocal conditioning through semi-occluded vocal tract exercises in choir singers</text></passage><passage><infon key="section">freetext</infon><infon key="lang">en</infon><offset>-1</offset><text>Voice, voice training, voice quality, singing</text></passage><passage><infon key="section">freetext</infon><infon key="lang">en</infon><offset>-1</offset><text>Experimental group 1: 20 individuals of Coral UFCSPA without voice problems carry out the exercise with Finnish tube before choir practice once a week for a period of 14 weeks. The exercise will be carried out with blowing set to sound at regular frequency, with frequency variation and with the melody of </text></passage><passage><infon key="section">inclusion_criteria</infon><infon key="lang">en</infon><offset>-1</offset><text>Age between 18 and 60; score in Voice Sympton Scale (VoiSS) equal to or less than 16; signing of the Informed Consent (IC).</text></passage><passage><infon key="section">exclusion_criteria</infon><infon key="lang">en</infon><offset>-1</offset><text>Voice disorders diagnosed by otolaryngologist physician; smokers; presence below 75% in the meetings.</text></passage><passage><infon key="section">primary_outcome</infon><infon key="lang">en</infon><offset>-1</offset><text>Improved singing voice quality standard demonstrated by the perceptual analysis of voice with CAPE- V, in which there is a decrease in score value pre and post intervention.</text></passage><passage><infon key="section">primary_outcome</infon><infon key="lang">pt-br</infon><offset>-1</offset><text>Melhora no padrão de qualidade de voz cantada, demonstrado pela análise perceptivo-auditiva da voz com a CAPE-V, na qual haja diminuição no valor do score pré e pós intervenção. </text></passage><passage><infon key="section">secondary_outcome</infon><infon key="lang">en</infon><offset>-1</offset><text>Improvement of acoustic parameters (mean fundamental frequency, jitter, shimmer, GNE), demonstrated by VoxMetria software. Improved profile vocal range, shown by Vocalgrama software. Improvement of maximum phonation time, demonstrated by measuring the maximum times of sustaining vowels and phonemes /s/ and /z/.</text></passage><passage><infon key="section">secondary_outcome</infon><infon key="lang">pt-br</infon><offset>-1</offset><text>Melhora de parâmetros acústicos (média da frequência fundamental, jitter, shimmer, GNE), demonstrado pelo software VoxMetria. Melhora do perfil de extensão vocal, demonstrado pelo software Vocalgrama. Melhora dos tempos máximos de fonação, demonstrado pela medição dos tempos máximos de sustentação das vogais e dos fonemas /s/ e /z/.</text></passage><passage><infon key="section">public_title</infon><infon key="lang">pt-br</infon><offset>-1</offset><text>Análise dos efeitos de treinamento da voz por meio de exercícios de sopro com som em tubo e em canudo em coralistas</text></passage><passage><infon key="section">scientific_title</infon><infon key="lang">pt-br</infon><offset>-1</offset><text>Análise dos efeitos de condicionamento vocal por meio de exercícios de trato vocal semiocluído em coralistas</text></passage><passage><infon key="section">freetext</infon><infon key="lang">pt-br</infon><offset>-1</offset><text>Grupo experimental 1: 20 indivíduos do Coral UFCSPA, sem alterações de voz, realizarão o exercício com tubo finlandês antes do ensaio do coral, uma vez por semana, por um período de 14 semanas. O exercício será realizado com sopro sonorizado em frequência habitual, com variação de frequência e com a melodia do </text></passage><passage><infon key="section">inclusion_criteria</infon><infon key="lang">pt-br</infon><offset>-1</offset><text>Idade entre 18 e 60 anos; pontuação na Escala de Sintomas Vocais (ESV) igual ou inferior a 16; assinatura do termo de comprometimento livre e esclarecido (TCLE). </text></passage><passage><infon key="section">exclusion_criteria</infon><infon key="lang">pt-br</infon><offset>-1</offset><text>Alteração vocal diagnosticada por médico otorrinolaringologista; tabagistas; presença inferior a 75% nos encontros.</text></passage></document></collection>