<?xml version="1.0" encoding="UTF-8"?><!DOCTYPE collection SYSTEM "BioC.dtd"><collection><source></source><date></date><key></key><document><id>RBR-5nw65z</id><passage><infon key="section">public_title</infon><infon key="lang">en</infon><offset>-1</offset><text>Heart rate recovery after the exercise: influence of neural mechanisms</text></passage><passage><infon key="section">scientific_title</infon><infon key="lang">en</infon><offset>-1</offset><text>Heart rate recovery after exercise: regulatory mechanisms</text></passage><passage><infon key="section">freetext</infon><infon key="lang">en</infon><offset>-1</offset><text>Hypertension</text></passage><passage><infon key="section">freetext</infon><infon key="lang">en</infon><offset>-1</offset><text>Experimental groups: 25 hypertensive men will perform 5 experimental sessions composed by a exercise on cyclergometer (30 minutes, intensity of 70% of the VO2peak workload) and 5 recovery protocols: a)inactive recovery; b) active recovery; c) assisted recovery; d) occlusion recovery; e) recovery with cooling. In addition, 25 normotensive men will perform the same interventions and will be considered the control group of this study.</text></passage><passage><infon key="section">inclusion_criteria</infon><infon key="lang">en</infon><offset>-1</offset><text>Men. Aged between 40 and 60 years. Non smokers. Physically inactives (did not perform physical activity more than twice a week). Normotensives and hypertensives will form different groups. Hypertensives should not have end organ damage or secondary causes of hypertension according to the diagnotic rotine of the Hypertension League of Clinical Hospital, Faculty of Medicine, USP.</text></passage><passage><infon key="section">exclusion_criteria</infon><infon key="lang">en</infon><offset>-1</offset><text>Subjects with obesity level 2 or greater(body mass index equal or greater than 35 kg/m2). Subjects with diabetes (fasting glycemia equal or greater than 126 mg/dl). Subjects with cardiac diseases (previous diagnosis or alteration on resting or exercise ECG). Use of anti-hypertensive medication.</text></passage><passage><infon key="section">primary_outcome</infon><infon key="lang">en</infon><offset>-1</offset><text>Reduced heart rate recovery in the sessions "active", "assisted" and "with occlusion" and increased in the sessions "inactive" and "with cooling"; demonstrating the effects of the cardiovascular control mechanisms in the regulation of heart rate recovery after exercise</text></passage><passage><infon key="section">primary_outcome</infon><infon key="lang">pt-br</infon><offset>-1</offset><text>Recuperação da frequência cardíaca reduzida nas sessões "ativa", "assistida" e "com oclusão" e aumentada nas sessões "inativa" e "com resfriamento"; comprovando o efeito dos mecanismos de controle cardiovascular na regulação da recuperação da frequência cardíaca pós-exercício </text></passage><passage><infon key="section">secondary_outcome</infon><infon key="lang">en</infon><offset>-1</offset><text>Reduced heart rate recovery in hypertensive group in comparison to normotensive due to dysfunction of one or several cardiovascular control mechanisms</text></passage><passage><infon key="section">secondary_outcome</infon><infon key="lang">pt-br</infon><offset>-1</offset><text>Recuperação da frequência cardíaca reduzida no grupo hipertenso em comparação ao grupo normotenso em função da alteração de um ou de vários mecanismos de controle cardiovascular</text></passage><passage><infon key="section">public_title</infon><infon key="lang">pt-br</infon><offset>-1</offset><text>Recuperação da frequência cardíaca após o exercício: influência de mecanismos neurais</text></passage><passage><infon key="section">scientific_title</infon><infon key="lang">pt-br</infon><offset>-1</offset><text>Recuperação da frequência cardíaca pós-exercício: mecanismos reguladores</text></passage><passage><infon key="section">freetext</infon><infon key="lang">pt-br</infon><offset>-1</offset><text>Grupos experimentais: 25 homens hipertensos realizarão 5 sessões experimentais, compostas de um exercício em cicloergômetro (30 minutos, intensidade de 70% da carga do VO2pico) e de 5 protocolos de recuperação: a)recuperação inativa; b)recuperação ativa; c)recuperação assistida; d)recuperação com oclusão; e)recuperação com resfriamento. Adicionalmente, 25 normotensos serão submetidos as mesmas intervenções, sendo considerados o grupo controle deste estudo. 
</text></passage><passage><infon key="section">inclusion_criteria</infon><infon key="lang">pt-br</infon><offset>-1</offset><text>Homens. Idade entre 40 à 60 anos. Não fumantes. Fisicamente inativos (não pratiquem atividades física regular mais de 2 vezes por semana). Normotensos e hipertensos formarão 2 grupos específicos. Os hipertensos não deverão apresentar lesão de órgão alvo nem causa secundária de hipertensão, conforme rotina de avaliação da Liga de Hipertensão do Hospital das Clínicas da Faculdade de Medicina da USP.</text></passage><passage><infon key="section">exclusion_criteria</infon><infon key="lang">pt-br</infon><offset>-1</offset><text>Indivíduos com obesidade grau 2 ou mais (índice de massa corporal maior ou igual a 35kg/m2). Indivíduos com diabetes (glicemia de jejum maior ou igual a 126 mg/dl). Indivíduos com doenças cardíacas (diagnóstico prévio ou alteração no ECG de repouso ou exercício).Uso de terapia medicamentosa anti-hipertensiva</text></passage></document></collection>