<?xml version="1.0" encoding="UTF-8"?><!DOCTYPE collection SYSTEM "BioC.dtd"><collection><source></source><date></date><key></key><document><id>RBR-3tv5mr</id><passage><infon key="section">public_title</infon><infon key="lang">en</infon><offset>-1</offset><text>Postpartum depression and Emotion Recognition: clinical study of the acute effects of Oxytocin</text></passage><passage><infon key="section">scientific_title</infon><infon key="lang">en</infon><offset>-1</offset><text>Postpartum Depression and Facial Expression Recognition: clinical, randomized study involving the acute effects of Oxytocin</text></passage><passage><infon key="section">freetext</infon><infon key="lang">en</infon><offset>-1</offset><text>Post Partum Depression</text></passage><passage><infon key="section">freetext</infon><infon key="lang">en</infon><offset>-1</offset><text>The subjects will be allocated in oxytocin-placebo groups (Gope placebo-oxytocin (GPO) remain the subject and the researcher </text></passage><passage><infon key="section">inclusion_criteria</infon><infon key="lang">en</infon><offset>-1</offset><text>Check shall be the initial inclusion criteria (age above 18 years, post-pregnancy postpartum (20-45 days after the baby</text></passage><passage><infon key="section">exclusion_criteria</infon><infon key="lang">en</infon><offset>-1</offset><text>mothers with absence of diagnosis of depression post partum;
age under 18</text></passage><passage><infon key="section">primary_outcome</infon><infon key="lang">en</infon><offset>-1</offset><text>Expected outcome: Improvement in the recognition of facial expressions of emotion, evaluated through two different tasks (computer and card). Will be evaluated the number of hits, the reaction time and the intensity of emotion. To check the outcome will be used statistical test group compared with a value of p is greater than 0:05. </text></passage><passage><infon key="section">primary_outcome</infon><infon key="lang">pt-br</infon><offset>-1</offset><text>Desfecho esperado: Melhora no reconhecimento das expressões faciais de emoção, avaliadas por meio de duas tarefas distintas (computador e cartão). Serão avaliados o número de acertos, o tempo de reação e a intensidade da emoção. Para verificação do desfecho será utilizado teste estatístico de comparação de grupo cujo valor de p for superior à 0.05.</text></passage><passage><infon key="section">secondary_outcome</infon><infon key="lang">en</infon><offset>-1</offset><text>Expected outcome: mothers with postpartum depression and early emotional trauma present higher losses in the recognition of facial expressions of emotion. The presence / absence of early traumas emocionas will be assessed through a scale of self-assessment (type yes / no) and differences between groups through statistical test (significance p &lt;0.05)</text></passage><passage><infon key="section">secondary_outcome</infon><infon key="lang">pt-br</infon><offset>-1</offset><text>Desfecho esperado: as mães com depressão pos-parto e trauma emocional precoce apresentarão maiores prejuízos no reconhecimento das expressões faciais de emoção. A presença/ausência de traumas emocionas precoces será avaliada por meio de uma escala de auto-avaliação do tipo sim/não e as diferenças entre grupos por meio de teste estatístico (valor de significância p&lt;0.05)</text></passage><passage><infon key="section">public_title</infon><infon key="lang">pt-br</infon><offset>-1</offset><text>Depressão Pós-Parto e Reconhecimento de Emoções: estudo clínico envolvendo os efeitos agudos da Ocitocina</text></passage><passage><infon key="section">scientific_title</infon><infon key="lang">pt-br</infon><offset>-1</offset><text>Depressão Pós-Parto e Reconhecimento de Expressões Faciais: estudo clínico e randomizado envolvendo os efeitos agudos da Ocitocina</text></passage><passage><infon key="section">freetext</infon><infon key="lang">pt-br</infon><offset>-1</offset><text>Os sujeitos serão alocados nos grupos ocitocina-placebo (GOP) e placebo-ocitocina (GPO) permanecendo o sujeito e o pesquisador ‘cegos’ quanto à substância administrada até o final do experimento.

Será um tipo de estudo duplo cego e cruzados pois os participantes serão avaliados em dois momentos distintos, sendo controles deles mesmos.</text></passage><passage><infon key="section">inclusion_criteria</infon><infon key="lang">pt-br</infon><offset>-1</offset><text>Verificar-se-á os critérios de inclusão iniciais (idade acima de 18 anos, período pós-gestacional no puerpério ( de 20 a 45 dias após o nascimento do bebê), número de gestações anteriores) e aquelas que preencherem os critérios serão convidadas a participarem do estudo. </text></passage><passage><infon key="section">exclusion_criteria</infon><infon key="lang">pt-br</infon><offset>-1</offset><text>maes com ausencia de diagnóstico de depressao pos parto;
idade abaixo de 18 anos</text></passage></document></collection>