<?xml version="1.0" encoding="UTF-8"?><!DOCTYPE collection SYSTEM "BioC.dtd"><collection><source></source><date></date><key></key><document><id>RBR-2q5yjx</id><passage><infon key="section">public_title</infon><infon key="lang">en</infon><offset>-1</offset><text>Effectiveness and safety evaluation of biomembrane hemicellulose versus curative collagenase in the treatment of chronic venous ulcers</text></passage><passage><infon key="section">scientific_title</infon><infon key="lang">en</infon><offset>-1</offset><text>Biomembranse of hemicellulose dressing versus collagenase in the treatment of chronic venous ulcers: randomized clinical trial, open and controlled study </text></passage><passage><infon key="section">freetext</infon><infon key="lang">en</infon><offset>-1</offset><text>Varicose ulcers</text></passage><passage><infon key="section">freetext</infon><infon key="lang">en</infon><offset>-1</offset><text>There will be two randomized groups, with 35 participants in each group:
Group 1: subjects with venous ulcers treated with biomembrane hemicellulose dressing with change once a day associated with compression therapy with elastic band, also with application once per day (morning and removed at the end of the day).</text></passage><passage><infon key="section">inclusion_criteria</infon><infon key="lang">en</infon><offset>-1</offset><text>Sign the consent form; ge above 18 years; of both sexes; Venous chronic disease with venous chronic ulcer evidenced by one or more of the following signs: Hyperpigmentation of the distal third of the lower limb; stasis eczema; lipodermatosclerosis; varicose veins; One or more ulcers whose minimum evolution time is 6 weeks; present ulcer whose largest size is linear up to 20cm; Ulcers do not occur throughout the circumference of the member
Do not use venotonics drugs; pentoxifylline and fibrinolytic drugs in the last two weeks before the study</text></passage><passage><infon key="section">exclusion_criteria</infon><infon key="lang">en</infon><offset>-1</offset><text>Having other etiologies ulcers (peripheral arterial disease, causes hematologic, neoplastic, infectious, etc.); Ulcer whose largest linear size is more than 20cm; Ulcers occurring throughout the limb circumference;
Infected ulcer, or when combined with erysipelas, cellulitis or lymphangitis;</text></passage><passage><infon key="section">primary_outcome</infon><infon key="lang">en</infon><offset>-1</offset><text>Percent  reduction in ulcer area during the 90 day treatment period: it will be calculated by the average ulcerated area before the initiation of treatment (T0), the 30th day after start of treatment (T30), day 60 (T60 ) and day 90 (T90). For the measurement of the area, each ulcer will be analyzed using the planimetric method using drawing the outlines in clear plastic film. Later it will be captured digital photos directly from these images. To create a frame of photographic measurements, the drawings will be photographed and placed a known size adhesive adjacent the edge of the design. From known external reference, establish the length of the relationship (pixels/mm) individualized for each picture and the computer to perform the manual tracing the perimeter of ulcers and will be calculated in your area pixel, and then transformed into cm2. Captured images will be analyzed using the ImageJ 1.37v software</text></passage><passage><infon key="section">primary_outcome</infon><infon key="lang">pt-br</infon><offset>-1</offset><text>Porcentagem de diminuição da área ulcerada  durante os 90 dias do período de tratamento. Será calculada por meio da área média ulcerada antes do inicio do tratamento (T0), no 30° dia após o início do tratamento (T30), 60° dia (T60) e 90° dia (T90). Para a mensuração da área, cada úlcera será analisada empregando o método planimétrico utilizando desenho dos contornos em filme plástico transparente. Posteriormente serão capturadas fotografias digitais diretamente dessas imagens. Para se criar um referencial de medidas fotográficas, os desenhos serão fotografados e será colocado um adesivo de tamanho conhecido adjacente a borda do desenho. A partir de referencial externo conhecido, estabelecerá a relação do comprimento (pixels/mm) individualizada para cada foto e no computador se realizará o traçado manual do perímetro das úlceras e será calculada sua área em pixel, sendo depois transformada em cm2. As imagens capturadas serão analisadas por meio do software ImageJ 1.37v</text></passage><passage><infon key="section">primary_outcome</infon><infon key="lang">en</infon><offset>-1</offset><text> There was a reduction of the area as a function of time, with no difference between groups</text></passage><passage><infon key="section">primary_outcome</infon><infon key="lang">pt-br</infon><offset>-1</offset><text> Houve redução da área em função do tempo, sem diferença entre os grupos</text></passage><passage><infon key="section">secondary_outcome</infon><infon key="lang">en</infon><offset>-1</offset><text>Complete healing: defined as having a "wound closed ', i.e., complete re-epithelization of the wound with no drain. This outcome will be assessed by the researcher in patient assessment</text></passage><passage><infon key="section">secondary_outcome</infon><infon key="lang">pt-br</infon><offset>-1</offset><text>Completa cicatrização: definida por ter um "ferida fechada ', ou seja, completa reepitelização da ferida com a ausência de drenagem. Esse desfecho será avaliado pelo pesquisador na avaliação do paciente</text></passage><passage><infon key="section">secondary_outcome</infon><infon key="lang">en</infon><offset>-1</offset><text>Of the 73 ulcers healed 19, 12 of the biomembrane group and 7 in the collagenase group. There was no statistically significant difference between groups (p=0.206)</text></passage><passage><infon key="section">secondary_outcome</infon><infon key="lang">pt-br</infon><offset>-1</offset><text>Das 73 úlceras, 19 cicatrizaram, sendo 12 do grupo biomembrana e 7 do grupo colagenase. Não houve diferença estatisticamente significante entre os grupos (p= 0,206)</text></passage><passage><infon key="section">secondary_outcome</infon><infon key="lang">en</infon><offset>-1</offset><text>Reduction or absence of devitalized tissue in the ulcer bed: this analysis will be performed at T0, T30 and T90. All ulcers will be photographed for the evaluation will be performed by two methods: 1- by researcher in clinical care; 2 by two external examiners through the photographic images captured at the time of service. In the latter case, the examiners will not be aware of the group the patient belongs and have standardized worksheet for recording the information</text></passage><passage><infon key="section">secondary_outcome</infon><infon key="lang">pt-br</infon><offset>-1</offset><text>Diminuição ou ausência de tecidos desvitalizados no leito da úlcera: Esta análise será realizada nos momentos T0, T30 e T90. Todas as úlceras serão fotografadas pois a avaliação será realizada por duas metodologias: 1-pelo pesquisador no atendimento clínico; 2-por dois examinadores externos por meio das imagens fotográficas capturadas no momento do atendimento. Neste último caso, os examinadores não terão conhecimento do grupo que o paciente pertence e terão planilha padronizada para anotação das informações</text></passage><passage><infon key="section">secondary_outcome</infon><infon key="lang">en</infon><offset>-1</offset><text>This outcome was analyzed by two external evaluators to study without knowledge of the groups that were ulcers . Data on photographic analysis according to the evaluators 1 and 2, distributed by study group at 0, 30 and 90 and conducted longitudinal analysis. There was improvement in the vitality of the bed for both groups as a function of time, but no statistical difference between the groups. According to researcher's analysis of the vitality of the ulcer bed for study group. negative binomial distribution was carried out , and also in real-time evaluation of the researcher profile modification was a function of time , with no differences between groups (p=0,26) </text></passage><passage><infon key="section">secondary_outcome</infon><infon key="lang">pt-br</infon><offset>-1</offset><text>Este desfecho foi analisado por dois avaliadores externos ao estudo, sem conhecimento dos grupos que eram as úlceras. Os dados referentes à análise fotográfica de acordo com os avaliadores 1 e 2, distribuídos por grupo de estudo nos tempos 0, 30 e 90 e realizada análise longitudinal. Houve melhora na vitalidade do leito para ambos os grupos em função do tempo, mas sem diferença estatística entre os grupos. De acordo com análise do pesquisador da vitalidade do leito da úlcera, por grupo de estudo. Foi realizada distribuição de probabilidade binomial negativo, e também na avaliação em tempo real do pesquisador houve modificação do perfil em função do tempo, sem diferenças entre os grupos (p=0,26) </text></passage><passage><infon key="section">secondary_outcome</infon><infon key="lang">en</infon><offset>-1</offset><text>exudate reduction: will be evaluated by the researcher at the time of clinical care at T0, T30 and T90, the amount of exudate may be absent, small, medium and large</text></passage><passage><infon key="section">secondary_outcome</infon><infon key="lang">pt-br</infon><offset>-1</offset><text>Diminuição do exsudato: será avaliada pelo pesquisador no momento do atendimento clínico nos momentos T0, T30 e T90, a quantidade de exsudato podendo ser ausente, pequena, média e grande  </text></passage><passage><infon key="section">secondary_outcome</infon><infon key="lang">en</infon><offset>-1</offset><text>This outcome was analyzed by the researcher in T0 visits, T30 , T60 and T90 . negative binomial distribution was carried out on this analysis , there was no variation in the amount of exudate in accordance with time or with treatment </text></passage><passage><infon key="section">secondary_outcome</infon><infon key="lang">pt-br</infon><offset>-1</offset><text>Este desfecho foi analisado pelo pesquisador nas visitas T0, T30, T60 e T90. Foi realizada distribuição de probabilidade binomial negativo e nesta análise não houve variação na quantidade de exsudato de acordo com o tempo ou com o tratamento </text></passage><passage><infon key="section">secondary_outcome</infon><infon key="lang">en</infon><offset>-1</offset><text>Local adverse events: pain , ulcer edge maceration, eczema, local infection (erysipelas, cellulitis, lymphangitis), increase the extent of ulcer, critical colonization (large amount of exudate and / or foul odor and / or wound bed coloring yellow and / or green and / or red opaque and / or friable granulation tissue), opening new ulcer. They will be evaluated by the researcher at the time of clinical care at T0, T30 and T90 </text></passage><passage><infon key="section">secondary_outcome</infon><infon key="lang">pt-br</infon><offset>-1</offset><text>Eventos adversos locais: dor, maceração da borda da úlcera, eczema, infecção local (erisipela, celulite, linfangite), aumento da extensão da úlcera, colonização crítica (grande quantidade de exsudação e/ou odor fétido e/ou coloração do leito da ferida amarelado e/ou esverdeado e/ou vermelho opaco e/ou tecido de granulação friável), abertura de nova úlcera. Serão avaliados pelo pesquisador no momento do atendimento clínico nos momentos T0, T30 e T90 </text></passage><passage><infon key="section">secondary_outcome</infon><infon key="lang">en</infon><offset>-1</offset><text>There were seven local adverse events: 3 in the collagenase group (opening new ulcer) and 4 in the biomembrane group (2 with opening new ulcer, 1 with itching at the compressive dressing and 1 with local infection. In both groups there were no adverse events related to the products </text></passage><passage><infon key="section">secondary_outcome</infon><infon key="lang">pt-br</infon><offset>-1</offset><text>Houveram sete eventos adversos locais: 3 no grupo colagenase (abertura de nova úlcera) e 4 no grupo biomembrana (2 com abertura de nova úlcera, 1 com prurido no local da faixa compressiva e 1 com infecção local. Em ambos os grupos não houve eventos adversos relacionados aos produtos</text></passage><passage><infon key="section">secondary_outcome</infon><infon key="lang">en</infon><offset>-1</offset><text>Neoangiogenesis assessment by performing the ulcer edge of the biopsy at T0 and T90 time. Neovascularization count is performed by digital analysis of immunohistochemistry, using two immunological markers CD 31 and CD 34</text></passage><passage><infon key="section">secondary_outcome</infon><infon key="lang">pt-br</infon><offset>-1</offset><text>Avaliação da neoangiogênese através da realização de biopsia da borda da úlcera no tempo T0 e T90. A contagem da neovascularização será realizada por análise digital da imunohistoquímica, através de dois marcadores imunológicos CD 31 e CD 34</text></passage><passage><infon key="section">secondary_outcome</infon><infon key="lang">en</infon><offset>-1</offset><text>Preliminary results show that the biomembrane group had higher vascular proliferation that the collagenase group</text></passage><passage><infon key="section">secondary_outcome</infon><infon key="lang">pt-br</infon><offset>-1</offset><text>Os resultados preliminares mostram que o grupo  biomembrana apresentou maior proliferação vascular que o grupo colagenase</text></passage><passage><infon key="section">public_title</infon><infon key="lang">pt-br</infon><offset>-1</offset><text>Avaliação de eficácia e segurança da biomembrana de hemicelulose versus curativo com colagenase no tratamento de úlceras venosas crônicas</text></passage><passage><infon key="section">scientific_title</infon><infon key="lang">pt-br</infon><offset>-1</offset><text>Biomembrana de hemicelulose versus curativo com colagenase no tratamento de úlceras venosas crônicas: ensaio clínico randomizado, aberto e controlado</text></passage><passage><infon key="section">freetext</infon><infon key="lang">pt-br</infon><offset>-1</offset><text>Haverá dois grupos randomizados, com 35 participantes em cada grupo:
Grupo 1 - participantes com úlceras venosas tratados com curativo de biomembrana de hemicelulose com troca uma vez ao dia associado a terapia compressiva com faixa elástica, também com aplicação uma vez ao dia (pela manhã e retirada no final do dia).</text></passage><passage><infon key="section">inclusion_criteria</infon><infon key="lang">pt-br</infon><offset>-1</offset><text>Assinar o termo de consentimento livre e esclarecido;Idade acima de 18 anos; de ambos os sexos; Doença venosa crônica com úlcera venosa crônica evidenciada por um ou mais dos seguintes sinais: Hiperpigmentação do terço distal do membro inferior; Eczema de estase; Lipodermatoesclerose; Veias varicosas; Apresentar uma ou mais úlceras cujo tempo de evolução mínimo seja de 6 semanas; Apresentar úlcera cujo maior tamanho linear seja até 20cm
Úlceras que não ocorram em toda circunferência do membro; Não utilizar medicamentos venotônicos; pentoxifilina e drogas fibrinolíticas nas últimas duas semanas antes do estudo</text></passage><passage><infon key="section">exclusion_criteria</infon><infon key="lang">pt-br</infon><offset>-1</offset><text>Ter úlceras de outras etiologias (doença arterial periférica, causas hematológicas, neoplásicas, infecciosas, etc); Apresentar úlcera cujo maior tamanho linear seja mais do que 20cm; Ter úlceras que ocorram em toda circunferência do membro; Ter úlcera infectada, ou seja, quando associada a erisipela, celulite ou linfangite; Ter úlcera com colonização crítica, ou seja, grande quantidade de exsudação e/ou odor fétido e/ou coloração do leito esverdeado; Presença de necrose no leito da úlcera; Ter úlcera venosa associada à doença arterial periférica que será caracterizada quando o índice sistólico tornozelo-braço (ITB) for menor do que 0,9 e/ou ausência de pulsos distais, principalmente tibioso; Ter história de hipersensibilidade aos tratamentos propostos</text></passage></document></collection>