<?xml version="1.0" encoding="UTF-8"?><!DOCTYPE collection SYSTEM "BioC.dtd"><collection><source></source><date></date><key></key><document><id>RBR-2n9nhj</id><passage><infon key="section">public_title</infon><infon key="lang">en</infon><offset>-1</offset><text>A school-based intervention to improve sense of coherence and children</text></passage><passage><infon key="section">scientific_title</infon><infon key="lang">en</infon><offset>-1</offset><text>A school-based intervention to improve sense of coherence and children</text></passage><passage><infon key="section">freetext</infon><infon key="lang">en</infon><offset>-1</offset><text>Periodontics
Quality of life</text></passage><passage><infon key="section">freetext</infon><infon key="lang">en</infon><offset>-1</offset><text>Data will be collected from 292 children, 146 in the intervention and 146 in the control group. The control group do not receive any intervention. Children in the intervention group will attend activities developed by trained teachers at the school environment, to improve their sense of coherence. The intervention includes 7 weekly activity sessions developed with children, during a 2 months period.
The activities include:</text></passage><passage><infon key="section">inclusion_criteria</infon><infon key="lang">en</infon><offset>-1</offset><text>Children enrolled in the fourth and fifth years in the selected schools.</text></passage><passage><infon key="section">exclusion_criteria</infon><infon key="lang">en</infon><offset>-1</offset><text>Children intellectually and physically uncapable of responding to the questionnaires.</text></passage><passage><infon key="section">primary_outcome</infon><infon key="lang">en</infon><offset>-1</offset><text>Oral health related quality of life improvement, measured by means of the Child Perceptions questionnaire for 8-10 (CPQ8-10) and 11.14 (CPQ11-14) years-old children, with a decrease in the questionnaire score after intervention. </text></passage><passage><infon key="section">primary_outcome</infon><infon key="lang">pt-br</infon><offset>-1</offset><text>Melhora na qualidade de vida relacionada à saúde bucal, mensurada através do "Child perception questionnaire" para crianças de 8-10 (CPQ8-10) e de 11-14 (CPQ11-14) anos de idade, a partir da redução do escore do questionário após a intervenção. </text></passage><passage><infon key="section">secondary_outcome</infon><infon key="lang">en</infon><offset>-1</offset><text>Sense of coherence improvement, mensured using the SOC-13 scale, with a decrease in the questionnaire score after intervention. Dental caries, according to DMF-T Index, with a decrease in the index. Gingival bleeding, according to Community periodontal index (CPI), with a decrease in the index.</text></passage><passage><infon key="section">secondary_outcome</infon><infon key="lang">pt-br</infon><offset>-1</offset><text>Melhora do senso de coerência, medido através da escala SOC-13, a partir da redução do escore do questionário após a intervenção. Cárie dentária, mensurada através do Índice CPO-D, a partir da redução no índice. Sangramento gengival mensurado através do "Community periodontal index (CPI)", a partir da redução no índice.</text></passage><passage><infon key="section">public_title</infon><infon key="lang">pt-br</infon><offset>-1</offset><text>Mudanças na saúde bucal e na qualidade de vida de crianças após uma estratégia
de promoção de saúde bucal na escola </text></passage><passage><infon key="section">scientific_title</infon><infon key="lang">pt-br</infon><offset>-1</offset><text>Mudanças na saúde bucal e na qualidade de vida de crianças após uma estratégia
de promoção de saúde bucal na escola - estudo intervencional</text></passage><passage><infon key="section">freetext</infon><infon key="lang">pt-br</infon><offset>-1</offset><text>356 crianças farão parte do estudo, 165 no grupo intervenção e 191 no grupo controle. O grupo controle não recebe nenhuma intervenção. As crianças do grupo intervenção participarão de  atividades desenvolvidas nas escolas, por professores treinados, para melhorar o senso de coerência. A intervenção inclui 7 sessões de atividades semanais, durante 2 meses.  
As atividades incluem:</text></passage><passage><infon key="section">inclusion_criteria</infon><infon key="lang">pt-br</infon><offset>-1</offset><text>Crianças matriculadas nos quartos e quintos anos das escolas selecionadas.</text></passage><passage><infon key="section">exclusion_criteria</infon><infon key="lang">pt-br</infon><offset>-1</offset><text>Crianças com incapacidade física e intelectual para responder os questionários.</text></passage></document></collection>