<?xml version="1.0" encoding="UTF-8"?><!DOCTYPE collection SYSTEM "BioC.dtd"><collection><source></source><date></date><key></key><document><id>RBR-44kg5x</id><passage><infon key="section">public_title</infon><infon key="lang">en</infon><offset>-1</offset><text>Intralesional treatment for cutaneous leishmanisis</text></passage><passage><infon key="section">scientific_title</infon><infon key="lang">en</infon><offset>-1</offset><text>Efficacy and safety of intralesional use of meglumine antimoniate in the treatment of localized cutaneous leishmaniasis</text></passage><passage><infon key="section">freetext</infon><infon key="lang">en</infon><offset>-1</offset><text>Cutaneous leishmaniasis</text></passage><passage><infon key="section">freetext</infon><infon key="lang">en</infon><offset>-1</offset><text>Infiltration of intralesional meglumine antimoniate in all 49 study subjects, 0.008 ml per mm2 of lesion area, weekly, 8 applications. There will be no placebo or no treatment group.</text></passage><passage><infon key="section">inclusion_criteria</infon><infon key="lang">en</infon><offset>-1</offset><text>volunteers with localized cutaneous form of leishmaniasis; both sexes; with up to maximum of three lesions and area of lesions of not more than 900mm2</text></passage><passage><infon key="section">exclusion_criteria</infon><infon key="lang">en</infon><offset>-1</offset><text>Pretreatment with antileishmanial drugs for less than 6 months;
History of allergy to meglumine antimoniate; Presence of congestive heart failure or cardiac arrhythmia; Medication with potential to cause cardiac arrhythmia; Pregnancy or lactation; Creatinine above 2 mg%</text></passage><passage><infon key="section">primary_outcome</infon><infon key="lang">en</infon><offset>-1</offset><text>efficacy of intralesional infiltration evaluated by the absolute number and percentage of cured patients compared to treated patients. Cure is defined by complete epithelization of the lesion and no infiltration. </text></passage><passage><infon key="section">primary_outcome</infon><infon key="lang">pt-br</infon><offset>-1</offset><text>eficácia do tratamento com infiltração intralesional medida através do número absoluto e percentual de pacientes curados em relação ao número de pacientes tratados definidos por presença de epitelização completa da lesão e ausencia de infiltração</text></passage><passage><infon key="section">secondary_outcome</infon><infon key="lang">en</infon><offset>-1</offset><text>tolerance to the treatment evaluated by the number of patients with adverse events compared to all treated patients; a clinical and laboratory record previously set will be used </text></passage><passage><infon key="section">secondary_outcome</infon><infon key="lang">pt-br</infon><offset>-1</offset><text>tolerância ao tratamento avaliada através do número de pacientes que apresentarem efeitos adversos durante e após o tratamento (avaliado através de ficha clínica e laboratorial previamente definida)em relação ao número total de pacientes tratados  </text></passage><passage><infon key="section">secondary_outcome</infon><infon key="lang">en</infon><offset>-1</offset><text>description of pharmacokinetic property of antimony after intralesional infiltration performed by measurement of plasma level of antimony before and after 1,2,4 and 6 hours after ainfiltração </text></passage><passage><infon key="section">secondary_outcome</infon><infon key="lang">pt-br</infon><offset>-1</offset><text>descrição das propriedade farmacocinéticas do antimonio após infiltração intralesional através da dosagem do nível plasmático de antimonio antes e após 1,2,4,e 6 horas da infiltração</text></passage><passage><infon key="section">secondary_outcome</infon><infon key="lang">en</infon><offset>-1</offset><text>relapse rate in one year evaluated by number of relapsed patients  at 12-month clinical assessment </text></passage><passage><infon key="section">secondary_outcome</infon><infon key="lang">pt-br</infon><offset>-1</offset><text>taxa de recidiva da doença em 1 ano avaliada através do número de pacientes doença ativa após cura na avaliação clínica no 12o mes de seguimento </text></passage><passage><infon key="section">public_title</infon><infon key="lang">pt-br</infon><offset>-1</offset><text>Tratamento de leishmaniose cutânea com infiltração na lesão</text></passage><passage><infon key="section">scientific_title</infon><infon key="lang">pt-br</infon><offset>-1</offset><text>Estudo clínico para avaliação da eficácia e segurança do uso intralesional de antimoniato de meglumina no tratamento da leishmaniose cutânea localizada</text></passage><passage><infon key="section">freetext</infon><infon key="lang">pt-br</infon><offset>-1</offset><text>Infiltração de antimoniato de meglumina intralesional em todos os 49 sujeitos do estudo, em volume de 0.008 ml por mm2 de area de lesão, com intervalo de 7 dias, 8 aplicações. Não haverá grupo placebo ou sem tratamento. </text></passage><passage><infon key="section">inclusion_criteria</infon><infon key="lang">pt-br</infon><offset>-1</offset><text>voluntários com forma cutânea localizada de leishmaniose; ambos os sexos; com o máximo de máximo de 3 lesões e área total de lesão não superior a 900mm2






</text></passage><passage><infon key="section">exclusion_criteria</infon><infon key="lang">pt-br</infon><offset>-1</offset><text>Tratamento prévio com drogas leishmanicidas há menos de 6 meses;
História de alergia a antimoniato de meglumina; Presença de insuficiência cardíaca congestiva ou arritmia cardiaca; Uso de medicação com potencial de causar arritmia cardíaca; Gravidez ou lactação; Creatinina acima de 2 mg%</text></passage></document></collection>