<?xml version="1.0" encoding="UTF-8"?><!DOCTYPE collection SYSTEM "BioC.dtd"><collection><source></source><date></date><key></key><document><id>RBR-4w2jc2</id><passage><infon key="section">public_title</infon><infon key="lang">en</infon><offset>-1</offset><text>Evaluation of effect of probiotic in the treatment of cancer sores</text></passage><passage><infon key="section">scientific_title</infon><infon key="lang">en</infon><offset>-1</offset><text>Efficacy of the probiotic in the treatment of patients with recurrent aphthous stomatitis</text></passage><passage><infon key="section">freetext</infon><infon key="lang">en</infon><offset>-1</offset><text>Recorrent oral aphthae</text></passage><passage><infon key="section">freetext</infon><infon key="lang">en</infon><offset>-1</offset><text>Test group 30 patients will receive 2 envelops per day with probiotic. The patient must intake the envelops during 120 days.
Control group: 30 patients will receive 2 envelops per day with placebo. The patient must intake the envelops during 120 days.</text></passage><passage><infon key="section">inclusion_criteria</infon><infon key="lang">en</infon><offset>-1</offset><text>Patients with a history of recurrent aphthous stomatitis (RAS) with age between 18 to 60 years, both genders; suffering from RAS for at least one year, with ulcers at least once a month; who had signed informed consent.

</text></passage><passage><infon key="section">exclusion_criteria</infon><infon key="lang">en</infon><offset>-1</offset><text>Patients with a history of EAR under age of 18 or over 60 years; chronic smokers or alcoholics ; pregnancy or it suspicion ; patients with current or previous malignancies ; undergoing chemotherapy or radiotherapy ; suspected or history of congenital or acquired immunodeficiency ; under suspected or history of Crohn</text></passage><passage><infon key="section">primary_outcome</infon><infon key="lang">en</infon><offset>-1</offset><text>Reduction in the number of ulcers crisis; Reduction of painful symptoms (DOR) during crises assessed by visual analogue scale Reduction in mean time to repair lesions (measured in days) Reduction in lesion size (measured by ruler)  Reduction in the cytokine levels: Th1 (IL12-p70, INF-g ) Increase in the cytokine levels: Th2 (IL10, IL4)  Reduction in the cytokine levels: inflamatory (TNF-A, IL6, IL17), </text></passage><passage><infon key="section">primary_outcome</infon><infon key="lang">pt-br</infon><offset>-1</offset><text>Redução no número de úlceras por crise; Redução da sintomatologia dolorosa (DOR) durante as crises avaliada por meio de escala visual analógica; Redução no tempo médio de reparação das lesões (aferidos em dias) Redução do tamanho das lesões (aferidos por régua); Alteração nos níveis das citocinas: Redução nos níveis de citocinas Th1 (IL12-p70, INF-g); Aumento dos níveis de citocinas Th2 (IL10, IL4); Redução dos níveis de citocinas inflamatórias (TNFA, IL6, IL17)</text></passage><passage><infon key="section">secondary_outcome</infon><infon key="lang">en</infon><offset>-1</offset><text>Side effect incidence  Side effect type </text></passage><passage><infon key="section">secondary_outcome</infon><infon key="lang">pt-br</infon><offset>-1</offset><text>Incidência e tipo de efeitos colaterais</text></passage><passage><infon key="section">secondary_outcome</infon><infon key="lang">en</infon><offset>-1</offset><text>Incidence of side-effects flatulence and leaky gut.</text></passage><passage><infon key="section">secondary_outcome</infon><infon key="lang">pt-br</infon><offset>-1</offset><text>Incidência dos efeitos colaterais -flatulência e intestino solto</text></passage><passage><infon key="section">public_title</infon><infon key="lang">pt-br</infon><offset>-1</offset><text>Avaliação do efeito do uso de probiótico no tratamento da afta</text></passage><passage><infon key="section">scientific_title</infon><infon key="lang">pt-br</infon><offset>-1</offset><text>Eficácia do probiótico </text></passage><passage><infon key="section">freetext</infon><infon key="lang">pt-br</infon><offset>-1</offset><text>Grupo test: 30 pacientes deverão ingerir 2 sachês ao dia contendo probiótico durante um período de 120 dias.
Grupo controle: 30 pacientes deverão ingerir 2 sachês ao dia contendo placebo durante 120 dias.</text></passage><passage><infon key="section">inclusion_criteria</infon><infon key="lang">pt-br</infon><offset>-1</offset><text>Pacientes portadores de Estomatite aftosa recorrente (EAR),com idade entre 18 e 60 anos de ambos os gêneros;com história de úlceras bucais recorrentes há pelo menos 12 meses com no mínimo um surto ao mês; que não estivessem dentro de nenhum critério de exclusão e, após serem informados sobre a pesquisa, concordassem e assinassem o termo de consentimento livre e esclarecido aprovado pelo Comitê de Ética da Universidade.</text></passage><passage><infon key="section">exclusion_criteria</infon><infon key="lang">pt-br</infon><offset>-1</offset><text>Pacientes com história de EAR com idade inferior a 18 ou superior a 60 anos; etilistas ou tabagistas crônicos;gravidez ou sua suspeita; pacientes com neoplasias malignas atual ou pregressa; em tratamento quimioterápico ou radioterápico;com suspeita ou história de imunodeficiência congênita ou adquirida; com suspeita ou história de doença de Crohn,ou outras doenças inflamatórias intestinais; suspeita ou história de Síndrome de febre periódica, associada à estomatite aftosa, faringite e adenite cervical (PFAPA), Síndrome de Reiter;com suspeita ou doença de Behçet; com suspeita ou história de alguma deficiência nutricional ou vitamínica, neutropenia cíclica,doenças auotimunes e anemia;sob uso crônico de drogas tais como antiinflamatórios não esterioidais, imunossupressores (azatioprina, ciclosporina, corticosteróides, interferons), ansiolíticos, antidepressivos ou nicorandil; doenças sistêmicas graves tais como insuficiência renal, insuficiência hepática, hipertiroidismo ou hipotiroidismo; em uso de qualquer tipo de alimento com probióticos e suplementos de fibra alimentar e ou de medicamentos antidiarréicos, laxantes ou que atue sobre a mobilidade intestinal regularmente.
</text></passage></document></collection>