<?xml version="1.0" encoding="UTF-8"?><!DOCTYPE collection SYSTEM "BioC.dtd"><collection><source></source><date></date><key></key><document><id>RBR-3p7zcf</id><passage><infon key="section">public_title</infon><infon key="lang">en</infon><offset>-1</offset><text>Effectiveness comparison of physiotherapy with balance and gait exercises and physical therapy with strengthening exercises in patients with Parkinson</text></passage><passage><infon key="section">scientific_title</infon><infon key="lang">en</infon><offset>-1</offset><text>Effectiveness comparison of the Bobath concept versus muscle strength training to improve motor and non-motor symptoms in patients with Parkinson</text></passage><passage><infon key="section">freetext</infon><infon key="lang">en</infon><offset>-1</offset><text>Parkinson disease</text></passage><passage><infon key="section">freetext</infon><infon key="lang">en</infon><offset>-1</offset><text>Control group (n = 31) with Parkinson</text></passage><passage><infon key="section">inclusion_criteria</infon><infon key="lang">en</infon><offset>-1</offset><text>Medical diagnosis of Parkinson</text></passage><passage><infon key="section">exclusion_criteria</infon><infon key="lang">en</infon><offset>-1</offset><text>Individuals who perform other therapeutic treatment beyond drug that has change in medication during the study or those with associated diseases, such as neurological disorders, severe heart disease, amputations, cognitive deficits or understanding. Change in the stabilization of the antiparkinsonian doses throughout the study.
</text></passage><passage><infon key="section">primary_outcome</infon><infon key="lang">en</infon><offset>-1</offset><text>Improve balance verified by the force BIOMEC 400 platform (EMG System of Brazil) between pre- and post-intervention variables: amplitude (Hz), velocity (centimeters/second) and the center of pressure of the feet area (cm2). Significance level of 5% is adopted for the analysis. </text></passage><passage><infon key="section">primary_outcome</infon><infon key="lang">pt-br</infon><offset>-1</offset><text>Melhora do equilíbrio verificada pela plataforma de força BIOMEC 400 (EMG System do Brasil) entre as avaliações pré e pós intervenção, das variáveis: amplitude (hertz), velocidade (centímetros/segundo) e área do centro de pressão dos pés (centímetros quadrado). Será adotado valor de significância de 5% para as análises.</text></passage><passage><infon key="section">secondary_outcome</infon><infon key="lang">en</infon><offset>-1</offset><text>1) Improve gait verified by video analysis for variable speed (meters/second), total distance time (seconds) and gait cadence (steps/second) and foot print test for the variables step and stride length (cm) between the pre and post intervention analysis. Significance level of 5% is adopted for the analysis. </text></passage><passage><infon key="section">secondary_outcome</infon><infon key="lang">pt-br</infon><offset>-1</offset><text>1) Melhora da marcha verificada por análise de vídeo para as variáveis de velocidade (metros/segundo), tempo da distância percorrida (segundos) e cadência da marcha (passos/segundo) e pelo teste de impressão plantar para as variáveis comprimento do passo da passada (cm) entre as avaliações pré e pós intervenção. Será adotado valor de significância de 5% para as análises.</text></passage><passage><infon key="section">secondary_outcome</infon><infon key="lang">en</infon><offset>-1</offset><text>2) Improve quality of life assessed by questionnaires Questionnaire for Parkinson's disease (PDQ-39) and the minimum score (zero points) indicates a better perception of patients about their quality of life and Quality of Life Questionnaire for Parkinson Disease (PDQL) and the maximum score (185 points) indicates a better perception of patients about their quality of life; Significance level of 5% is adopted for the analysis.</text></passage><passage><infon key="section">secondary_outcome</infon><infon key="lang">pt-br</infon><offset>-1</offset><text>2) Melhora da qualidade de vida avaliada pelo Questionário para a doença de Parkinson (PDQ-39) onde o escore zero indica melhor percepção do paciente sobre sua qualidade de vida e o Questionário de Qualidade de Vida para a doença de Parkinson (PDQL) onde a pontuação máxima de 185 pontos indica melhor percepção dos pacientes sobre sua qualidade de vida. Será adotado valor de significância de 5% para as análises.</text></passage><passage><infon key="section">secondary_outcome</infon><infon key="lang">en</infon><offset>-1</offset><text>3) Improvement in functional independence (clinical signs and symptoms) verified by the Unified Rating Scale for Parkinson's Disease: - item II - daily activities (score 0-52 points) and the item III - motor (score of 0 - 108 points), totaling 27 items. The lower the score on the scale indicates greater independence. Significance level of 5% is adopted for the analysis.</text></passage><passage><infon key="section">secondary_outcome</infon><infon key="lang">pt-br</infon><offset>-1</offset><text>3) Melhora da independência funcional (sinais e sintomas clínicos) verificada pelo Escala unificada para a doença de Parkinson (UPDRS), utilizando o item II - domínios atividade de vida diária (escore de 0-52 pontos) e o item III - motor (escore de 0-108 pontos), totalizando 27 itens. Quanto mais baixa a pontuação maior o grau de independência do paciente. Será adotado valor de significância de 5% para as análises.</text></passage><passage><infon key="section">secondary_outcome</infon><infon key="lang">en</infon><offset>-1</offset><text>4) Improvement of depression assessed by the Geriatric Depression Scale: It is a test for detection depressive symptoms in the elderly, with 15 questions. The result of 5 or more points diagnosing depression. Expected to obtain lower scores than 5 post-intervention assessment. Significance level of 5% is adopted for the analysis.</text></passage><passage><infon key="section">secondary_outcome</infon><infon key="lang">pt-br</infon><offset>-1</offset><text>4) Melhora dos sinais depressivos avaliados pela Escala de Depressão Geriátrica: é um teste para detectar sinais depressivos no idoso, com 15 questões afirmativas e negativas. O resultado de 5 pontos ou mais diagnostica depressão. Esperamos obter escores inferiores a 5 após a avaliação pós-intervenção. Será adotado valor de significância de 5% para as análises. </text></passage><passage><infon key="section">public_title</infon><infon key="lang">pt-br</infon><offset>-1</offset><text>Comparação da efetividade entre a fisioterapia com exercícios de equilíbrio e marcha e a fisioterapia com exercícios de fortalecimento nos sintomas de pacientes com doença de Parkinson</text></passage><passage><infon key="section">scientific_title</infon><infon key="lang">pt-br</infon><offset>-1</offset><text>Comparação da efetividade do conceito Bobath versus treinamento de força muscular na melhora dos sintomas motores e não motores em pacientes com doença de Parkinson: ensaio clínico aleatório</text></passage><passage><infon key="section">freetext</infon><infon key="lang">pt-br</infon><offset>-1</offset><text>Grupo Controle (n=31), com doença de Parkinson que receberão 24 terapias com treino de Força muscular, divididas em 3 blocos de 8 terapias que seguem evolução gradativa dos exercícios, com frequência de 3 vezes por semana e duração de 60 minutos): Terapia de 1 a 8: Exercícios de fortalecimento de membros superiores, inferiores, abdominais e dorso realizados em decúbito dorsal, lateral, sentado e em pé com carga de 1 kilograma com série de 10 repetições. Terapia de 9 a 16: idem ao anterior com evolução da carga para 2 kilogramas e 1 série de 10 exercícios cada. Terapia de 17 a 24: idem ao anterior com evolução da carga para 2 kilogramas e 2 séries de 10 exercícios cada.  Grupo Intervenção (n=31), com doença de Parkinson que receberão 24 terapias com aplicação do conceito Bobath, divididas em 3 blocos de 8 terapias que seguem evolução gradativa dos exercícios, com frequência de 3 vezes por semana e duração de 60 minutos): Terapia 1 a 8: Exercícios realizados sobre a espuma e mini-trampolim nas posições de Romberg (pés paralelos) para estimular o equilíbrio. Exercícios sobre o step para estimular o planejamento motor e com a bola terapêutica para treino das atividades funcionais. Terapia 9 a 16: Idem anterior com exercícios realizados nas posições de Tandem (pé um a frente do outro). Terapia 17 a 24: Idem anterior com exercícios realizados nas posições Unipodal. Ao final das terapias (1 a 24) haverá treino de marcha com circuito (pistas visuais e auditivas). </text></passage><passage><infon key="section">inclusion_criteria</infon><infon key="lang">pt-br</infon><offset>-1</offset><text>Diagnóstico médico de doença de Parkinson, segundo os critérios do Banco de Cérebro de Londres (Uk Parkinson’s Disease Society Brain Bank Clinical Diagnostic Criteria): Primeira etapa: Bradicinesia associada a pelo menos um dos seguintes sintomas: tremor de repouso, ou rigidez muscular ou alteração dos reflexos posturais; Segunda etapa: critérios de exclusão diagnóstica; ausência de sinais clínicos de formas de Parkinsonismo secundário ou Parkinsonismo-Plus; Ausência de alteração de movimentos oculares, demência no primeiro ano de sintomas, ataxia cerebelar, disautonomia severa, quedas e desequilíbrio grave já no primeiro ano de sintomas, etc; Terceira etapa: Critérios de sustentação do diagnóstico: presença de três ou mais; Início unilateral e curso assimétrico; O lado inicialmente afetado é o mais comprometido em toda evolução; Presença de tremor de repouso; Progressão dos sintomas; Resposta excelente à levodopa; Resposta à levodopa durando cinco ou mais anos; Discinesia induzida pela levodopa; Evolução clinica de dez ou mais anos. Indivíduos acima de 50 anos. Não institucionalizados. Escore Mini Mental mínimo que não caracterize déficit cognitivo. Hohen Yahr entre 1,5 a 3,0. Que aceitem participar do projeto e assine o termo de consentimento livre e esclarecido segundo os critérios do Comitê de Ética em Pesquisa da Universidade Estadual de Londrina, de acordo com o parecer 466/2012 (CNS).</text></passage><passage><infon key="section">exclusion_criteria</infon><infon key="lang">pt-br</infon><offset>-1</offset><text>Indivíduos que realizam outro tratamento terapêutico além do medicamentoso, que tenha alteração na medicação no decorrer do estudo ou que apresente doenças associadas, como: doenças neurológicas, cardiopatias graves, amputações, déficits cognitivos ou de compreensão. Alteração na estabilização das doses do antiparkinsoniano no decorrer do estudo.
</text></passage></document></collection>