<?xml version="1.0" encoding="UTF-8"?><!DOCTYPE collection SYSTEM "BioC.dtd"><collection><source></source><date></date><key></key><document><id>RBR-4tkh6s</id><passage><infon key="section">public_title</infon><infon key="lang">en</infon><offset>-1</offset><text>Translation of the S.W.I.M. scale</text></passage><passage><infon key="section">scientific_title</infon><infon key="lang">en</infon><offset>-1</offset><text>Translation, cultural adaptation and reliability of the s.w.i.m. scale</text></passage><passage><infon key="section">freetext</infon><infon key="lang">en</infon><offset>-1</offset><text>child; motor skill; healthy volunteers; swimming.</text></passage><passage><infon key="section">freetext</infon><infon key="lang">en</infon><offset>-1</offset><text>Phase 1: two translations from English to Portuguese. Phase 2: synthesis of translations in Portuguese. Phase 3: back-translation from Portuguese to English. Step 4: Meeting with translators and experts to clarify possible errors in Portuguese translation. Phase 5: analysis of comprehension of the scale by 20 professionals, 10 physiotherapists specializing in aquatic therapy and 10 physical education. Step 6: one scale application in healthy children 20 to analyze the understanding of the scale. Step 7: intra reliability, two differents appraiser,  and inter-examiner, two evaluation in two differents days, in 30 healthy children by analysis on film.</text></passage><passage><infon key="section">inclusion_criteria</infon><infon key="lang">en</infon><offset>-1</offset><text>Professionals with degree in physical therapy specializing in aquatic therapy; professionals with a degree in physical education with experience in the swimming adapted area; both genders; aged 21 to 60 years. Healthy children; both genders; aged 3 to 11 years; children who underwent even months of swimming lesson. </text></passage><passage><infon key="section">exclusion_criteria</infon><infon key="lang">en</infon><offset>-1</offset><text>Professionals who not have experience and formation in physiotherapy and physical education. Children under 3 years old and over 11 years; children with motor deficit or learning change; children over 6 months of swimming lessons; children with changes in health status; that are not available to participate in all stages of the study.</text></passage><passage><infon key="section">primary_outcome</infon><infon key="lang">en</infon><offset>-1</offset><text>Translation and cultural adaptation of the scale SWIM for the Brazilian Portuguese equivalent to original version attested to translation guides. </text></passage><passage><infon key="section">primary_outcome</infon><infon key="lang">pt-br</infon><offset>-1</offset><text>Tradução e adaptação transcultural da escala S.W.I.M. para o português brasileiro equivalente  a versão original certificado pelos guias de tradução.   </text></passage><passage><infon key="section">secondary_outcome</infon><infon key="lang">en</infon><offset>-1</offset><text>Secondary outcomes are not expected</text></passage><passage><infon key="section">secondary_outcome</infon><infon key="lang">pt-br</infon><offset>-1</offset><text>Não são esperados desfechos secundários</text></passage><passage><infon key="section">public_title</infon><infon key="lang">pt-br</infon><offset>-1</offset><text>Tradução da escala S.W.I.M.</text></passage><passage><infon key="section">scientific_title</infon><infon key="lang">pt-br</infon><offset>-1</offset><text>Tradução, adaptação transcultural e confiabilidade da escala s.w.i.m.</text></passage><passage><infon key="section">freetext</infon><infon key="lang">pt-br</infon><offset>-1</offset><text>Fase 1: duas traduções do inglês para o português. Fase 2: sintetização das traduções em português. Fase 3: retro-tradução do português para o inglês. Fase 4: reunião com os tradutores e especialistas com o objetivos de verificar possíveis erros na tradução para o português. Fase 5: análise da compreensão da escala por 20 profissionais, 10 fisioterapeutas com especialização em fisioterapia aquática e 10 professores de educação física. Fase 6: única aplicação da escala em 20 crianças saudáveis para analisar a compreensão da escala. Fase 7: confiabilidade intra examinador, dois avaliadores diferentes, e interexaminador, duas avaliações com intervalos de 30 dias, em 30 crianças saudáveis, por meio de análise em filme.</text></passage><passage><infon key="section">inclusion_criteria</infon><infon key="lang">pt-br</infon><offset>-1</offset><text>Profissionais com graduação em fisioterapia com especialidade em fisioterapia aquática; profissionais com graduação em educação física com experiência na área de natação adaptada; ambos os gêneros; idade entre 21 à 60 anos. Crianças saudáveis; ambos os gêneros; com idade entre 3 à 11 anos; crianças que realizaram até 6 meses de aula de natação. </text></passage><passage><infon key="section">exclusion_criteria</infon><infon key="lang">pt-br</infon><offset>-1</offset><text>Profissionais que não tenham experiência e formação na área fisioterapia e educação física. Crianças menores de 3 anos e maiores de 11 anos; crianças com deficit motor ou alteração de aprendizagem; crianças com mais de 6 meses de aula de natação; crianças com alteração no estado de saúde; que não estejam disponíveis para participar de todas as etapas do estudo. </text></passage></document></collection>