<?xml version="1.0" encoding="UTF-8"?><!DOCTYPE collection SYSTEM "BioC.dtd"><collection><source></source><date></date><key></key><document><id>RBR-45yn9v</id><passage><infon key="section">public_title</infon><infon key="lang">en</infon><offset>-1</offset><text>Evaluation of mandibular movements and chewing in women with face pain</text></passage><passage><infon key="section">scientific_title</infon><infon key="lang">en</infon><offset>-1</offset><text>Influence of education and self-care modalities on pain and function related to Chronic Temporomandibular Disorder: clinical trial, randomized, double-blinded, controlled</text></passage><passage><infon key="section">freetext</infon><infon key="lang">en</infon><offset>-1</offset><text>Chronic Pain, Temporomandibular Joint Disorders</text></passage><passage><infon key="section">freetext</infon><infon key="lang">en</infon><offset>-1</offset><text>Group Experimental 1: 30 women with chronical pain on face and temporomandibular joint will be evaluated in three moments, with an interval of 30 days among them: 1st appointment: education (information about chronical pain and temporomandibular joint disordes), 2nd. appointment: education and sel-care (thermoterapy, self-massage and mandibular exercises), 3rd. appointment: education and self-care instructions revised.
Group Experimental 2: 30 women with chronical pain on face and temporomandibular joint will be evaluated in three moments, with an interval of 30 days among them: 1st appointment: education and self-care, 2nd. appointment: education and sel-care</text></passage><passage><infon key="section">inclusion_criteria</infon><infon key="lang">en</infon><offset>-1</offset><text>Females, aged between 18 and 70 years, presenting chronic pain related to chronic temporomandibular disorder; not being in treatment for this painful condition; not be starting any treatment for any other painful condition such as fibromyalgia; back pain; neck pain or rheumatic changes; natural teeth or fixed prosthesis with posterior contention; be capable to reading and writing</text></passage><passage><infon key="section">exclusion_criteria</infon><infon key="lang">en</infon><offset>-1</offset><text>Using removable partial denture; using complete denture or implantssuported fixed; debilitating systemic diseases as Parkinson or Alzheimer; use of a cardiac pacemaker; absence of severe malocclusions as crossbite; anterior open bite; midline deviation</text></passage><passage><infon key="section">primary_outcome</infon><infon key="lang">en</infon><offset>-1</offset><text>Mean difference of pain, determined by means of an algometer and by responses to a questionnaire after each evaluation period of the study</text></passage><passage><infon key="section">primary_outcome</infon><infon key="lang">pt-br</infon><offset>-1</offset><text>Diferença média de dor, determinada através de algômetro e de respostas ao questionário após cada período de avaliação do estudo</text></passage><passage><infon key="section">secondary_outcome</infon><infon key="lang">en</infon><offset>-1</offset><text>Mean difference of mandibular movement amplitude and masticatory performance, determined by specific equipments</text></passage><passage><infon key="section">secondary_outcome</infon><infon key="lang">pt-br</infon><offset>-1</offset><text>Diferença média da amplitude de movimentação mandibular e do desempenho mastigatório, determinada através de equipamentos específicos</text></passage><passage><infon key="section">public_title</infon><infon key="lang">pt-br</infon><offset>-1</offset><text>Avaliação da movimentação mandibular e da mastigação de mulheres com dores na face</text></passage><passage><infon key="section">scientific_title</infon><infon key="lang">pt-br</infon><offset>-1</offset><text>Influência da educação e de autocuidados na dor e na função relacionada à Disfunção Temporomandibular Crônica: estudo clínico, randomizado, duplo-cego, controlado</text></passage><passage><infon key="section">freetext</infon><infon key="lang">pt-br</infon><offset>-1</offset><text>Grupo Experimental 1: 30 mulheres com dor crônica na face e articulação temporomandibular que serão avaliadas em três momentos, com intervalo de 30 dias, onde serão realizadas as intervenções de: 1a. consulta:  instruções de educação (informações sobre Dor Crônica e Transtornos da Articulação Temporomandibular), 2a. consulta: instruções de educação e autocuidados (termoterapia, automassagem e exercícios mandibulares), 3a. consulta: instruções de educação e autocuidados são revisadas.
Grupo Experimental 2: 30 mulheres com dor crônica na face e articulação temporomandibular que serão avaliadas em três momentos, com intervalo de 30 dias, onde serão realizadas as intervençõ</text></passage><passage><infon key="section">inclusion_criteria</infon><infon key="lang">pt-br</infon><offset>-1</offset><text>Gênero feminino; idade entre 18 e 70 anos; apresentar dor crônica relacionada à desordem temporomandibular crônica; não estar em tratamento para essa condição dolorosa; não estar iniciando nenhum tratamento para qualquer outra condição dolorosa como fibromialgia; lombalgia; cervicalgia ou alterações reumatológicas; apresentar dentição natural ou próteses fixas com contenção dos dentes posteriores; ser capaz de ler e escrever</text></passage><passage><infon key="section">exclusion_criteria</infon><infon key="lang">pt-br</infon><offset>-1</offset><text>Utilizar prótese parcial removível; utilizar prótese total ou fixa implantossuportada; doenças sistêmicas debilitantes como Parkinson ou Alzheimer; utilização de marcapasso cardíaco; ausência de maloclusões severas como mordida cruzada posterior, mordida aberta anterior, acentuado desvio de linha média</text></passage></document></collection>