<?xml version="1.0" encoding="UTF-8"?><!DOCTYPE collection SYSTEM "BioC.dtd"><collection><source></source><date></date><key></key><document><id>RBR-5qyjfr</id><passage><infon key="section">public_title</infon><infon key="lang">en</infon><offset>-1</offset><text>Passion fruit effect on the central nervous system</text></passage><passage><infon key="section">scientific_title</infon><infon key="lang">en</infon><offset>-1</offset><text>Passion Fruit effect on the central nervous system</text></passage><passage><infon key="section">freetext</infon><infon key="lang">en</infon><offset>-1</offset><text>Anxiety</text></passage><passage><infon key="section">freetext</infon><infon key="lang">en</infon><offset>-1</offset><text>Single dose trial: 30 healthy subjects ingesting 500 mg dry extract capsule whole plant Passiflora incarnata L.
Single dose control: 30 healthy individuals ingest 500 mg of starch capsule (placebo)</text></passage><passage><infon key="section">inclusion_criteria</infon><infon key="lang">en</infon><offset>-1</offset><text>90 Individuals of both sexes; aged between 18 and 59 years; healthy self-appointed; residence in João Pessoa-PB, signing the free and informed consent term.</text></passage><passage><infon key="section">exclusion_criteria</infon><infon key="lang">en</infon><offset>-1</offset><text>Subjects with any somatic or mental disorder diagnosed; pregnant women; individuals with chronic use of drugs, including drugs / substances that interfere in the degree of anxiety.</text></passage><passage><infon key="section">primary_outcome</infon><infon key="lang">en</infon><offset>-1</offset><text>Reducing Anxiety Inventory scores evaluated by trace-state anxiety from the observation of a variation of at least 5% in the measurements between the groups. </text></passage><passage><infon key="section">primary_outcome</infon><infon key="lang">pt-br</infon><offset>-1</offset><text>Redução dos escores de Ansiedade avaliada pelo inventário de ansiedade traço-estado a partir da constatação de uma variação de pelo menos 5% nas medições entre os grupos. </text></passage><passage><infon key="section">primary_outcome</infon><infon key="lang">en</infon><offset>-1</offset><text>Maintenance of Anxiety Inventory scores evaluated by State-trait anxiety, with no variation of at least 5% in the measurements between the groups. </text></passage><passage><infon key="section">primary_outcome</infon><infon key="lang">pt-br</infon><offset>-1</offset><text>Manutenção dos escores de Ansiedade avaliada pelo inventário de ansiedade traço-estado, não havendo variação de pelo menos 5% nas medições entre os grupos. </text></passage><passage><infon key="section">secondary_outcome</infon><infon key="lang">en</infon><offset>-1</offset><text>Secondary outcomes are expected not</text></passage><passage><infon key="section">secondary_outcome</infon><infon key="lang">pt-br</infon><offset>-1</offset><text>Não são esperados desfechos secundários</text></passage><passage><infon key="section">public_title</infon><infon key="lang">pt-br</infon><offset>-1</offset><text>Efeito do maracujá no sistema nervoso central</text></passage><passage><infon key="section">scientific_title</infon><infon key="lang">pt-br</infon><offset>-1</offset><text>Efeito do Maracujá no sistema nervoso central</text></passage><passage><infon key="section">freetext</infon><infon key="lang">pt-br</infon><offset>-1</offset><text>Dose única experimental: 30 indivíduos saudáveis ingerirão 500 mg em cápsula de extrato seco da planta inteira da Passiflora incarnata L.
Dose única controle: 30 indivíduos saudáveis ingerirão 500 mg em cápsula de amido (placebo)</text></passage><passage><infon key="section">inclusion_criteria</infon><infon key="lang">pt-br</infon><offset>-1</offset><text>90 indivíduos de ambos os sexos; faixa etária entre 18 e 59 anos; autodenominados saudáveis; residência em João Pessoa-PB;assinatura do Termo de consentimento livre e esclarecido. </text></passage><passage><infon key="section">exclusion_criteria</infon><infon key="lang">pt-br</infon><offset>-1</offset><text>Indivíduos que apresentassem qualquer transtorno somático ou psíquico diagnosticado; gestantes; indivíduos em uso crônico de medicamentos, incluindo medicamentos/substâncias que interferissem no grau de ansiedade. </text></passage></document></collection>