<?xml version="1.0" encoding="UTF-8"?><!DOCTYPE collection SYSTEM "BioC.dtd"><collection><source></source><date></date><key></key><document><id>RBR-4h97rb</id><passage><infon key="section">public_title</infon><infon key="lang">en</infon><offset>-1</offset><text>Low Level Laser Therapy and exercise to patients with chronic pain and rheumatic diseases: randomized clinical trials with pain , quality of life, functionality assessments and biomechanical aspects.</text></passage><passage><infon key="section">scientific_title</infon><infon key="lang">en</infon><offset>-1</offset><text>Low Level Laser Therapy and exercise to patients with chronic pain and rheumatic diseases: randomized clinical trials with pain , quality of life, functionality assessments and biomechanical aspects.</text></passage><passage><infon key="section">freetext</infon><infon key="lang">en</infon><offset>-1</offset><text>Osteoarthritis, Arthritis Rheumatoid, Chronic Pain </text></passage><passage><infon key="section">freetext</infon><infon key="lang">en</infon><offset>-1</offset><text>1nd group - placebo: 30 patients with rheumatoid arthritis and 30 patients with osteoarthritis of the hands are subjected to simulation with low intensity laser therapy.
2nd group - 30 patients with rheumatoid arthritis and 30 patients with osteoarthritis of the hands are subjected to laser therapy with low intensity, with energy 14J applied by hand by finger 2J and 4J by hand.</text></passage><passage><infon key="section">inclusion_criteria</infon><infon key="lang">en</infon><offset>-1</offset><text>Being older than 18 years; To track across at least one of the clinics, with diagnosis made by the medical staff; Be able to fill out the consent form and clear.</text></passage><passage><infon key="section">exclusion_criteria</infon><infon key="lang">en</infon><offset>-1</offset><text>Having the diagnosis of acute pain; severe psychiatric disorder; Diagnosis of chronic infectious disease; acute or chronic underlying disease with a high probability of death soon; exercise performance or other intensive treatment for pain for up to 48 hours of data collection.</text></passage><passage><infon key="section">primary_outcome</infon><infon key="lang">en</infon><offset>-1</offset><text>Decrease in disease activity parameters, measured by CDAI (Clinical Disease Activity Index), DAS-28 (Disease Activity Score 28) of at least 5% in pre and post-intervention measurements. Decrease in pain parameter evaluated by VAS- visual analogue scale, BID - brief inventory of pain at least 5% in the pre and post intervention measurements.</text></passage><passage><infon key="section">primary_outcome</infon><infon key="lang">pt-br</infon><offset>-1</offset><text>Diminuição nos parâmetros de  atividade da doença, avaliados por CDAI (Clinical Disease Activity Index), DAS-28 (Disease Activity Score 28) de pelo menos 5% nas medições pré e pós intervenção.  Diminuição no parâmetro de dor avaliados pela  EVA- escala visual analógica, IBD - inventário breve de dor de pelo menos 5% nas medições pré e pós intervenção.</text></passage><passage><infon key="section">secondary_outcome</infon><infon key="lang">en</infon><offset>-1</offset><text>Decrease in disease activity parameters, measured by thermography at least 5% in the pre and post-intervention measurements. Decreased pain parameter algometry evaluated by at least 5% in pre and post-intervention measurements. Improvement in the parameters of quality of life, assessed by questionnaires: WHOQOL-Bref - (Quality Quick Quiz World Health Organization of Life) and SF-36 (Medical Outcomes Study 36 - Item Short - Form Health Survey) of at least 5 % in the pre and post intervention measurements. Improvement in parameters of functional capacity and functionality evaluated by tests: HAQ-DI (Health Assessment Questionnaire), DASH (Disabilities of the Arm, Shoulder and Hand) and Jebsen-Taylor test (manual dexterity test) of at least 5% in pre and post intervention measurements. Improvement in strength parameters through the assessment of grip strength of at least 5% in the pre and post intervention measurements. Improvement in muscle activation parameters using the electromyography analysis of at least 5% in pre and post-intervention measurements. Improvement in the kinematic parameters of movement through the movement Qualisys evaluation of at least 5% in the pre and post-intervention measurements.</text></passage><passage><infon key="section">secondary_outcome</infon><infon key="lang">pt-br</infon><offset>-1</offset><text>Diminuição nos parâmetros de  atividade da doença, avaliados por termografia de pelo menos 5% nas medições pré e pós intervenção.  Diminuição no parâmetro de dor avaliados pela  algometria de pelo menos 5% nas medições pré e pós intervenção. Melhora nos parâmetros de qualidade de vida, avaliados pelos questionários: WHOQOL-Bref – (Questionário Breve de Qualidade de Vida da Organização Mundial da Saúde) e SF-36 (Medical Outcomes Study 36 - Item Short - Form Health Survey)de pelo menos 5% nas medições pré e pós intervenção. Melhora nos parâmetros de capacidade funcional e funcionalidade avaliados pelos testes: HAQ-DI (Health Assessment Questionnaire), DASH (Disabilities of the Arm, Shoulder and Hand) e teste de Jebsen-Taylor ( teste de destreza manual)de pelo menos 5% nas medições pré e pós intervenção. Melhora nos parâmetros de força por meio da avaliação de dinamometria de pelo menos 5% nas medições pré e pós intervenção. Melhora nos parâmetros de ativação muscular por meio da análise de eletromiografia de pelo menos 5% nas medições pré e pós intervenção. Melhora nos parâmetros cinemáticos dos movimentos por meio da avaliação de movimento Qualisys de pelo menos 5% nas medições pré e pós intervenção. </text></passage><passage><infon key="section">public_title</infon><infon key="lang">pt-br</infon><offset>-1</offset><text>Terapia com uso do laser de baixa intensidade em pacientes com dor crônica e doenças reumatológicas</text></passage><passage><infon key="section">scientific_title</infon><infon key="lang">pt-br</infon><offset>-1</offset><text>Terapia laser de baixa intensidade em pacientes com dor crônica e doenças reumatológicas: estudos clínicos randomizados com avaliações de dor, qualidade de vida, funcionalidade e aspectos biomecânicos</text></passage><passage><infon key="section">freetext</infon><infon key="lang">pt-br</infon><offset>-1</offset><text>1° grupo – placebo: 30 pacientes com artrite reumatoide e 30 pacientes com osteoartrite em mãos serão submetidos a simulação da terapia laser com baixa intensidade. 
2° Grupo – 30 pacientes com artrite reumatoide e 30 pacientes com osteoartrite em mãos serão submetidos a terapia laser com baixa intensidade, com 14J de energia aplicados por mão, 2J por dedo e 4J por punho.</text></passage><passage><infon key="section">inclusion_criteria</infon><infon key="lang">pt-br</infon><offset>-1</offset><text> Ter idade maior que 18 anos; realizar acompanhamento em pelo menos um dos ambulatórios, com diagnóstico realizado pela equipe médica; ter capacidade de preencher o termo de consentimento livre e esclarecido.</text></passage><passage><infon key="section">exclusion_criteria</infon><infon key="lang">pt-br</infon><offset>-1</offset><text>Ter o diagnóstico de dor aguda; Transtorno psiquiátrico grave; Diagnóstico de doença infecciosa crônica; Doença subjacente aguda ou crônica com alta probabilidade de falecimento breve; Realização de exercício físico ou outro tratamento intenso para dor por até 48 horas anteriores à coleta de dados. </text></passage></document></collection>