<?xml version="1.0" encoding="UTF-8"?><!DOCTYPE collection SYSTEM "BioC.dtd"><collection><source></source><date></date><key></key><document><id>RBR-56p5mj</id><passage><infon key="section">public_title</infon><infon key="lang">en</infon><offset>-1</offset><text>Effectiveness analysis of very small-bore catheters for drainage of malignant pleural effusions</text></passage><passage><infon key="section">scientific_title</infon><infon key="lang">en</infon><offset>-1</offset><text>Effectiveness analysis of very small-bore catheters for drainage of malignant pleural effusions</text></passage><passage><infon key="section">freetext</infon><infon key="lang">en</infon><offset>-1</offset><text>Pleural Effusion, Malignant</text></passage><passage><infon key="section">freetext</infon><infon key="lang">en</infon><offset>-1</offset><text>Intervention group: 50 patients will undergo very small-bore catheter (5Fr) thoracostomy until the withdrawal criteria are achieved
Control group: 50 patients will undergo large-bore chest tube (28Fr) thoracostomy until the withdrawal criteria are achieved</text></passage><passage><infon key="section">inclusion_criteria</infon><infon key="lang">en</infon><offset>-1</offset><text>Patients with malignant pleural effusion requiring chest drainage
Agreement  with the research and signing of the Informed Consent Form.</text></passage><passage><infon key="section">exclusion_criteria</infon><infon key="lang">en</infon><offset>-1</offset><text>Patients less than 18 years-old
Empyema</text></passage><passage><infon key="section">primary_outcome</infon><infon key="lang">en</infon><offset>-1</offset><text>Lung expansion evaluated by a chest X-ray 48h after the drainage procedure (total, partial, absent). The images will be analyzed by two radiologists separately</text></passage><passage><infon key="section">primary_outcome</infon><infon key="lang">pt-br</infon><offset>-1</offset><text>Avaliação da expansão pulmonar verificada por radiografia de tórax 48h após a drenagem (total, pacial ou ausente), por dois radiologistas isoladamente</text></passage><passage><infon key="section">secondary_outcome</infon><infon key="lang">en</infon><offset>-1</offset><text>Lung edema evaluated by a chest X-ray 48h after the drainage procedure. The images will be analyzed by two radiologists separately</text></passage><passage><infon key="section">secondary_outcome</infon><infon key="lang">pt-br</infon><offset>-1</offset><text>Presença de edema pulmonar de reexpansão verificado por radiografia de tórax 48h após a drenagem, por dois radiologistas isoladamente</text></passage><passage><infon key="section">secondary_outcome</infon><infon key="lang">en</infon><offset>-1</offset><text>Pain, evaluated by analog scale on the first day after surgery and after removing the chest tube</text></passage><passage><infon key="section">secondary_outcome</infon><infon key="lang">pt-br</infon><offset>-1</offset><text>Dor, avaliada por escala analógica no primeiro dia de pós-operatório e ao retirar o dreno</text></passage><passage><infon key="section">secondary_outcome</infon><infon key="lang">en</infon><offset>-1</offset><text>Catheters obstruction, evaluated by failure in the outlet and / or inlet fluid through the catheter</text></passage><passage><infon key="section">secondary_outcome</infon><infon key="lang">pt-br</infon><offset>-1</offset><text>Obstrução do dreno, avaliada através da incapacidade de saída e/ou entrada de fluidos pelo dreno</text></passage><passage><infon key="section">public_title</infon><infon key="lang">pt-br</infon><offset>-1</offset><text>O efeito de drenos de calibre muito fino na drenagem torácica por derrame pleural devido ao câncer</text></passage><passage><infon key="section">scientific_title</infon><infon key="lang">pt-br</infon><offset>-1</offset><text>Análise da eficiência de drenos de calibre muito fino em drenagem torácica por derrame pleural neoplásico</text></passage><passage><infon key="section">freetext</infon><infon key="lang">pt-br</infon><offset>-1</offset><text>Grupo intervenção: 50 pacientes serão submetidos a toracostomia com dreno de muito fino calibre (5Fr), até que seus critérios de retirada sejam atingidos
Grupo controle: 50 pacientes serão submetidos a toracostomia com dreno de grosso calibre (28Fr), até que seus critérios de retirada sejam atingidos</text></passage><passage><infon key="section">inclusion_criteria</infon><infon key="lang">pt-br</infon><offset>-1</offset><text>Portadores de derrame pleural neoplasico com indicacao de drenagem toracica
Concordancia com a pesquisa e assinatura do Termo de Consentimento Livre e Esclarecido (TCLE).</text></passage><passage><infon key="section">exclusion_criteria</infon><infon key="lang">pt-br</infon><offset>-1</offset><text>Participantes menores de 18 anos;
Portadores de empiema;</text></passage></document></collection>