<?xml version="1.0" encoding="UTF-8"?><!DOCTYPE collection SYSTEM "BioC.dtd"><collection><source></source><date></date><key></key><document><id>RBR-3fgtdp</id><passage><infon key="section">public_title</infon><infon key="lang">en</infon><offset>-1</offset><text>Administration of drugs intramuscular:  in the buttocks region and the side region of the hip</text></passage><passage><infon key="section">scientific_title</infon><infon key="lang">en</infon><offset>-1</offset><text>Administration of drugs intramuscular:  dorsogluteal  region and  the ventrogluteal region</text></passage><passage><infon key="section">freetext</infon><infon key="lang">en</infon><offset>-1</offset><text>syphilis</text></passage><passage><infon key="section">freetext</infon><infon key="lang">en</infon><offset>-1</offset><text>Experimental study of the type randomized clinical trial paired. It assesses pain and local reactions at the administration of an injection ampoule 1.200.00 IU Penicillin G Benzathine intramuscularly in Dorsoglútea regions (DRG) and ventrogluteal (RVG), respectively. people will be selected who need treatment for syphilis with penicillin G Benzathine. The people randomized to group 1 were subjected to medication administration cited first in dorsoglútea region (region commonly used control) and later in the RVG (test region). In group 2 the administration will be held first in the RVG (test region) and after the RDG (control region). Both RDG as RVG will be delimited using bone structures of the person subjected to the treatment in question. In both locations will be used the technique in Z and will be evaluated pain and local reactions (heat, redness and nodulation) after administration of the injection, and 24 and 72 hours, always compared these variables between the two regions. The pain will be analyzed through analog pain scale of 0 to 10, where 0 is no pain and 10 is unbearable pain. The heat will be assessed through an infrared thermometer, checking the room temperature in degrees Celsius. flushing and nodulation is checked in cm, using a ruler. Each group will have 20 people</text></passage><passage><infon key="section">inclusion_criteria</infon><infon key="lang">en</infon><offset>-1</offset><text>Active syphilis diagnosis; prescription of Penicillin G Benzatina, intramuscular, for treatment of syphilis; without alterations at the site of injections.</text></passage><passage><infon key="section">exclusion_criteria</infon><infon key="lang">en</infon><offset>-1</offset><text>Allergic to Penicillin G Benzatina;
bedridden; paraplegics; decreased level of consciousness; fear of injection; painful sensation absent or decreased.</text></passage><passage><infon key="section">primary_outcome</infon><infon key="lang">en</infon><offset>-1</offset><text>Analyze pain intensity between regions as RVG and RDG through the Statistical Calculations ( Absolute Frequency Relative , Standard Deviation , media and fashion ) and the Required testicles ( Pearson's r and T Student</text></passage><passage><infon key="section">primary_outcome</infon><infon key="lang">pt-br</infon><offset>-1</offset><text>Analisar intensidade de dor entre as regiões RVG e RDG através de cálculos estatísticos (frequência absoluta, relativa, desvio padrão, média e moda) bem como os testes necessários (r de Pearson e T Student </text></passage><passage><infon key="section">primary_outcome</infon><infon key="lang">en</infon><offset>-1</offset><text>To evaluate the presence and severity of local reactions of heat, redness and nodulation between VG and DG regions using statistical calculations ( absolute frequency , relative standard deviation , mean and mode) as well as the necessary tests ( Pearson's r and T Student</text></passage><passage><infon key="section">primary_outcome</infon><infon key="lang">pt-br</infon><offset>-1</offset><text>Avaliar a presença e intensidade das reações locais de calor, rubor e nodulação entre as regiões VG e DG, através de cálculos estatísticos (frequência absoluta, relativa, desvio padrão, média e moda) bem como os testes necessários (r de Pearson e T Student </text></passage><passage><infon key="section">secondary_outcome</infon><infon key="lang">en</infon><offset>-1</offset><text>Assess whether there is a preference for one of the regions used satravés statistical calculations ( absolute frequency , relative standard deviation , mean and mode) as well as the necessary tests ( Pearson's r and T Student</text></passage><passage><infon key="section">secondary_outcome</infon><infon key="lang">pt-br</infon><offset>-1</offset><text>Avaliar se há preferência por uma das regiões utilizadas, satravés de cálculos estatísticos (frequência absoluta, relativa, desvio padrão, média e moda) bem como os testes necessários (r de Pearson e T Student </text></passage><passage><infon key="section">public_title</infon><infon key="lang">pt-br</infon><offset>-1</offset><text>Administração de medicamentos por via Intramuscular: na região do bumbum e na região lateral do quadril</text></passage><passage><infon key="section">scientific_title</infon><infon key="lang">pt-br</infon><offset>-1</offset><text>Administração de medicamentos por via Intramuscular: Dorsoglútea e ventroglútea
</text></passage><passage><infon key="section">freetext</infon><infon key="lang">pt-br</infon><offset>-1</offset><text>Estudo experimental do tipo ensaio clínico randomizado pareado.  Avalia a dor e reações locais na administração de injeção de uma ampola de 1.200.00 UI de Penicilina G Benzatina  intramuscular nas regiões Dorsoglútea(RDG) e ventroglútea (RVG), respectivamente. Serão selecionadas pessoas que necessitam de tratamento para sífilis com penicilina G Benzatina. As pessoas randomizadas para o grupo 1 eram submetidas a administração da medicação citada primeiro na região dorsoglútea(região usualmente utilizada-controle) e posteriormente na RVG (região teste). Já no grupo 2 a administração será realizada primeiro na RVG(região teste) e após na RDG(região controle).Tanto a EDG como a RVG será delimitada utilizando estruturas ósseas da pessoa submetida ao tratamento em questão. Em ambos os locais serão utilizados a técnica em Z e será avaliado a dor e reações locais(calor, rubor e nodulação) após a administração da injeção e com 24 e 72 horas, sempre comparado essas variáveis entre as duas regiões. A dor será analisada através da Escala de dor analógica de 0 a 10, na qual 0 é a ausência de dor e 10 é uma dor insuportável. O calor será avaliado através de um termômetro infravermelho, verificando a temperatura do local em graus Celsius. o rubor e a nodulação será verificado em cm, através de uma régua. Cada grupo deverá ter 20 pessoas</text></passage><passage><infon key="section">inclusion_criteria</infon><infon key="lang">pt-br</infon><offset>-1</offset><text>Diagnóstico de sífilis ativa; Prescrição médica de Penicilina G Benzatina, intramuscular, para tratamento de sífilis; não apresentar alterações no local das injeções.
</text></passage><passage><infon key="section">exclusion_criteria</infon><infon key="lang">pt-br</infon><offset>-1</offset><text>Alérgicos a Penicilina G Benzatina; acamados; paraplégicos; com nível de consciência diminuído; tenham medo de injeção; sensação dolorosa ausente ou diminuída.

</text></passage></document></collection>