<?xml version="1.0" encoding="UTF-8"?><!DOCTYPE collection SYSTEM "BioC.dtd"><collection><source></source><date></date><key></key><document><id>RBR-4kdm85</id><passage><infon key="section">public_title</infon><infon key="lang">en</infon><offset>-1</offset><text>Elastic bandage for postural correction</text></passage><passage><infon key="section">scientific_title</infon><infon key="lang">en</infon><offset>-1</offset><text>Effects of therapeutic elastic bandage for postural correction</text></passage><passage><infon key="section">freetext</infon><infon key="lang">en</infon><offset>-1</offset><text>Postural Balance,Posture</text></passage><passage><infon key="section">freetext</infon><infon key="lang">en</infon><offset>-1</offset><text>The participants chosen of random way were placed in a single group totaling 10 individuals; being 8 women and 2 men with musculoskeletal pain associated with thoracic kyphosis or protraction of shoulders and changes in postural oscillations; where they received treatment with bandage to correct these postures; applied in the scapular girdle; staying continuously for seven days; where at end of the seventh day was performed the reassessments.</text></passage><passage><infon key="section">inclusion_criteria</infon><infon key="lang">en</infon><offset>-1</offset><text>Sample consisting of 10 students aged between 18 and 30 years old with protraction of shoulders; thoracic hyperkyphosis and musculoskeletal pain in the thoracic region</text></passage><passage><infon key="section">exclusion_criteria</infon><infon key="lang">en</infon><offset>-1</offset><text>Acute pain; chest pain associated with diseases; vestibulopatias; allergic process to bandage and participants who were performing some other type of postural treatment</text></passage><passage><infon key="section">primary_outcome</infon><infon key="lang">en</infon><offset>-1</offset><text>Reduction of musculoskeletal pain in the period of 7 days by Visual Analog Scale of Pain from the analysis of a smaller variation than 5% in pre and post intervention measurements</text></passage><passage><infon key="section">primary_outcome</infon><infon key="lang">pt-br</infon><offset>-1</offset><text>Diminuição das dores musculoesqueléticas no período de 7 dias por meio da Escala Visual Analógica de Dor a partir da análise de uma variação menor do que 5% nas medições pré e pós intervenção</text></passage><passage><infon key="section">primary_outcome</infon><infon key="lang">en</infon><offset>-1</offset><text>Reduction of anterior-posterior and latero-lateral postural oscillations by stabilometry from the analysis of a smaller variation than 5% in pre and post intervention measurements</text></passage><passage><infon key="section">primary_outcome</infon><infon key="lang">pt-br</infon><offset>-1</offset><text>Redução das oscilações posturais ântero-posteriores e látero-laterais por meio da estabilometria a partir da análise de uma variação menor do que 5% nas medições pré e pós intervenção</text></passage><passage><infon key="section">secondary_outcome</infon><infon key="lang">en</infon><offset>-1</offset><text>Significant reduction in musculoskeletal pain scores</text></passage><passage><infon key="section">secondary_outcome</infon><infon key="lang">pt-br</infon><offset>-1</offset><text>Diminuição significativa dos escores de dor musculoesquelética</text></passage><passage><infon key="section">secondary_outcome</infon><infon key="lang">en</infon><offset>-1</offset><text>Reduction in the absolute values of the anterior-posterior and latero-laterals postural oscillations of way non-significant</text></passage><passage><infon key="section">secondary_outcome</infon><infon key="lang">pt-br</infon><offset>-1</offset><text>Redução nos valores absolutos das oscilações posturais ântero-posteriores e látero-laterais de forma não-significativa</text></passage><passage><infon key="section">public_title</infon><infon key="lang">pt-br</infon><offset>-1</offset><text>Bandagem elástica para correção postural</text></passage><passage><infon key="section">scientific_title</infon><infon key="lang">pt-br</infon><offset>-1</offset><text>Efeitos da bandagem elástica terapêutica para correção postural</text></passage><passage><infon key="section">freetext</infon><infon key="lang">pt-br</infon><offset>-1</offset><text>Os participantes escolhidos de forma aleatória foram alocados em um grupo único totalizando 10 indivíduos; sendo 8 mulheres e 2 homens com dor musculoesquelética associada a hipercifose torácica ou protração de ombros e alterações nas oscilações posturais; onde receberam tratamento com bandagem para corrigir essas posturas; aplicadas na cintura escapular; permanecendo de forma contínua durante sete dias; onde ao final do sétimo dia foi realizado as reavaliações.</text></passage><passage><infon key="section">inclusion_criteria</infon><infon key="lang">pt-br</infon><offset>-1</offset><text>Amostra constituída de 10 estudantes na faixa etária entre 18 e 30 anos que apresentavam protração dos ombros; hipercifose torácica e dor musculoesquelética na região torácica</text></passage><passage><infon key="section">exclusion_criteria</infon><infon key="lang">pt-br</infon><offset>-1</offset><text>Dor aguda, dor torácica associada a patologias; vestibulopatias; processo alérgico à bandagem e participantes que estivessem realizando algum outro tipo de tratamento postural</text></passage></document></collection>