<?xml version="1.0" encoding="UTF-8"?><!DOCTYPE collection SYSTEM "BioC.dtd"><collection><source></source><date></date><key></key><document><id>RBR-4kf8zv</id><passage><infon key="section">public_title</infon><infon key="lang">en</infon><offset>-1</offset><text>Benefit of physical therapy, yoga and music therapy for patients with Parkinson</text></passage><passage><infon key="section">scientific_title</infon><infon key="lang">en</infon><offset>-1</offset><text>Effects of physiotherapy associated with yoga and music therapy in Parkinson´s disease
</text></passage><passage><infon key="section">freetext</infon><infon key="lang">en</infon><offset>-1</offset><text>PARKINSON</text></passage><passage><infon key="section">freetext</infon><infon key="lang">en</infon><offset>-1</offset><text>Control group: It will consist of 10 individuals in the early stages of Parkinson</text></passage><passage><infon key="section">inclusion_criteria</infon><infon key="lang">en</infon><offset>-1</offset><text>Individuals of both sexes; aged 40 to 70 years; diagnosed with Parkinson</text></passage><passage><infon key="section">exclusion_criteria</infon><infon key="lang">en</infon><offset>-1</offset><text>Other neurological disorders as heart disease and / or severe cognitive impairment that could affect the understanding and / or to indicate the completion of the exercise.</text></passage><passage><infon key="section">primary_outcome</infon><infon key="lang">en</infon><offset>-1</offset><text>Improved cognitive-motor clinical condicion in the period of 06 months, verified by standardized rating scales on the disease progression (UPDRS - Scale Unified Parkinson's Disease Rating), cognition (MMSE - Mini Mental State Examination and MoCA - Montreal Cognitive Scale), balance (Berg scale), mobility (get up and go test without and with tasks associated) and functional independence (PAS - Parkinson activity scale).. From the observation of a range of at least 5% in the pre and post measurements intervention is contact that the outcome occurred.</text></passage><passage><infon key="section">primary_outcome</infon><infon key="lang">pt-br</infon><offset>-1</offset><text>Melhora do quadro clínico cognitivo-motor no período de 06 meses, verificado por meio de escalas padronizadas de avaliação sobre a progressão da doença (UPDRS - Escala Unificada de Avaliação da Doença de Parkinson), cognição (MEEM - Mini Exame do Estado Mental e MoCA - Escala Cognitiva de Montreal), equilíbrio (escala de Berg), mobilidade (teste levantar e andar cronometrado sem e com tarefas associadas) e independência funcional (PAS - escala de atividade de Parkinson). A partir da constatação de uma variação de pelo menos 5% nas medições pré e pós intervenção contata-se que o desfecho ocorreu.</text></passage><passage><infon key="section">secondary_outcome</infon><infon key="lang">en</infon><offset>-1</offset><text>Secondary outcomes are not expected </text></passage><passage><infon key="section">secondary_outcome</infon><infon key="lang">pt-br</infon><offset>-1</offset><text>Não são esperados desfechos secundários</text></passage><passage><infon key="section">public_title</infon><infon key="lang">pt-br</infon><offset>-1</offset><text>Benefício da fisioterapia, yoga e musicoterapia para pacientes com doença de Parkinson
</text></passage><passage><infon key="section">scientific_title</infon><infon key="lang">pt-br</infon><offset>-1</offset><text>Efetividade da fisioterapia associada à yoga e musicoterapia na doença de Parkinson </text></passage><passage><infon key="section">freetext</infon><infon key="lang">pt-br</infon><offset>-1</offset><text>Grupo Controle: Será composto por 10 indivíduos nos estágios iniciais da doença de Parkinson (Escala de Hoehn </text></passage><passage><infon key="section">inclusion_criteria</infon><infon key="lang">pt-br</infon><offset>-1</offset><text>Indivíduos de ambos os sexos; idade entre 40 a 70 anos; com diagnóstico de doença de Parkinson; estágio 1-3 Hoehn-Yard; capazes de deambular de forma independente; não sofrer modificações no tratamento medicamentoso durante a participação no estudo. </text></passage><passage><infon key="section">exclusion_criteria</infon><infon key="lang">pt-br</infon><offset>-1</offset><text>Outras doenças neurológicas como cardiopatias e/ou déficits cognitivos graves que afetassem a compreensão e/ou contra indicassem a realização do exercício. </text></passage></document></collection>