<?xml version="1.0" encoding="UTF-8"?><!DOCTYPE collection SYSTEM "BioC.dtd"><collection><source></source><date></date><key></key><document><id>RBR-3h6n6c</id><passage><infon key="section">public_title</infon><infon key="lang">en</infon><offset>-1</offset><text>Acidity effect of whitening gel on the effectiveness and sensitivity of teeth after in office bleaching</text></passage><passage><infon key="section">scientific_title</infon><infon key="lang">en</infon><offset>-1</offset><text>Effect of pH of the bleaching gel in the effectiveness and tooth sensitivity after in office bleaching</text></passage><passage><infon key="section">freetext</infon><infon key="lang">en</infon><offset>-1</offset><text>Dentin sensitivity, Tooth bleaching</text></passage><passage><infon key="section">freetext</infon><infon key="lang">en</infon><offset>-1</offset><text>It will be a study of split-mouth type to compare the tooth sensitivity and bleaching efficacy of two hydrogen peroxide gels with different pHs (acid pH [Pola Office, SDI] and the neutral pH [Pola Office+, SDI]</text></passage><passage><infon key="section">inclusion_criteria</infon><infon key="lang">en</infon><offset>-1</offset><text>Patients will be included in this clinical trial were men and women; who were in good general and oral health; were required to have six maxillary and mandibular anterior teeth without caries lesions or restorations; the right superior incisor should be shade A2 or darker as judged by comparison with a VITA Classical value-oriented shade guide (Vita Zahnfabrik, Bad Säckingen, Germany). </text></passage><passage><infon key="section">exclusion_criteria</infon><infon key="lang">en</infon><offset>-1</offset><text>Patients will be excluded pregnant or lactating women; smokers; bruxism habits; severe internal tooth discoloration (tetracycline stains, fluorosis, pulpless teeth); gingival recessed; exposed dentine; who took anti-inflammatories, analgesics or antioxidants.</text></passage><passage><infon key="section">primary_outcome</infon><infon key="lang">en</infon><offset>-1</offset><text>Expected outcome: Number of patients that report spontaneous pain in any moment of the bleaching protocol and up to 48 h post-bleaching, through self-report. This number will be presented as percentage of patients with tooth sensitivity and will be named absolute risk of tooth sensitivity.</text></passage><passage><infon key="section">primary_outcome</infon><infon key="lang">pt-br</infon><offset>-1</offset><text>Desfecho esperado: Número de pacientes que relatam dor espontânea em algum momento durante a técnica de clareamento dental e até 48 horas após o procedimento, através de auto-relato. Este número será transformado em percentual de pacientes com dor e será denominado de risco absoluto de sensibilidade dental.</text></passage><passage><infon key="section">secondary_outcome</infon><infon key="lang">en</infon><offset>-1</offset><text>Expected outcome: The intensity of tooth sensitivity will be assessed using the visual analogue scale (VAS 0-10) and will be presented as means and standard deviations in different periods (during dental bleaching, up to 1 h, 1 h to 24 h and 24 h to 48 h post-bleaching).</text></passage><passage><infon key="section">secondary_outcome</infon><infon key="lang">pt-br</infon><offset>-1</offset><text>Desfecho esperado: A intensidade da sensibilidade dental será avaliada através da escala visual analógica VAS (0-10) e será apresentada como média e desvio padrão em diferentes períodos (durante o clareamento dental, até 1 h, de 1 h a 24 h e de 24 a 48 h pós-clareamento).</text></passage><passage><infon key="section">secondary_outcome</infon><infon key="lang">en</infon><offset>-1</offset><text>Expected outcome: The difference in color between the baseline condition and post-bleaching (1 week and 1 month) will be assessed by Vita Classical and Bleachedguide Vita shade guide as well as with the Vita Easyshade spectrophotometer. The data will be presented as means and standard deviations. </text></passage><passage><infon key="section">secondary_outcome</infon><infon key="lang">pt-br</infon><offset>-1</offset><text>Desfecho esperado: A diferença de cor entre a condição inicial e pós-clareamento (1 semana e 1 mês) será  avaliada através das escalas de cor Vita Classical e Vita Bleachedguide e também com o espectrofotômetro Vita Easyshade. Os dados serão apresentados na forma de médias e desvios padrões.</text></passage><passage><infon key="section">public_title</infon><infon key="lang">pt-br</infon><offset>-1</offset><text>Avaliação do efeito da acidez do gel clareador na efetividade e sensibilidade dos dentes após o clareamento de consultório</text></passage><passage><infon key="section">scientific_title</infon><infon key="lang">pt-br</infon><offset>-1</offset><text>Avaliação do efeito do pH do gel clareador na efetividade e sensibilidade dental após clareamento de consultório</text></passage><passage><infon key="section">freetext</infon><infon key="lang">pt-br</infon><offset>-1</offset><text>Será um estudo do tipo boca-dividida para comparar a sensibilidade dental e eficácia de dois géis de peróxido de hidrogênio com diferentes pH (pH ácido [Pola Office, SDI] e pH neutro [Pola Office+, SDI]</text></passage><passage><infon key="section">inclusion_criteria</infon><infon key="lang">pt-br</infon><offset>-1</offset><text>Os pacientes incluídos nesse estudo clínico deverão ser homens e mulheres; com boa saúde geral e bucal; ter os seis dentes anteriores superiores e inferiores sem lesões de cárie ou restaurações; o incisivo superior direito deve ser na cor A2 ou mais escura de acordo com comparação com a escala de cor Vita Classical orientada por valor (Vita Zahnfabrik, Bad Säckingen, Alemanha). </text></passage><passage><infon key="section">exclusion_criteria</infon><infon key="lang">pt-br</infon><offset>-1</offset><text>Serão excluídos pacientes grávidas ou lactantes; fumantes; com hábitos parafuncionais; escurecimento severo (manchamento por tetraciclina, fluorose ou endodontia);com recessão gengival ou exposição dentinária; que estiverem fazendo uso contínuo de algum medicamento com ação anti-inflamatória, analgésica ou antioxidante. </text></passage></document></collection>