<?xml version="1.0" encoding="UTF-8"?><!DOCTYPE collection SYSTEM "BioC.dtd"><collection><source></source><date></date><key></key><document><id>RBR-3d29s2</id><passage><infon key="section">public_title</infon><infon key="lang">en</infon><offset>-1</offset><text>Benefits of aerobic exercise on the cardiovascular system in patients with coronary artery disease.</text></passage><passage><infon key="section">scientific_title</infon><infon key="lang">en</infon><offset>-1</offset><text>Influence of interval aerobic exercise training on cardiorespiratory and metabolic variables and inflammatory markers in patients with different level of coronary artery lesions</text></passage><passage><infon key="section">freetext</infon><infon key="lang">en</infon><offset>-1</offset><text>Coronary artery disease, hipertension, diabetes mellitus, obesity, dyslipidemias</text></passage><passage><infon key="section">freetext</infon><infon key="lang">en</infon><offset>-1</offset><text>Trained group: The trained subjects will be divided into two groups, 17 patients with coronary artery disease (CAD-T) and 17 patients with cardiovascular risk fator (RF-T). Both groups will perfom exercise training program individualized and supervised by research, consisted of three sessions per week (on alternate days) over a 16-week period. The exercise training intensity levels will be determined from the percentage (70%, 80%, 100% and 110%) of the heart rate (bpm) and oxygen uptake (VO2 mL.kg-1.min-1) attained at the ventilatory anaerobic threshold in the cardiopulmonary exercise test. Each session will be divided into three steps, as follows. Phase 1: 10 min of warm-up including stretching and low-intensity exercise. Phase 2: exercise training will perform on a stationary cycle ergometer (divided into 6 steps): Step 1: exercise at 80% of the VAT (5 min); Steps 2 and 4: exercise at 100% of the VAT (5 min and progression up to 10 min); Steps 3 and 5: exercise at 110% of the VAT (3 min and progression up to 5 min); Step 6: exercise at 70% of the VAT (5 min).</text></passage><passage><infon key="section">inclusion_criteria</infon><infon key="lang">en</infon><offset>-1</offset><text>Volunteers men, aged 35 and 65 years with coronary artery disease udergoing percutaneous coronary intervention (</text></passage><passage><infon key="section">exclusion_criteria</infon><infon key="lang">en</infon><offset>-1</offset><text>Patients with frequent extrasystoles, chronic obstructive pulmonary disease, unstable angina, osteomuscular disorders, diabetes mellitus – users of insulin, renal failure, and sequelae of stroke.</text></passage><passage><infon key="section">primary_outcome</infon><infon key="lang">en</infon><offset>-1</offset><text>heart rate variability increased, after exercise training program, evidenced by predominance parasympathetic modulation and reduction sympathetic modulation. Improvement of exercise capacity (after exercise training program) at ventilatory anaerobic threshold. Decreased high sensitivity C-reactive protein levels. </text></passage><passage><infon key="section">primary_outcome</infon><infon key="lang">pt-br</infon><offset>-1</offset><text>Aumento da variabilidade da frequência cardíaca, após o programa de treinamento físico, evidenciada pelo predomínio da modulação parassimpática e redução da modulação simpática. Melhora da capacidade funcional aeróbia (após o programa de treinamento físico) no limiar de anaerobiose ventilatório. Redução da concentração plasmática da proteína C-reativa após o programa de treinamento físico </text></passage><passage><infon key="section">secondary_outcome</infon><infon key="lang">en</infon><offset>-1</offset><text>Exercise training based on ventilatory anaerobic threshold has been an important physiological parameter for accurate prescription of training intensity as well as for the development of novel therapeutic strategies against CAD and the prevention of cardiovascular disease.</text></passage><passage><infon key="section">secondary_outcome</infon><infon key="lang">pt-br</infon><offset>-1</offset><text>O treinamento físico baseado no limiar anaeróbico ventilatório tem sido um parâmetro fisiológico importante para a prescrição precisa da intensidade do treinamento, bem como para o desenvolvimento de novas estratégias terapêuticas contra a doença arterial coronariana e prevenção de doenças cardiovasculares.</text></passage><passage><infon key="section">public_title</infon><infon key="lang">pt-br</infon><offset>-1</offset><text>Benefícios do exercício físico aeróbio sobre o sistema cardiovascular em pacientes com doença arterial coronariana ou fatores de risco cardiovascular</text></passage><passage><infon key="section">scientific_title</infon><infon key="lang">pt-br</infon><offset>-1</offset><text>Influência do treinamento físico aeróbio intervalado sobre variáveis cardiorrespiratórias, metabólicas e marcadores inflamatórios em pacientes com diferentes graus de obstrução arterial coronariana</text></passage><passage><infon key="section">freetext</infon><infon key="lang">pt-br</infon><offset>-1</offset><text>Grupo treinado - Os indivíduos treinados será divididos em dois grupos, sendo 17 pacientes com doença arterial coronariana (DAC-T) e 17 pacientes com fatores de risco cardiovascular (FR-T). Ambos realizarão um programa de treinamento físico, individualizado e supervisionado pelo pesquisador, constituído de três sessões semanais (em dias alternados) durante 16 semanas. A intensidade de treinamento físico será determinada a partir da porcentagem (70%, 80%, 100% e 110%) da frequência cardíaca (bpm) e consumo de oxigênio (VO2 mL.kg-1.min-1) atingidos no limiar de anaerobiose ventilatório no teste cardiopulmonar. Cada sessão será dividida em três fases: 1ª. Fase 10 min de aquecimento, incluindo alongamento e exercícios leves. 2ª. Fase: condicionamento físico realizado em bicicleta ergométrica (dividido em 6 etapas): Etapa 1: Exercício com 80% do LAV (5 min); Etapa 2 e 4: Exercício com 100% do LAV (10 min e progressão até 20 min;
Etapa 3 e 5: Exercício com 110% do LAV (5 min e progressão até 10 min; Etapa 6: Exercício com 70% do LAV (5 min).</text></passage><passage><infon key="section">inclusion_criteria</infon><infon key="lang">pt-br</infon><offset>-1</offset><text>Voluntários, gênero masculino, idade entre 35  e 65 anos, com doença arterial coronariana, submetidos à angioplastia coronariana transluminal percutânea (</text></passage><passage><infon key="section">exclusion_criteria</infon><infon key="lang">pt-br</infon><offset>-1</offset><text>Pacientes com extrassístoles frequentes, doença pulmonar obstrutiva crônica, angina instável, desordens osteomuscular, diabetes mellitus usuários de insulina, falência renal e sequela de acidente vascular encefálico.</text></passage></document></collection>