<?xml version="1.0" encoding="UTF-8"?><!DOCTYPE collection SYSTEM "BioC.dtd"><collection><source></source><date></date><key></key><document><id>RBR-5t95n5</id><passage><infon key="section">public_title</infon><infon key="lang">en</infon><offset>-1</offset><text>Comparison between different types of exercises to strengthen in patients with osteoarthritis of the knee</text></passage><passage><infon key="section">scientific_title</infon><infon key="lang">en</infon><offset>-1</offset><text>Effect of strength training in different kinetic chains in pain, quality of life, the pattern of muscle recruitment during ascent and descent of stairs and joint position sense in patients with osteoarthritis of the knee</text></passage><passage><infon key="section">freetext</infon><infon key="lang">en</infon><offset>-1</offset><text>Osteoarthritis of the knee.</text></passage><passage><infon key="section">freetext</infon><infon key="lang">en</infon><offset>-1</offset><text>For inclusion in the study, the minimum age will be 50 years and maximum 80 years.
This study will be open and there will be no masking. The distribution of participants is:</text></passage><passage><infon key="section">inclusion_criteria</infon><infon key="lang">en</infon><offset>-1</offset><text>Individuals of both sexes between 50 and 80 years, which presented diagnosis of osteoarthritis (OA) according to the criteria of the American College of Rheumatology, accompanied by radiological evidence, affecting one or more compartments of the knee, at the mild or moderate, with knee pain for six months or more and bilateral involvement.</text></passage><passage><infon key="section">exclusion_criteria</infon><infon key="lang">en</infon><offset>-1</offset><text>Participants will have other musculoskeletal changes, chronic inflammatory diseases such as autoimmune diseases (rheumatoid arthritis, lupus, etc), diabetes mellitus, and neuromuscular disorders such as Parkinson</text></passage><passage><infon key="section">primary_outcome</infon><infon key="lang">en</infon><offset>-1</offset><text>It is expected that subjects with osteoarthritis, compared with healthy subjects, present greater pain (measured by pressure threshold algometer given in kgf, worst muscle recruitment patterns (increased average EMG activity normalized to each muscle at each movement phase), and greater errors in proprioceptive acuity (estimated positioning errors by electrogoniometer). This outcome will be achieved in the first evaluation of all groups. After training is expected that the subjects of both osteoarthritis groups present pain reduction (measured by pressure threshold for given by dolorimeter kgf). Improvement in muscle recruitment patterns (increased average EMG activity normalized for each at each stage of muscle movement) and improved proprioceptive acuity (estimated positioning errors by electrogoniometer) compared to pre-training data. Finally, it is expected that among the forms of training, the results will be similar in all evaluations proposals. These outcomes will be achieved in the second evaluation after training. </text></passage><passage><infon key="section">primary_outcome</infon><infon key="lang">pt-br</infon><offset>-1</offset><text>Espera-se que comparados aos sujeitos considerados saudáveis, os sujeitos dos grupos osteoartrite apresentem maior dor (avaliada por limiar de pressão por dolorímetro dada por kgf), piores  padrões de recrutamento muscular (aumento da média de atividade eletromiográfica normalizada para cada músculo em cada fase do movimento), e maior erro na acuidade proprioceptiva (avaliado os erros de posicionamento por eletro goniômetro).  Este desfecho será obtido na primeira avaliação de todos os grupos. Após o treinamento espera-se que os sujeitos de ambos os grupos de osteoartrite apresentem redução da da dor (avaliada por limiar de pressão por dolorímetro dada por kgf). Melhora dos padrões de recrutamento muscular (aumento da média de atividade eletromiográfica normalizada para cada músculo em cada fase do movimento), e melhora do senso de posição articular (avaliado os erros de posicionamento por eletro goniômetro) comparados aos dados pré-treinamento.Finalmente, espera-se que entre as formas de treinamento os resultados sejam similares em todas as avaliações propostas. Estes desfechos serão obtidos na segunda avaliação, após o treinamento. </text></passage><passage><infon key="section">secondary_outcome</infon><infon key="lang">en</infon><offset>-1</offset><text>Improvement in motor behavior (electromyographic activity) during movements up and down stairs, with steps of different heights in with and without osteoarthritis.This outcome will be assessed by the muscle recruitment pattern of (mean normalized EMG activity for each muscle in each movement phase) according to the angular range (assessed by electro goniometer).</text></passage><passage><infon key="section">secondary_outcome</infon><infon key="lang">pt-br</infon><offset>-1</offset><text>Melhora no comportamento motor durante os movimentos de subir e descer escadas (atividade eletromiográfica), com degraus de diferentes alturas em sujeitos com e sem osteoartrite. Este desfecho será avaliado pelo padrão de recrutamento muscular (média de atividade eletromiográfica normalizada para cada músculo em cada fase do movimento) de acordo com a amplitude angular do joelho (avaliada por eletro goniômetro).   </text></passage><passage><infon key="section">public_title</infon><infon key="lang">pt-br</infon><offset>-1</offset><text>Comparação entre diferentes tipos de exercícios de fortalecimento em pacientes com osteoartrite de joelho</text></passage><passage><infon key="section">scientific_title</infon><infon key="lang">pt-br</infon><offset>-1</offset><text>Efeito do treinamento de força em diferentes cadeias cinéticas na dor, qualidade de vida, no padrão de recrutamento muscular durante a subida e descida de escadas e no senso de posição articular em portadores de osteoartrite de joelho</text></passage><passage><infon key="section">freetext</infon><infon key="lang">pt-br</infon><offset>-1</offset><text>Para inclusão no estudo a idade mínima será de 50 anos e máxima de 80 anos.
Este estudo será aberto e não haverá mascaramento. A distribuição dos participantes será:</text></passage><passage><infon key="section">inclusion_criteria</infon><infon key="lang">pt-br</infon><offset>-1</offset><text>Indivíduos de ambos os gêneros entre 50 e 80 anos de idade, os quais apresentarem diagnóstico de osteoartrite (OA) de acordo com os critérios do Colégio Americano de Reumatologia, acompanhado da evidencia radiológica, afetando um ou mais compartimentos do joelho, em nível leve ou moderado, com dor no joelho por seis meses ou mais e acometimento bilateral.</text></passage><passage><infon key="section">exclusion_criteria</infon><infon key="lang">pt-br</infon><offset>-1</offset><text>Participantes que venham a apresentar outras alterações musculoesqueléticas, doenças inflamatórias crônicas como as doenças auto-imunes (artrite reumatoide, lúpus, gota), diabetes mellitus, e alterações neuromusculares como doença de Parkinson, vertigens e outras condições que possam afetar a capacidade sensorial e de controle do movimento.</text></passage></document></collection>