<?xml version="1.0" encoding="UTF-8"?><!DOCTYPE collection SYSTEM "BioC.dtd"><collection><source></source><date></date><key></key><document><id>RBR-5dbpbv</id><passage><infon key="section">public_title</infon><infon key="lang">en</infon><offset>-1</offset><text>Influence of deep foot manipulation in balance</text></passage><passage><infon key="section">scientific_title</infon><infon key="lang">en</infon><offset>-1</offset><text>Influence of support area plantar in balance and electromyographic activity</text></passage><passage><infon key="section">freetext</infon><infon key="lang">en</infon><offset>-1</offset><text>Prevention, accidents from falls,
postural balance, aging population </text></passage><passage><infon key="section">freetext</infon><infon key="lang">en</infon><offset>-1</offset><text>The study will be conducted in three weekly meetings on alternate days, for two weeks, totaling six dates. On the first date, pre-and reviews will be held immediately after the intervention. On days 2 and 5 will apply an evaluation procedure and one of maneuver, on days 3 and 4, only the Protocol for manoeuvre will be applied and the day 6 final evaluation only.
The protocol will be applied in two groups, 16 young (GY) of 18-28 years and 16 elderly (GE) of 65-75 years. These groups are subdivided into two groups, with Group maneuver soles (GYM and GEM) and another the placebo group (GYS and GES). To evaluate the balance will be held the test Timed up and Go (TUG) and electromyographic analysis for three repetitions of the One-foot stance test (OFST) with eyes open and closed, and time limit of 90 seconds.</text></passage><passage><infon key="section">inclusion_criteria</infon><infon key="lang">en</infon><offset>-1</offset><text>Gender: females 
Healthy older; between 65 and 75 years; living in the community.</text></passage><passage><infon key="section">exclusion_criteria</infon><infon key="lang">en</infon><offset>-1</offset><text>The voluntary doesn</text></passage><passage><infon key="section">primary_outcome</infon><infon key="lang">en</infon><offset>-1</offset><text>Myofascial manipulation of the feet plant will promote increased planting area, on average of 0.35 cm² and providing improved balance.</text></passage><passage><infon key="section">primary_outcome</infon><infon key="lang">pt-br</infon><offset>-1</offset><text>A manipulação miofascial plantar promoverá aumento gradativo da área plantar em média de 0,35 cm², com referencia a coleta inicial, proporcionando a melhora do equilíbrio.</text></passage><passage><infon key="section">secondary_outcome</infon><infon key="lang">en</infon><offset>-1</offset><text>With the increase of the planting area is believed to be a decrease, in approximately 7% in the electromyographic activity of the muscles of the lower limb analysis support and also in the upper trapezius muscle, when compared with the initial collection, suggesting that the decrease in co-contraction or stiffness, for conditions of instability.</text></passage><passage><infon key="section">secondary_outcome</infon><infon key="lang">pt-br</infon><offset>-1</offset><text>Com o aumento da área plantar acredita-se que haja uma diminuição, em aproximadamente  7% na atividade eletromiográfica dos músculos analisados, aproximadamente do membro inferior de apoio e também no músculo trapézio superior, quando comparada com a coleta inicial, sugerindo assim a diminuição na co-contração ou rigidez, para as condições de instabilidade.</text></passage><passage><infon key="section">public_title</infon><infon key="lang">pt-br</infon><offset>-1</offset><text>Influência da manipulação profunda dos pés no equilíbrio </text></passage><passage><infon key="section">scientific_title</infon><infon key="lang">pt-br</infon><offset>-1</offset><text>Influência da área de apoio plantar no equilíbrio e na atividade eletromiografica</text></passage><passage><infon key="section">freetext</infon><infon key="lang">pt-br</infon><offset>-1</offset><text>O estudo será realizado em três encontros semanais, em dias alternados, por duas semanas, totalizando seis encontros. No primeiro encontro, será realizado avaliações pré e imediatamente após a intervenção. Nos dias 2 e 5 serão aplicados um procedimento de avaliação e um de manobra, nos dias 3 e 4, somente o protocolo de manobra será aplicado e no dia 6 somente avaliação final.
O protocolo será aplicado em dois grupos, 16 jovens (GJ)de 18-28 anos e 16 idosas (GI) de 65-75 anos. Esses grupos serão subdivididos em dois grupos, grupo com manobra plantar (GJM e GIM) e outro o grupo placebo(GJS e GIS). </text></passage><passage><infon key="section">inclusion_criteria</infon><infon key="lang">pt-br</infon><offset>-1</offset><text>Gênero feminino
Idosos saudáveis; entre 65 e 75 anos; que vivam na comunidade.</text></passage><passage><infon key="section">exclusion_criteria</infon><infon key="lang">pt-br</infon><offset>-1</offset><text>A voluntária não conseguir manter-se nas posturas do teste; que tenha lesão ortopédica nos últimos 6 meses ou lesão neurológica.</text></passage></document></collection>