<?xml version="1.0" encoding="UTF-8"?><!DOCTYPE collection SYSTEM "BioC.dtd"><collection><source></source><date></date><key></key><document><id>RBR-5fybg2</id><passage><infon key="section">public_title</infon><infon key="lang">en</infon><offset>-1</offset><text>Investigation of the effect of the consumption of the soluble fiber on the serum cholesterol levels and fractions in children and adolescents.</text></passage><passage><infon key="section">scientific_title</infon><infon key="lang">en</infon><offset>-1</offset><text>Investigation of the effect of psyllium in the process of atherosclerosis juvenile
</text></passage><passage><infon key="section">freetext</infon><infon key="lang">en</infon><offset>-1</offset><text>Dyslipidemia (elevated cholesterol total or  high LDL- cholesterol)</text></passage><passage><infon key="section">freetext</infon><infon key="lang">en</infon><offset>-1</offset><text> Initially,all recruited participants went through a phase of adaptation to a diet restricted in saturated fat(</text></passage><passage><infon key="section">inclusion_criteria</infon><infon key="lang">en</infon><offset>-1</offset><text>Inclusion criteria: Children and adolescents (6-19 years) that had a fasting plasma total cholesterol over 170mg/dL (4,40 mmol/L) or LDL-cholesterol over 110mg/dL (2,84 mmol/dL) concentrations, same after were treated initially with similar diet the National Cholesterol Education Program step 1 diet (saturated low-fat diet (</text></passage><passage><infon key="section">exclusion_criteria</infon><infon key="lang">en</infon><offset>-1</offset><text>Patients with cardiovascular diseases or  or other chronic medical conditions were excluded from the study, as were those whose diabetes.
Children and adolescents with triacylglycerol concentrations of over 3.39 mmol/L or whose Body Mass Index (BMI) according age was higher than 30 kg/m² or female pregnant were also excluded. </text></passage><passage><infon key="section">primary_outcome</infon><infon key="lang">en</infon><offset>-1</offset><text>To comprove an effectiveness of psyllium for the reduction of LDL-cholesterol levels in dyslipidemic children and adolescents investigated in the study.  The effectiveness of psyllium was measured through the difference of the concentration of the LDL-C before and after the period of 8 weeks of intervention in each group and enters the two types of treatments (cellulose and psyllium).  The effectiveness was considered when the presented results had shown to a percentage of reduction of the séricos levels of LDL-C  above 5% (primary outcome). The evaluation biochemist was the method used to measure of the lipídico profile before and after the treatment. </text></passage><passage><infon key="section">primary_outcome</infon><infon key="lang">pt-br</infon><offset>-1</offset><text>Comprovar a eficácia do psyllium na redução dos níveis de LDL-colesterol em crianças e adolescentes dislipidêmicos investigados no estudo.  A eficácia do psyllium foi mensurada através da diferença da concentração do LDL-C antes e depois do período de 8 semanas de intervenção em cada grupo e entre os dois tipos de tratamentos (celulose e psyllium).   A eficácia foi considerada quando os resultados apresentados mostraram um percentual de redução dos níveis séricos de LDL-C maior que 5% (desfecho primário). A avaliação bioquímica foi o método utilizado para mensuração do perfil lipídico antes e depois do tratamento. </text></passage><passage><infon key="section">secondary_outcome</infon><infon key="lang">en</infon><offset>-1</offset><text>To comprove a not significant presence   to possible adverse effects with respect to the psyllium.  This was based on an open-ended question referring to any unusual symptoms or discomfort, or side-effects such as increased defecation, bloating, flatulence or fullness over the preceding period.  </text></passage><passage><infon key="section">secondary_outcome</infon><infon key="lang">pt-br</infon><offset>-1</offset><text>Comprovar a presença não significativa de possíveis efeitos adversos em relação ao consumo do psyllium. Estes efeitos foram analisados através de questões abertas:  disconforto, aumento da evacuação, flatulência,distensão abdominal ou plenitude durante o período do experimento.   </text></passage><passage><infon key="section">secondary_outcome</infon><infon key="lang">en</infon><offset>-1</offset><text>Dietary profile and  weight maintenance  before and after the treatment by participants.   All the participants  had its anthropometric (weight, waist circumference, skinfolds thickness) and dietary profiles (record and food frequency questionnaire) measured before and after the treatment.  </text></passage><passage><infon key="section">secondary_outcome</infon><infon key="lang">pt-br</infon><offset>-1</offset><text>A manutenção do perfil dietético e do peso dos participantes antes e depois do tratamento.  Todos os participantes tiveram seus perfis  antropométricos (peso, circunferencia abdominal e pregas cutâneas) e dietéticos (registro alimentar e questionário de frequência alimentar) mensurados antes e depois do experimento.  </text></passage><passage><infon key="section">public_title</infon><infon key="lang">pt-br</infon><offset>-1</offset><text>Investigação do efeito do consumo da fibra solúvel sobre os níveis de colesterol e frações do sangue em crianças e adolescentes.</text></passage><passage><infon key="section">scientific_title</infon><infon key="lang">pt-br</infon><offset>-1</offset><text>Investigação do efeito do psyllium no processo de aterosclerose infanto-juvenil </text></passage><passage><infon key="section">freetext</infon><infon key="lang">pt-br</infon><offset>-1</offset><text>Inicialmente, todos participantes recrutados (n=80)passaram por uma fase de adaptação à uma dieta restrita em gordura saturada (</text></passage><passage><infon key="section">inclusion_criteria</infon><infon key="lang">pt-br</infon><offset>-1</offset><text>Critérios de Inclusão: Crianças e adolescentes (6 a 19 anos), de ambos os sexos, que apresentaram colesterol total superior a 170 mg/dL (4,40 mmol/L) ou LDL colesterol </text></passage><passage><infon key="section">exclusion_criteria</infon><infon key="lang">pt-br</infon><offset>-1</offset><text>Pacientes com patologias cardíacas ou que apresentassem outras condições clinicas cronicas foram excluídos do estudo, bem como àqueles com diabetes.Crianças e adolescentes que apresentaram valores acima de 300mg (3,39 mmol/L) para triglicerídeos e índice de massa corporal (IMC) para idade maior que 30 também foram desconsideradas da pesquisa.
Também foram excluídos do estudo gestantes e pacientes com uso de alimentos hipolipemiantes(alimento funcional) ou de qualquer medicação que pudesse causar alteração no perfil lipídico. </text></passage></document></collection>