<?xml version="1.0" encoding="UTF-8"?><!DOCTYPE collection SYSTEM "BioC.dtd"><collection><source></source><date></date><key></key><document><id>RBR-2qpsxw</id><passage><infon key="section">public_title</infon><infon key="lang">en</infon><offset>-1</offset><text>Comparative analysis of the single photon diagnostic  tecnology (Spect/CT), with radiopharmaceutical application of Ecdg-99mTc , and computed tomography (CT)- in patients with Lung Cancer.</text></passage><passage><infon key="section">scientific_title</infon><infon key="lang">en</infon><offset>-1</offset><text>A phase III study comparing the accuracy of Ecdg 99mTc SPECT/CT against CT for the diagnosis and staging of subjects with clinical and radiological  evidence  consistent with a diagnosis of lung cancer</text></passage><passage><infon key="section">freetext</infon><infon key="lang">en</infon><offset>-1</offset><text>Malignant neoplasm of trachea, bronchus and lung / Neoplasia Solida</text></passage><passage><infon key="section">freetext</infon><infon key="lang">en</infon><offset>-1</offset><text>One group (intra-subject evaluation), 80 patients diagnosed with lung cancer will be recruited and subjected to reviews of new method of image reference method for comparing the staging of the disease.

CT (computed tomography) scans with contrast of 80 patients will be used as a control for comparative evaluation of new diagnostic method.</text></passage><passage><infon key="section">inclusion_criteria</infon><infon key="lang">en</infon><offset>-1</offset><text>Male or female subject with at least 18 years of age.  Women may not be pregnant or breast-feeding, and, for those in post-menopausal, the minimum period shall be 12 months for natural process, or 6 months in surgical cases. Agree to adhere to one of the birth control methods (contraceptives) as proposed protocol. Have evidence of lung cancer or CT study results consistent with a diagnosis of lung cancer. Not be receiving cancer treatment (surgery, radiotherapy and / or chemotherapy) or if the person has had lung cancer in the past, all previous therapy should have completed at least 3 months prior to the inclusion in the study. Must have a score in the instrument Eastern Cooperative Oncology Group (ECOG) less than or equal to 2. Present satisfactory laboratory values (l alanine aminotransferase less than or equal to 2.5 x ULN,  aspartate aminotransferase less than or equal  to 2.5 x ULN; less than or equal  to 2.5 x ULN; bilirubin less than or equal to 2.0 x ULN) </text></passage><passage><infon key="section">exclusion_criteria</infon><infon key="lang">en</infon><offset>-1</offset><text>If there are any clinically relevant safety concerns (laboratory, ECG, physical examination, other) which, in the opinion of the investigator, put the subject in unnecessary risk if the subject were to participate. If, in the last 3 months, the patient has been submitted to any treatment for Cancer (radiation therapy, surgery or chemotherapy). Diabetic patient with insulin dependency. Weight limit higher than recommended by SPECT / CT and CT table. Known hypersensitivity to ECDG or contrast, or other compound, including any of the inactive ingredients. Pregnancy or suspected pregnancy, lactation, or planned pregnancy (male and female partners). Clinically significant mental illness that compromises the conduct of the study (which should be determined by the investigator).</text></passage><passage><infon key="section">primary_outcome</infon><infon key="lang">en</infon><offset>-1</offset><text>Considering the limitations of the exam currently standardized in SUS (CT), which does not measure an increase in metabolism of the glycolytic pathway in lung cancer non-small cell, it is expected that the proposed method shows satisfactory sensitivity to detect metabolic alterations associated with lung cancer non-small cell and to present a better performance in both diagnostic parameters as staging when compared to the DCCT. The primary outcome for this study will be the sensitivity of SPECT / CT, calculated from the gold standard (primary malignant lesions). The sensitivity of the tests SPECT / CT is calculated to get the proportion of individuals who test positive in the study population and that have the primary malignant neoplastic lesion (biopsy) using the formula: Sensitivity = True Positive / (True Positive + False Negative) . Exam Result (SPECT / CT): Positive (Standard gold- Malignant Lesion - True Positive); Negative (Standard gold- Malignant Lesion - False Negative). Primary outcome - a sensitivity greater than 90% (95 ± 5%), when compared to the gold standard.  </text></passage><passage><infon key="section">primary_outcome</infon><infon key="lang">pt-br</infon><offset>-1</offset><text>Considerando-se as limitações do exame atualmente padronizado pelo SUS (TC), o qual não avalia o aumento no metabolismo da via glicolítica no Câncer de Pulmão de não-pequenas células - CPNPC, espera-se que o método proposto apresente sensibilidade satisfatória para detectar as alterações metabólicas associadas ao CPNPC e que apresente um melhor desempenho em parâmetros tanto diagnósticos como de estadiamento quando comparado com o DCCT.    O desfecho primário para este estudo será a sensibilidade de SPECT/TC, calculada a partir do padrão ouro (lesões malignas primárias). A sensibilidade dos exames de SPECT/TC será calculada para chegar a proporção de indivíduos com teste positivo na população em estudo e que possuem a lesão neoplásica maligna primária (biopsiada) através da fórmula: Sensibilidade = Verdadeiro Positivo/(Verdadeiro Positivo + Falso Negativo). Resultado do Exame (SPECT/TC): Positivo (Padrão Ouro- Lesão Maligna - Verdadeiro Positivo); Negativo (Padrão Ouro- Lesão Maligna - Falso Negativo). Desfecho primário - sensibilidade superior a 90% (95±5%), quando da comparação com o padrão-ouro.  </text></passage><passage><infon key="section">secondary_outcome</infon><infon key="lang">en</infon><offset>-1</offset><text>The analysis of the secondary outcome is presented by the specificity of SPECT examinations / TC to be calculated to get the proportion of individuals with negative test in the study population and not having the neoplastic lesion (primary and secondary) malignant (clinical and radiological follow-up ) using the formula: specificity = true negative / (true negative + false positive).Test Result (SPECT / CT): positive (standard gold-malignant lesion - true positive) / (injury not maligna- false positive); negative (standard gold-malignant lesion - false negative)) / (injury not true negative maligna-). The sensitivity of the DCCT tests will be calculated to get the proportion of individuals who test positive in the study population who possess the malignant neoplastic lesion using the formula: Sensitivity = True Positive / (True Positive + False Negative). The specificity of the DCCT tests will be calculated to get the proportion of individuals with negative test in the study population and who are not malignant neoplastic lesion using the formula: Specificity = True Negative / (True Negative + False Positive). The positive and negative predictive values, and accuracy ROC curve of SPECT / CT will also be calculated and compared to the values found with the DCCT (CT Diagnosis Contrast). Secondary outcome -a sensitivity and specificity compared with the DCCT and gold reference standard, considered above 90% (= 95% + / - 5%) to 75% (= 80% + / - 5%) respectively validated by standard gold study.</text></passage><passage><infon key="section">secondary_outcome</infon><infon key="lang">pt-br</infon><offset>-1</offset><text>A análise do desfecho secundário é apresentada pela especificidade dos exames de SPECT/TC, que será calculada para chegar a proporção de indivíduos com teste negativo na população em estudo e que não possuem a lesão neoplásica (primárias e secundárias) maligna (acompanhamento clínico e radiológico) através da fórmula:  especificidade = verdadeiro negativo/ (verdadeiro negativo + falso positivo). Resultado do exame (SPECT/TC): positivo (padrão ouro- lesão maligna - verdadeiro positivo)/ (lesão não maligna- falso positivo); negativo (padrão ouro- lesão maligna - falso negativo) )/ (lesão não maligna- verdadeiro negativo). A sensibilidade dos exames de DCCT (TC Diagnóstico com Contraste) será calculada para chegar a proporção de indivíduos com teste positivo na população em estudo e que possuem a lesão neoplásica maligna através da fórmula:   Sensibilidade = Verdadeiro Positivo/(Verdadeiro Positivo + Falso Negativo). A especificidade dos exames de DCCT será calculada para chegar a proporção de indivíduos com teste negativo na população em estudo e que não possuem a lesão neoplásica maligna através da fórmula:   Especificidade = Verdadeiro Negativo/(Verdadeiro Negativo + Falso Positivo). Os valores preditivos positivo e negativo, acurácia e curva ROC do SPECT/TC também serão calculados e comparados aos valores encontrados com a DCCT.  Desfecho Secundário -a sensibilidade e especificidade comparado com o DCCT e referencia do padrao ouro, considerado acima de 90% (=95%+/-5%) e 75% (=80%+/-5%) respetivamente, validado por padrao ouro do estudo. </text></passage><passage><infon key="section">public_title</infon><infon key="lang">pt-br</infon><offset>-1</offset><text>Análise comparativa entre os métodos diagnósticos de emissão de foton unico (Spect/CT) , com aplicação do radiofármaco Ecdg-99mTc, e tomografia computadorizada (TC) - em pacientes com  câncer de pulmão. </text></passage><passage><infon key="section">scientific_title</infon><infon key="lang">pt-br</infon><offset>-1</offset><text>Um Estudo de Fase III Comparando a Precisão do Diagnóstico de ECDG-99mTc
SPECT/TC contra TC para o Diagnóstico e o Estadiamento de Sujeitos com Evidências</text></passage><passage><infon key="section">freetext</infon><infon key="lang">pt-br</infon><offset>-1</offset><text>Um único grupo (avaliação intra-sujeitos), de 80 pacientes diagnosticados com cancer de pulmao serão recrutados e submetidos a avaliações de metodo novo de imagem para comparação metodo de referencia do estadiamento da doença.

As imagens de TC (tomografia computadorizada) com contraste dos 80 pacientes serão utilizadas como controle para avaliação comparativa do novo método diagnóstico.</text></passage><passage><infon key="section">inclusion_criteria</infon><infon key="lang">pt-br</infon><offset>-1</offset><text>Sujeito do sexo masculino ou feminino com, no mínimo, 18 anos de idade. As mulheres não pode estar gestantes ou em fase de amamentação, e, para aquelas em pós-menopausa, o período mínimo deve ser de 12 meses, para processo natural,  ou 6 meses em casos cirúrgicos. Concordar em aderir à um dos métodos de controle de natalidade(contraceptivos) propostos conforme protocolo. Ter evidência de Câncer de Pulmão ou resultados de estudo de TC consistentes com um diagnóstico de Câncer de Pulmão. Não estar recebendo tratamento contra câncer (cirurgia, radioterapia e/ou quimioterapia) ou, caso o sujeito tenha tido Câncer de Pulmão no passado, toda a terapia anterior deve ter sido concluída pelo menos 3 meses antes da inclusão no estudo.Deve apresentar escore no instrumento do Grupo Oriental de Oncologia Cooperativa (ECOG) menor ou igual a 2. Apresentar valores laboratoriais satisfatórios (alanina aminotransferase menor ou igual a 2.5 x ULN; aspartato aminotransferase  menor ou igual a 2.5 x ULN; creatinina menor ou igual a 2.5 x ULN; bilirubina menor ou igual a 2.0 x ULN)
</text></passage><passage><infon key="section">exclusion_criteria</infon><infon key="lang">pt-br</infon><offset>-1</offset><text>Caso hajam quaisquer preocupações de segurança clinicamente significativas (laboratório, ECG, exame físico, outros) que, na opinião do Investigador, coloquem o sujeito em risco desnecessário caso o sujeito fosse participar do estudo. Caso o sujeito tenha sido submetido a qualquer tratamento contra câncer (radioterapia, cirurgia ou quimioterapia) nos últimos 3 meses. Paciente diabético com dependência de insulina. Limite de peso superior ao preconizado pela tabela  SPECT/TC e TC. Hipersensibilidade conhecida ao ECDG ou contraste ou a compostos semelhantes, inclusive qualquer um dos ingredientes inativos. Gravidez  ou com suspeita de gravidez, lactação, ou gravidez planejada (mulheres e parceiros do sexo masculino).Doença mental clinicamente significativa que comprometa  a condução do estudo (que deve ser determinada pelo Investigador).</text></passage></document></collection>