<?xml version="1.0" encoding="UTF-8"?><!DOCTYPE collection SYSTEM "BioC.dtd"><collection><source></source><date></date><key></key><document><id>RBR-3f8rzs</id><passage><infon key="section">public_title</infon><infon key="lang">en</infon><offset>-1</offset><text>Effects of low level laser therapy in the electromyographic fatigue of bíceps brachi muscle before and after a resistive program training in young males </text></passage><passage><infon key="section">scientific_title</infon><infon key="lang">en</infon><offset>-1</offset><text>Effects of low level laser therapy in the electromyographic fatigue, in the blood lactate, and in the inflamatory markers after induced biceps  biceps brachi muscle fatigue before and after a resisitive  program training in young males</text></passage><passage><infon key="section">freetext</infon><infon key="lang">en</infon><offset>-1</offset><text>muscle fatigue; muscular atrophy </text></passage><passage><infon key="section">freetext</infon><infon key="lang">en</infon><offset>-1</offset><text>Experimental group 1: 15 health male subjects receive active low level laser therapy after performing quadriceps femoris muscle strengthening exercise. Experimental group 2: 15 health male subjects receive placebo low level laser therapy after performing quadriceps femoris muscle strengthening exercise. Control group: 15 health male will be assessed but won´t not receive low level laser therapy, and they will not be submitted to the  quadriceps femoris muscle strengthening exercise. The training will be done twice a week, lasting up to 10 minutes per session. The allocation of the volunteers in each group was made randomly. Subjects of experimental grroup 1 and 2 performed the exercise during 8 weeks, twice a week. Control group also was reevaluated after 8 weeks.</text></passage><passage><infon key="section">inclusion_criteria</infon><infon key="lang">en</infon><offset>-1</offset><text>Full active range of motion and no pain in the shoulder, elbow and wrist; 
Absence of fracture or previous surgery on spine and upper extremities; </text></passage><passage><infon key="section">exclusion_criteria</infon><infon key="lang">en</infon><offset>-1</offset><text>Restriction in range of motion of shoulder, elbow and wrist; 
History of trauma or previous surgery in trunk; upper extremities; </text></passage><passage><infon key="section">primary_outcome</infon><infon key="lang">en</infon><offset>-1</offset><text>Measurement of long head of bíceps brachii electromyographic fatigue before and 24 hours after bíceps brachii resistance training. Also those analyses will be maden in the control group, with 8 weeks apart. The hypothesis is that active laser group will show lower values of fatigue when compared to placebo and control group, and that placebo group will show lower values when compared to control group.</text></passage><passage><infon key="section">primary_outcome</infon><infon key="lang">pt-br</infon><offset>-1</offset><text>Medida da fadiga eletromiográfica da cabeça longa do bíceps femoral através da eletromiografia de superfície antes do início e após 24 horas do fim do treino resistido do bíceps braquial. Estas medidas serão feitas no grupo controle, com intervalo de oito semanas. A hipótese é de que haverá uma maior redução da fadiga no grupo ativo comparado ao placebo e controle e que o grupo placebo terá menores valores quando comparado ao controle</text></passage><passage><infon key="section">secondary_outcome</infon><infon key="lang">en</infon><offset>-1</offset><text>Evaluation of load progression values of biceps brachii muscle resistance training, through 1- maximum repetition, before anf after 8 weeks of quadriceps femoris resistance training in active and placebo group. Also, 1MR will be evaluated twice at placebo group, with 8 weeks apart. The hypothesis is that active group will show greater values of 1MR final when compared to placebo group. Also, placebo group will show greater values of final 1MR when compared to control group.</text></passage><passage><infon key="section">secondary_outcome</infon><infon key="lang">pt-br</infon><offset>-1</offset><text>Avaliação da força muscular do biceps braquial, através do valor de 1-Repetição máxima, antes do início e após 8 semanas de treinamento de resistência nos grupos ativo e placebo. Também será analisada a força muscular do grupo controle duas vezes, intervalada em 8 semanas. A hipótese é de que o grupo laser ativo terá maior valor de 1RM após 8 semanas quando comparado ao grupo placebo e controle e que o grupo placebo terá maior valor de 1RM final quando comparado ao controle.</text></passage><passage><infon key="section">secondary_outcome</infon><infon key="lang">en</infon><offset>-1</offset><text>Evaluation of load progression values of biceps brachii muscle resistance training, through 1- maximum repetition, measured after 2, 4, 6 weeks of biceps brachii resistance training in active and placebo group. The hypothesis is that active group will show greater values of progression load when compared to placebo group</text></passage><passage><infon key="section">secondary_outcome</infon><infon key="lang">pt-br</infon><offset>-1</offset><text>Avaliação da progressão dos valores de carga de treino do bíceps braquial, medida pelo teste de 1-Repetição máxima, feito após duas, quatro e seis semanas de treino de resistência do quadríceps femoral nos grupos ativo e placebo. A hipótese é de o aumento progressivo de carga será maior no grupo ativo quando comparado ao placebo.</text></passage><passage><infon key="section">secondary_outcome</infon><infon key="lang">en</infon><offset>-1</offset><text>Analysis of blood lactate concentration before and after biceps brachii resistance training. This analysis will be made in the control group, with 8 weeks apart. Blood lactate is measure through a blood sample collected from the ear lobe. The hypothesis is that active group will show lower values when compared to placebo group, and that placebo will show greater values when compared to control group. There will be not show difference in the control group.</text></passage><passage><infon key="section">secondary_outcome</infon><infon key="lang">pt-br</infon><offset>-1</offset><text>Medida do lactato sanguíneo feita antes e após 24 horas da ultima sessão do treinamento de resistência de oito semanas do bíceps braquial. Esta medida também será feita no grupo controle, com intervalo de 8 semanas.  A hipótese é de que os valores de lactato sanguíneo serão maiores após o treino nos grupo ativo quando comparado ao placebo e que ambos os valores serão maior quando comparado no grupo controle. Não haverá diferença nos valores no grupo controle.</text></passage><passage><infon key="section">secondary_outcome</infon><infon key="lang">en</infon><offset>-1</offset><text>Analysis of normalized electromyographic activity of biceps brachii resistance training. This analysis will be made in the control group, with 8 weeks apart. The hypothesis is that active group will show greater values when compared to placebo group, and that placebo will show greater values when compared to control group. There will be not show difference in the control group.</text></passage><passage><infon key="section">secondary_outcome</infon><infon key="lang">pt-br</infon><offset>-1</offset><text>Medida da atividade eletromiográfica normalizada da cabeça longa do bíceps femoral, através da eletromiografia de superfície, antes do início e após 24 horas do fim do treino resistido do bíceps braquial. Estas medidas serão feitas no controle, com 8 semanas de intervalo. A hipótese é de que os valores normalizados serão maiores após o treino nos grupo ativo quando comparado ao placebo e que ambos os valores serão maior quando comparado no grupo controle. Não haverá diferença no grupo controle.</text></passage><passage><infon key="section">secondary_outcome</infon><infon key="lang">en</infon><offset>-1</offset><text>Analysis of rate of force development before and after biceps brachii resistance training. This analysis will be made in the control group, with 8 weeks apart. Rate of force development é calculated through the derivate of force peak by the minimum time necessary to reach the peak force. The hypothesis is that active group will show greater values when compared to placebo group, and that placebo will show greater values when compared to control group. There will be not show difference in the control group.</text></passage><passage><infon key="section">secondary_outcome</infon><infon key="lang">pt-br</infon><offset>-1</offset><text>Análise da taxa de desenvolvimento de força antes e após o treinamento de resistência. Esta análise também será feita no grupo controle, com intervalo de 8 semanas. Esta análise é feita pela derivada entre o valor de pico da força pelo tempo mínimo que a pessoa levou para atingir esta força. A hipótese é de que os valores de taxa de desenvolvimento de força serão maiores após o treino nos grupo ativo quando comparado ao placebo e que ambos os valores serão maior quando comparado no grupo controle. Não haverá diferença no grupo controle.</text></passage><passage><infon key="section">public_title</infon><infon key="lang">pt-br</infon><offset>-1</offset><text>Efeitos do laser na fadiga eletromiográfica do músculo bíceps braquial antes e após um programa de fortalecimento muscular em homens jovens</text></passage><passage><infon key="section">scientific_title</infon><infon key="lang">pt-br</infon><offset>-1</offset><text>Efeitos da terapia laser de baixa intensidade na fadiga eletromiográfica, na dosagem de lactato sanguíneo e em marcadores inflamatórios após fadiga muscular induzida do bíceps braquial antes e após programa de treinamento resistido em homens jovens
</text></passage><passage><infon key="section">freetext</infon><infon key="lang">pt-br</infon><offset>-1</offset><text>Grupo experimental 1: 15 homens jovens receberão terapia a laser de baixa intensidade ativa após realizarem exercício para fortalecer o músculo quadríceps femoral.  Grupo experimental 2: 15 homens jovens receberão terapia a laser de baixa intensidade placebo após realizarem exercício para fortalecer o músculo quadríceps femoral. Grupo controle: 15 homens jovens, mas não receberão a terapia a laser e nem farão o programa de exercício para fortalecimento do quadríceps femoral. O treinamento será feitos duas vezes na semana, com duração de no máximo 10 minutos por sessão. A alocação das voluntárias em cada grupo foi feita de forma aleatória. As voluntárias alocadas nos treinos fizeram os exercícios por 8 semanas. As voluntárias do grupo controle foram avaliadas após 8 semanas. </text></passage><passage><infon key="section">inclusion_criteria</infon><infon key="lang">pt-br</infon><offset>-1</offset><text>Amplitude de movimento ativa completa e não dolorosa das articulações do ombro, do cotovelo e do punho;
Ausência de fratura ou cirurgia prévia na coluna e nas extremidades superiores;</text></passage><passage><infon key="section">exclusion_criteria</infon><infon key="lang">pt-br</infon><offset>-1</offset><text>Restrição na amplitude de movimento das articulações ombro, do cotovelo e punho;
História de trauma ou cirurgia prévia nas extremidades superiores;</text></passage></document></collection>