<?xml version="1.0" encoding="UTF-8"?><!DOCTYPE collection SYSTEM "BioC.dtd"><collection><source></source><date></date><key></key><document><id>RBR-5ky3ks</id><passage><infon key="section">public_title</infon><infon key="lang">en</infon><offset>-1</offset><text>Comparison of the effectiveness of therapy  bromopride,metoclopramide,e ondasetron  Intramuscular for treatment of vomiting </text></passage><passage><infon key="section">scientific_title</infon><infon key="lang">en</infon><offset>-1</offset><text>Randomized  clinical trial, comparing the effectiveness of therapy bromopride, metoclopramide and ondansetron intramuscular for treatment of vomiting </text></passage><passage><infon key="section">freetext</infon><infon key="lang">en</infon><offset>-1</offset><text>Gastroenteritis and non-infectious colitis, unspecified</text></passage><passage><infon key="section">freetext</infon><infon key="lang">en</infon><offset>-1</offset><text>All children who arrive at the emergency department with vomiting Pediatric ready for suspected gastroenteritis (intestinal infection), will be randomly selected to receive medication to stop the vomiting. 1:60 group children, intramuscular injection bromopride (0.15 mg / kg / dose; Group 2:60 children, intramuscular injection of metoclopramide (0.15 mg / kg / dose; Group 3:60 children, intramuscular injection of ondansetron (0.15 mg / kg / dose. every child will be under observation for an hour. Thirty minutes after receiving medication, will be offered 200 ml of water, to test whether sessou vomiting. An hour after the child has been medicated, Sea assessed by the nurse and the doctor on call to assess treatment outcome. home the child will be evaluated by family and in twenty-four hour nurses league and note the progress of the child.</text></passage><passage><infon key="section">inclusion_criteria</infon><infon key="lang">en</infon><offset>-1</offset><text>children who have experienced two or more episodes of vomiting in the last 24 hours, aged 1 year to 12 years, both genders; medical indication for receiving intramuscular antiemetic; when the country or guardians agree with the inclusion of a dependent in the study </text></passage><passage><infon key="section">exclusion_criteria</infon><infon key="lang">en</infon><offset>-1</offset><text>bromopride known allergy to metoclopramide and ondansetron; vomiting due to sedation, anesthesia or chemotherapy; teenagers pregnant and / or breastfeeding; heart disease, advanced renal disease, urinary tract infection, epilepsy, intestinal obstruction, appendicitis, meningitis and diabetes mellitus, malnutrition, pneumonia, brain tumor</text></passage><passage><infon key="section">primary_outcome</infon><infon key="lang">en</infon><offset>-1</offset><text>To evaluate the efficacy of bromopride, metoclopramide and ondansetron in a single intramuscular dose for treatment of vomiting in children treated in an emergency pediátrica.  Comparando the vomiting termination rates verified by measuring the observation of the researcher and parents' reports from the observation one significant variation among the three drugs tested in the reduction of vomiting after use.</text></passage><passage><infon key="section">primary_outcome</infon><infon key="lang">pt-br</infon><offset>-1</offset><text>Avaliar a eficácia terapêutica do bromoprida, metoclopramida e do ondansetron intramuscular em dose única para tratamento de vômitos em crianças atendidas em uma emergência pediátrica.  Comparando as taxas de cessação de vômitos verificado por medio da observação do pesquisador e relato dos pais a partir da constatação de uma variação significativo entre os 3 medicamentos testados na diminuição dos vômitos após uso.  </text></passage><passage><infon key="section">primary_outcome</infon><infon key="lang">en</infon><offset>-1</offset><text>Assess the number of late adverse events after use of antiemetics, observed by family members in the household in 24 hours and recorded by the researchers.   To evaluate the oral acceptance of fluids after use of antiemetics and the comparison between the three drugs. Recorded and observed by researchers.</text></passage><passage><infon key="section">primary_outcome</infon><infon key="lang">pt-br</infon><offset>-1</offset><text>Avaliar o número de eventos adversos tardios, após uso dos antiemeticos, observados pelos familiares no domicilio em 24 horas e registrado pelos pesquisadores.  Avaliar a aceitação oral de líquidos após uso dos  antiemeticos e a comparação entre os três medicamentos. Registrado e observado pelos pesquisadores.</text></passage><passage><infon key="section">secondary_outcome</infon><infon key="lang">en</infon><offset>-1</offset><text>Within 24 hours, the cessation of vomiting occurred in 67.8% with bromopride, 67.2% with metoclopramide and 96.6% with ondansetron (p = 0.002).  </text></passage><passage><infon key="section">secondary_outcome</infon><infon key="lang">pt-br</infon><offset>-1</offset><text>Em 24 horas, a cessação do vômito ocorreu em 67,8% com bromoprida, 67,2% com metoclopramida e 96,6% com ondansetron (p=0,002). </text></passage><passage><infon key="section">secondary_outcome</infon><infon key="lang">en</infon><offset>-1</offset><text>We compared the episodes of diarrhea before medicating (p = 0.039) and after doctoring (p = 0.183) for evaluating whether the drugs caused an increase of diarrhea. It was found that there was no increase in diarrhea, however, children decreased the number of evacuations after medicating.</text></passage><passage><infon key="section">secondary_outcome</infon><infon key="lang">pt-br</infon><offset>-1</offset><text>Foi comparado os episódios de diarreia antes de medicar (p=0,039) e após medicar, (p=0,183) para avaliar se a medicaçoes causava aumento de diarreia. Verificou-se que não houve aumento de diarreia, pelo contrário, as crianças diminuíram o número de evacuações após medicar.</text></passage><passage><infon key="section">secondary_outcome</infon><infon key="lang">en</infon><offset>-1</offset><text>Ondansetron group accepted best oral liquids, 200 ml, compared to bromopride, 150 ml and metoclopramide, 100 ml (p = 0.034).</text></passage><passage><infon key="section">secondary_outcome</infon><infon key="lang">pt-br</infon><offset>-1</offset><text>O grupo ondansetron aceitou melhor os líquidos orais, 200 ml, comparado a bromoprida, 150 ml, e a metoclopramida, 100 ml (p=0,034).</text></passage><passage><infon key="section">secondary_outcome</infon><infon key="lang">en</infon><offset>-1</offset><text> Ondansetron was effective in the first hour  and also in the next 6 h. No known side effects, had better success of oral rehydration, intravenous hydration and avoided hospitalization. The bromopride and metoclopramide were considered effective, but cause drowsiness which can increase the time of observation and hospital costs.</text></passage><passage><infon key="section">secondary_outcome</infon><infon key="lang">pt-br</infon><offset>-1</offset><text>O ondansetron foi efetivo na primeira hora após medicar e também nas próximas 6 h. Não apresentou efeitos colaterais, teve melhor sucesso da hidratação oral, evitou hidratação endovenosa e internação hospitalar. </text></passage><passage><infon key="section">public_title</infon><infon key="lang">pt-br</infon><offset>-1</offset><text>Comparação da eficácia terapêutica do bromoprida, metoclopramida e ondansetron intramuscular para o tratamento de vômitos</text></passage><passage><infon key="section">scientific_title</infon><infon key="lang">pt-br</infon><offset>-1</offset><text>Ensaio clínico randomizado, comparando a eficácia terapêutica do bromoprida, metoclopramida e ondansetron intramuscular para tratamento de vômitos</text></passage><passage><infon key="section">freetext</infon><infon key="lang">pt-br</infon><offset>-1</offset><text>Todas as crianças que chegarem no pronto socorro pediatrico com vômito por suspeita de gastroenterite (infecção intestinal), serão selecionadas de forma aleatória para receber medicação para cessar o vômito. Grupo 1:60 crianças, injeção intramuscular de bromoprida(0.15 mg / kg / dose; Grupo 2:60 crianças, injeção intramuscular de metoclopramida(0.15 mg / kg / dose; Grupo 3:60 crianças, injeção intramuscular de ondansetron(0.15 mg / kg / dose. todas as crianças ficarão em observação por uma hora. Trinta minutos após ter sido medicado,será oferecido 200 ml de água, para testar se sessou o vômito. Uma hora após a criança ter sido medicada, seá avaliada pela enfermeira e pelo médico de plantão para avaliar o resultado do tratamento. em casa a criança será avaliada pelo familiar e em vinte e quatro horas o enfermeiro liga e anota a evolução da criança.     </text></passage><passage><infon key="section">inclusion_criteria</infon><infon key="lang">pt-br</infon><offset>-1</offset><text>crianças que tenham apresentado 2 ou mais episódios de vômito nas últimas 24 horas; idade entre  1 ano a 12 anos; ambos os gêneros; com indicação médica para receber antiemético via intramuscular; quando os país ou responsáveis concordem com a inclusão de seu dependente no estudo</text></passage><passage><infon key="section">exclusion_criteria</infon><infon key="lang">pt-br</infon><offset>-1</offset><text>alergia conhecida ao bromoprida, metoclopramida e ondansetron; vômito devido à sedação, anestesia ou quimioterapia; adolecentes grávidas e/ou amamentando; cardiopatia, doença renal avançada, infecção do trato urinário, epiléticos, obstrução intestinal, apendicite, meningite e diabete mellitus, desnutrição, pneumonia, tumor cerebral
</text></passage></document></collection>