<?xml version="1.0" encoding="UTF-8"?><!DOCTYPE collection SYSTEM "BioC.dtd"><collection><source></source><date></date><key></key><document><id>RBR-33gm3k</id><passage><infon key="section">public_title</infon><infon key="lang">en</infon><offset>-1</offset><text>Study of the effect of inspiratory muscle training on endothelial function, autonomic control, exercise capacity of life in patients with pulmonary hypertension. </text></passage><passage><infon key="section">scientific_title</infon><infon key="lang">en</infon><offset>-1</offset><text>Study of the effect of inspiratory muscle training on endothelial function, autonomic control, exercise capacity of life in patients with pulmonary hypertension. </text></passage><passage><infon key="section">freetext</infon><infon key="lang">en</infon><offset>-1</offset><text>Primary pulmonary hypertension</text></passage><passage><infon key="section">freetext</infon><infon key="lang">en</infon><offset>-1</offset><text>Inspiratory muscle training with 50% or 2% of maximal inspiratory muscle strength in patients with pulmonary arterial hypertension. The training will be performed seven days a week, two series of thirty respirations until maximal inspiratory capacity and expiratory reserve volume with Powerbreathe device.
Group training: 16 patients will perform inspiratory muscle training for 8 weeks with load of 50% of maximal inspiratory muscle strength.</text></passage><passage><infon key="section">inclusion_criteria</infon><infon key="lang">en</infon><offset>-1</offset><text>Target sample:32 patients. Patients with pulmonary hypertension confirmed by right heart catheterization; the patient must be over 18 years; patients belonging to group I of pulmonary hypertension; patient in  functional class II or III of world health organization; patients with specific drug treatment for pulmonary hypertension stable for at least three months; patients willing to complete the training; patients with inspiratory muscle strength less than 70% predicted.</text></passage><passage><infon key="section">exclusion_criteria</infon><infon key="lang">en</infon><offset>-1</offset><text>Patients using oxygen; patients with significant musculoskeletal disorders, intermittent pain; cognitive or neurological deterioration; patients with psychiatric-psychological disorders that may interfere in the understanding of the protocol; patients with a history of moderate or severe chronic lung disease; patients with hemodynamic instability; unstable angina or uncontrolled cardiac arrhythmia; patients who were hospitalized in the last three months; patients who participated in supervised exercise programs in the past three months; patients with inspiratory muscle strength more than 70% predicted.</text></passage><passage><infon key="section">primary_outcome</infon><infon key="lang">en</infon><offset>-1</offset><text>Improvement in exercise endurance capacity. It is assessed by the endurance constant test by cycle ergometer.  The result will be above 270 seconds of the baseline time of the exercise tolerance with same load.</text></passage><passage><infon key="section">primary_outcome</infon><infon key="lang">pt-br</infon><offset>-1</offset><text>Melhora no tempo de endurance de exercício. Avaliada pelo teste de carga constante de endurance em cicloergômetro. O resultado será o tempo acima de 270 segundos do tempo basal de tolerância ao esforço com a mesma carga.</text></passage><passage><infon key="section">secondary_outcome</infon><infon key="lang">en</infon><offset>-1</offset><text>Equilibrium in the sympathetic and parasympathetic modulation balance measured by spectral analysis obtained from the ECG. There are no absolute numbers for such an assessment, but a balance between the sympathetic and parasympathetic modulations (50% each one).</text></passage><passage><infon key="section">secondary_outcome</infon><infon key="lang">pt-br</infon><offset>-1</offset><text>Equilíbrio no balanço da modulação simpática e parassimpática, aferidos através da análise espectral obtida a partir do ECG. Não existem valores absolutos para tal avaliação, espera-se um equilíbrio entre as modulações simpática e parassimpática (50% de modulaçao para cada).</text></passage><passage><infon key="section">secondary_outcome</infon><infon key="lang">en</infon><offset>-1</offset><text>Increase in muscle strength measured by manuvacuometer with result an increase greater than 70% of the value predicted.</text></passage><passage><infon key="section">secondary_outcome</infon><infon key="lang">pt-br</infon><offset>-1</offset><text>Aumento na força muscular inspiratória aferida pelo manovacuômetro digital, com aumento de força superior a 70% do previsto.</text></passage><passage><infon key="section">secondary_outcome</infon><infon key="lang">en</infon><offset>-1</offset><text>Improvement of functional capacity measured by the six-minute walk test, with an increase over 32 meters in the walk distance.</text></passage><passage><infon key="section">secondary_outcome</infon><infon key="lang">pt-br</infon><offset>-1</offset><text>Melhora da capacidade funcional avaliada através do teste de caminhada de seis minutos, com aumento acima de 32 metros na distância percorrida.</text></passage><passage><infon key="section">secondary_outcome</infon><infon key="lang">en</infon><offset>-1</offset><text>Improvement of physical and mental summarized domains measured by the questionnaire of quality of life SF36 from baseline data with an increase at least 3 points in each domain (physical and mental).</text></passage><passage><infon key="section">secondary_outcome</infon><infon key="lang">pt-br</infon><offset>-1</offset><text>Melhora dos domínios resumidos físicos e mentais aferidos pelo questionário de qualidade de vida SF36 em relação aos dados basais com aumento de no mínimo 3 pontos em cada quesito (físico e mental).</text></passage><passage><infon key="section">secondary_outcome</infon><infon key="lang">en</infon><offset>-1</offset><text>Improvement in endothelial function measured by brachial artery ultrasound with results proving an increase of at least 8% of the vessel elasticity.</text></passage><passage><infon key="section">secondary_outcome</infon><infon key="lang">pt-br</infon><offset>-1</offset><text>Melhora da função endotelial aferida através do ultrassom da artéria braquial com resultado comprovando aumento de no mínimo 8% da elasticidade do vaso.  </text></passage><passage><infon key="section">public_title</infon><infon key="lang">pt-br</infon><offset>-1</offset><text>Estudo do efeito do treinamento muscular inspiratório sobre a função endotelial, controle do sistema nervoso autonômico, capacidade de exercício e qualidade de vida em pacientes com hipertensão arterial pulmonar</text></passage><passage><infon key="section">scientific_title</infon><infon key="lang">pt-br</infon><offset>-1</offset><text>Estudo do efeito do treinamento muscular inspiratório sobre a função endotelial, controle autonômico, capacidade de exercício e qualidade de vida em pacientes com hipertensão arterial pulmonar</text></passage><passage><infon key="section">freetext</infon><infon key="lang">pt-br</infon><offset>-1</offset><text>Treinamento muscular inspiratório com 50% ou 2% da força muscular inspiratória máxima em pacientes com hipertensão arterial pulmonar. O treinamento será realizado 7 dias por semana com o aparelho Powerbreathe, sendo 2 séries de 30 respirações até a capacidade inspiratória máxima e o volume de reserva expiratória.
Grupo treinamento: 16 pacientes realizarão treinamento muscular inspiratório pelo período de 8 semanas com carga de 50% da força muscular inspiratória máxima.  </text></passage><passage><infon key="section">inclusion_criteria</infon><infon key="lang">pt-br</infon><offset>-1</offset><text>Amostra alvo de 32 pacientes. Os pacientes deve ter diagnóstico médico de hipertensão pulmonar confirmado pelo cateterismo cardíaco direito; idade superior a 18 anos; pertencerem ao grupo I da classificação clínica da hipertensão pulmonar; classe funcional II e III da Organização Mundial da Saúde; estar recebendo terapia medicamentosa específica para hipertensão pulmonar; estáveis medicamentosamente por no mínimo três meses antes do início do estudo e sem mudanças da terapia medicamentosa neste período; estarem dispostos a completarem o programa de treinamento proposto; apresentarem força muscular inspiratória inferior a 70% do previsto.</text></passage><passage><infon key="section">exclusion_criteria</infon><infon key="lang">pt-br</infon><offset>-1</offset><text>Pacientes com necessidade de oxigenoterapia; distúrbios musculoesqueléticos significativos; dor intermitente; deterioração cognitiva ou neurológica; distúrbios psiquiátrico-psicológicos que possam interferir na compreensão da execução do protocolo de treinamento; histórico de doença pulmonar crônica moderada a grave; instabilidade hemodinâmica; angina instável; arritmia cardíaca não controlada; internação hospitalar e participação de programas de exercício físico supervisionado nos últimos três meses; paciente com força muscular inspiratória superior a 70% do previsto.</text></passage></document></collection>