<?xml version="1.0" encoding="UTF-8"?><!DOCTYPE collection SYSTEM "BioC.dtd"><collection><source></source><date></date><key></key><document><id>RBR-36bxjx</id><passage><infon key="section">public_title</infon><infon key="lang">en</infon><offset>-1</offset><text>Comparison of two anesthetic gels at maxillary posterior teeth extraction.</text></passage><passage><infon key="section">scientific_title</infon><infon key="lang">en</infon><offset>-1</offset><text>Comparison of anesthetic efficacy between two gels in extraction of upper molars : a randomized clinical trial.</text></passage><passage><infon key="section">freetext</infon><infon key="lang">en</infon><offset>-1</offset><text>Pain Threshold</text></passage><passage><infon key="section">freetext</infon><infon key="lang">en</infon><offset>-1</offset><text>Will be selected 80 individuals who require extraction of upper molars. They will undergo pulpal anesthesia of the molar by blocking the posterior superior alveolar nerve and for anesthesia of the palatal mucosa the topical formulations in question will be applied: a 2.5% lidocaine and 2.5% prilocaine gel(control group); Or a gel of the same composition associated with liposomes. Half of the Volunteers will receive one formulation and another half will recieve the other formulation. The randomization will be realized by a first researcher. A second researcher will apply the topical formulations, and perform the extractions. During the procedure a third researcher will time and will make note of time when there is pain, if any. Those in which it is possible to perform without pain complaint procedure, will be considered as a success of the formulation, if there is pain had followed procedure with infiltration anesthesia with lidocaine 02% with epinephrine 1: 100,000 and it is not considered success.</text></passage><passage><infon key="section">inclusion_criteria</infon><infon key="lang">en</infon><offset>-1</offset><text>Individuals treated at the Department of Dentistry, Federal University of Sergipe ; of both genders; in the age range 18-60 Years of Age; sign an Informed Consent Form; Need of upper molars extraction</text></passage><passage><infon key="section">exclusion_criteria</infon><infon key="lang">en</infon><offset>-1</offset><text>History of allergy or other problems arising from the use of any components of the formulations to be employed; History of methemoglobinemia; Alcoholics and toxic users; Fear of dentist; Pregnancy.
</text></passage><passage><infon key="section">primary_outcome</infon><infon key="lang">en</infon><offset>-1</offset><text>To verify the efficacy of the anesthetic gels in question tested through their application in the palatal region for upper molar extraction. This will be confirmed upon completion of the extraction procedure with out pain.</text></passage><passage><infon key="section">primary_outcome</infon><infon key="lang">pt-br</infon><offset>-1</offset><text>Constatar a Eficácia dos géis anestésicos em questão testados através de sua aplicação em região palatina para exodontia de molares superiores. O que será confirmado com a conclusão do procedimento de exodontia sem dor.</text></passage><passage><infon key="section">secondary_outcome</infon><infon key="lang">en</infon><offset>-1</offset><text>Longer anesthetic duration expected in the group with liposome-associated anesthetic gel.  Evaluated by the use of needles in the palate periodically, until when the patient feels pain and then will be fixed its value of duration</text></passage><passage><infon key="section">secondary_outcome</infon><infon key="lang">pt-br</infon><offset>-1</offset><text>Maior duração anestésica esperada no grupo com uso de lipossomos associados ao gel anestésico. Avaliada pelo uso de agulhas no palato periodicamente, até quando o paciente sentir dor e então será fixado seu valor de duração</text></passage><passage><infon key="section">public_title</infon><infon key="lang">pt-br</infon><offset>-1</offset><text>Comparação de dois géis de anestésicos para extrair dentes posteriores da maxila.</text></passage><passage><infon key="section">scientific_title</infon><infon key="lang">pt-br</infon><offset>-1</offset><text>Comparação da eficácia anestésica entre dois géis em exodontias de molares superiores: ensaio clínico randomizado.</text></passage><passage><infon key="section">freetext</infon><infon key="lang">pt-br</infon><offset>-1</offset><text>Serão selecionados 80 indivíduos que necessitem de exodontia de molares superiores.
eles serão submetidos a anestesia pulpar do molar pelo bloqueio do nervo alveolar superior posterior e para anestesia da mucosa palatina será realizada a aplicação das formulações tópicas em questão: um gel com lidocaína 2,5% e prilocaína 2,5% (grupo controle); ou um gel da mesma composição associado a lipossomos. 40 voluntários receberão uma das formulações tópicas e os outros 40 receberão a outra, randomizadas por um primeiro pesquisador. Um segundo pesquisador aplicará as formulações tópicas, e realizará as exodontias. Durante o procedimento um terceiro pesquisador cronometrara a duração do procedimento e da anestesia tópica e fara nota do momento em que houver dor, se houver. Aqueles, em que for possível a realização do procedimento sem queixa dolorosa, serão considerados como sucesso da formulação, caso haja dor o procedimento seguira com anestesia infiltrativa com lidocaína 02% com epinefrina 1:100.000 e não será considerado como sucesso.</text></passage><passage><infon key="section">inclusion_criteria</infon><infon key="lang">pt-br</infon><offset>-1</offset><text>Indivíduos atendidos no Departamento de Odontologia da Universidade Federal de Sergipe; de ambos os gêneros; na faixa etária de 18 a 60 anos de idade; Assinar o termo de consentimento livre e esclarecido; indivíduos que necessitem de exodontia bilateral de molares superiores.
</text></passage><passage><infon key="section">exclusion_criteria</infon><infon key="lang">pt-br</infon><offset>-1</offset><text>História de alergia ou outros problemas recorrentes do uso de qualquer um dos componentes de quaisquer das formulações a serem empregadas; Pacientes com histórico de metemoglobinemia; Pacientes alcoólatras e usuários de tóxico; Odontofóbicos; Gestantes.
</text></passage></document></collection>