<?xml version="1.0" encoding="UTF-8"?><!DOCTYPE collection SYSTEM "BioC.dtd"><collection><source></source><date></date><key></key><document><id>RBR-2fbqp5</id><passage><infon key="section">public_title</infon><infon key="lang">en</infon><offset>-1</offset><text>Swallowing and its implications on nutritional status and inflammatory markers</text></passage><passage><infon key="section">scientific_title</infon><infon key="lang">en</infon><offset>-1</offset><text>Swallowing and its implications on nutritional status and inflammatory markers</text></passage><passage><infon key="section">freetext</infon><infon key="lang">en</infon><offset>-1</offset><text>dysphagia</text></passage><passage><infon key="section">freetext</infon><infon key="lang">en</infon><offset>-1</offset><text>Retrospective stage: 100 patients will have their records reviewed for verification of clinical data and BMI, and analysis of swallowing tests. Prospective stage: 50 patients experimental group will receive clinical evaluation of swallowing, videofluoroscopy examination, evaluation of food consumption (food frequency questionnaire), assessment of body composition (DEXA) and evaluation of inflammatory markers and vitamins(serum). Control group 50 control patients carry out clinical evaluation of swallowing, food intake assessment (food frequency questionnaire), assessment of body composition (DEXA) and evaluation of inflammatory markers and vitamins (serum).</text></passage><passage><infon key="section">inclusion_criteria</infon><infon key="lang">en</infon><offset>-1</offset><text>Experimental group with 100 patients with age equal or higher than 19 years; both sexes; without a diagnosis of cancer; without treatment with antibiotics and anti-inflammatory 30 days before collection. Control group healthy volunteers; eutrophic; matched for age and sex with the study group.</text></passage><passage><infon key="section">exclusion_criteria</infon><infon key="lang">en</infon><offset>-1</offset><text>Experimental group excluded smokers; patients with fever; diagnosis of edema; cancer; individuals on antibiotics; nonsteroidal anti-inflammatory drugs; immunosuppressants; antihistamines; corticosteroids; chemotherapy; radiotherapy within 30 days before collection of datos.Grupo control excluded patients with pulmonary diseases; cardiovascular; degenerative; neurological; arthritis; cancer; diabetes; smokers; pregnant women and women in the menstrual period.</text></passage><passage><infon key="section">primary_outcome</infon><infon key="lang">en</infon><offset>-1</offset><text>We expected to find high inflammatory markers in patients with dysphagia, compared with the control group. The markers evaluated by flow cytometry will myeloperoxidase, TNF-alpha and interleukins (IL1, IL6, IL8, IL10, IL12, TGF beta) .The RCP is checked by nephelometry. Nitric oxide metabolites shall be assessed by reacting Gries</text></passage><passage><infon key="section">primary_outcome</infon><infon key="lang">pt-br</infon><offset>-1</offset><text>Espera-se encontrar marcadores inflamatórios elevados nos pacientes com disfagia, comparados com o grupo controle. Os marcadores avaliados por citometria de fluxo serão mieloperoxidase, TNF-alfa e interleucinas (IL1, IL6, IL8, Il10, Il12, TGF beta).A PCR será verificada por nefelometria. Os metabólitos de óxido nítrico serão avaliados por reação de Gries    </text></passage><passage><infon key="section">secondary_outcome</infon><infon key="lang">en</infon><offset>-1</offset><text>We expected to find lower intake of vitamins in patients with dysphagia compared to the control group. Vitamin C is evaluated by colorimetric reaction, vitamina D chemiluminescence, and beta carotene and vitamin E for reading in HPLC. We expected to find a body mass index in patients with dysphagia corresponding malnutrition (below 18.5) and overweight (above 24.99). We expected to find patients with dysphagia with lean mass lower than the control group. It will be obtained by Dual Energy Xray absorptiometry (DEXA).</text></passage><passage><infon key="section">secondary_outcome</infon><infon key="lang">pt-br</infon><offset>-1</offset><text>Espera-se encontrar ingestão de vitaminas mais baixas nos pacientes com disfagia comparados com o grupo controle. A vitamina C será avaliada por reação colorimétrica, a vitamina D por quimioluminescência, e o beta caroteno e vitamina E por leitura em HPLC. Espera-se encontrar índice de massa corporal nos pacientes com disfagia correspondente  à desnutrição (abaixo de 18,5) e ao sobrepeso (acima de 24,99). Espera-se encontrar pacientes com disfagia com massa magra inferior ao grupo controle. Será obtida pelo Dual Energy xRay absorptiometry (DEXA). </text></passage><passage><infon key="section">public_title</infon><infon key="lang">pt-br</infon><offset>-1</offset><text>Deglutição e suas implicações no estado nutricional e marcadores inflamatórios</text></passage><passage><infon key="section">scientific_title</infon><infon key="lang">pt-br</infon><offset>-1</offset><text>Deglutição e suas implicações no estado nutricional e marcadores inflamatórios</text></passage><passage><infon key="section">freetext</infon><infon key="lang">pt-br</infon><offset>-1</offset><text>Etapa retrospectiva: 100 pacientes terão seus prontuários analisados para verificação de dados clínicos e IMC, e análise dos exames de deglutição. Etapa prospectiva: 50 pacientes grupo experimental receberão avaliação clínica da deglutição, análise da videofluoroscopia,avaliação do consumo alimentar (questionário de frequência alimentar), avaliaçao da composição corporal (DEXA) e avaliação dos marcadores inflamatórios e vitaminas (soro). Grupo controle 50 pacientes do grupo controle realizarão avaliação clínica da deglutição, avaliação do consumo alimentar (questionário de frequência alimentar), avaliação da composição corporal (DEXA) e avaliação dos marcadores inflamatórios e vitaminas (soro).</text></passage><passage><infon key="section">inclusion_criteria</infon><infon key="lang">pt-br</infon><offset>-1</offset><text>Grupo experimental com 100 sujeitos com idade igual ou superior a 19 anos; ambos os sexos; sem diagnóstico de câncer; sem tratamento com antibiótico e anti-inflamatório 30 dias antes da coleta. Grupo controle com voluntários sadios; eutróficos; pareados por sexo e idade com o grupo experimental.</text></passage><passage><infon key="section">exclusion_criteria</infon><infon key="lang">pt-br</infon><offset>-1</offset><text>Grupo experimental excluídos fumantes; pacientes com febre; diagnóstico de edema; câncer; sujeitos em uso de antibióticos; anti-inflamatórios não hormonais; imunossupressores; anti-histamínicos;corticosteroides;quimioterapia;radioterapia até 30 dias antes da coleta de dados.Grupo controle excuídos portadores de doenças pulmonares; cardiovasculares; degenerativas; neurológicas; reumáticas; câncer; diabetes; fumantes; gestantes e mulheres no período menstrual.</text></passage></document></collection>