<?xml version="1.0" encoding="UTF-8"?><!DOCTYPE collection SYSTEM "BioC.dtd"><collection><source></source><date></date><key></key><document><id>RBR-4t949d</id><passage><infon key="section">public_title</infon><infon key="lang">en</infon><offset>-1</offset><text>Effect of elastic bandage on the jump and balance of athletes</text></passage><passage><infon key="section">scientific_title</infon><infon key="lang">en</infon><offset>-1</offset><text>Analysis of the effectiveness of Kinesio Tape on the performance of jumping and dynamic balance in athletes</text></passage><passage><infon key="section">freetext</infon><infon key="lang">en</infon><offset>-1</offset><text>Healthy Individuals</text></passage><passage><infon key="section">freetext</infon><infon key="lang">en</infon><offset>-1</offset><text>Group 1: elastic bandage will be applied once with tension from 50% to stimulation of the triceps surae muscles. The same will be applied and immediately after application, the tests will be made of hops and dynamic balance.</text></passage><passage><infon key="section">inclusion_criteria</infon><infon key="lang">en</infon><offset>-1</offset><text>Men and women, aged between 18 and 45 years, athletes of jump modalities that do not have previous neurological or vestibular disorders, musculoskeletal or any change that interferes with or contra-indicate the measurement procedures of this study</text></passage><passage><infon key="section">exclusion_criteria</infon><infon key="lang">en</infon><offset>-1</offset><text>Athletes who are minors, they do not use methods that have jumps and vestibular disorders, neurological or musculoskeletal</text></passage><passage><infon key="section">primary_outcome</infon><infon key="lang">en</infon><offset>-1</offset><text>In the study outcome assessments will be compared in groups of two. The variables that are compared are: Vertical jump height: measured using a contact mat that will provide the flight time during the one-leg jumping athletes. Horizontal jump distance: the distance will be achieved by the athlete in a single-leg jump. Dynamic Balance: evaluated by testing Star Excursion Balance Test, where the athlete has one foot to reach the farthest point possible in three directions.</text></passage><passage><infon key="section">primary_outcome</infon><infon key="lang">pt-br</infon><offset>-1</offset><text>No desfecho do estudo serão comparadas as avaliações dos grupos nas duas situações. As variáveis que serão comparadas são: Altura do salto vertical: medida através de um tapete de contato que fornecerá o tempo de vôo durante o salto unipodal dos atletas. Salto horizontal em distância: será a distância alcançada pelo atleta em um único salto unipodal. Equilíbrio dinâmico: avaliado através do teste Star Excursion Balance Test, onde o atleta em apoio unipodal tem alcançar o ponto mais distante possível em três direções.    </text></passage><passage><infon key="section">secondary_outcome</infon><infon key="lang">en</infon><offset>-1</offset><text>Data colletion was finalized with no missing data</text></passage><passage><infon key="section">secondary_outcome</infon><infon key="lang">pt-br</infon><offset>-1</offset><text>Coleta foi finalizada sem perda amostral</text></passage><passage><infon key="section">public_title</infon><infon key="lang">pt-br</infon><offset>-1</offset><text>Efeito da bandagem elástica sobre o salto e equilíbrio de atletas</text></passage><passage><infon key="section">scientific_title</infon><infon key="lang">pt-br</infon><offset>-1</offset><text>Análise da eficácia do Kinesio Tape no desempenho do salto e no equilíbrio dinâmico de atletas </text></passage><passage><infon key="section">freetext</infon><infon key="lang">pt-br</infon><offset>-1</offset><text>Grupo 1: será aplicado uma única vez a bandagem elástica com a tensão de 50% para estímulo da musculatura de tríceps sural. Imediatamento após sua aplicação, serão realizados os testes de salto e de equilíbrio dinâmico.
Grupo 2: será o grupo controle, onde será aplicada uma única vez uma bandagem não elástica, sendo imediatamente após sua aplicação a realização dos testes supracitados.</text></passage><passage><infon key="section">inclusion_criteria</infon><infon key="lang">pt-br</infon><offset>-1</offset><text>Homens e mulheres, com idade entre 18 e 45 anos, atletas de modalidades que utilizem saltos que não apresentem alterações vestibulares ou neurológicas prévias, ou qualquer alteração musculoesquelética que interfira ou contra-indique os procedimentos de mensuração deste estudo.</text></passage><passage><infon key="section">exclusion_criteria</infon><infon key="lang">pt-br</infon><offset>-1</offset><text>Atletas menores de idade, modalidades que não utilizem saltos e que apresentem alterações vestibulares, neurológicas ou musculoesqueléticas</text></passage></document></collection>