<?xml version="1.0" encoding="UTF-8"?><!DOCTYPE collection SYSTEM "BioC.dtd"><collection><source></source><date></date><key></key><document><id>RBR-3jdm6d</id><passage><infon key="section">public_title</infon><infon key="lang">en</infon><offset>-1</offset><text>Analysis of the cardiac frequency and oxygenation during sleep in patients with the Obstructive Sleep Apnea Syndrome</text></passage><passage><infon key="section">scientific_title</infon><infon key="lang">en</infon><offset>-1</offset><text>Study of autonomic cardiac behavior and oxygen saturation during sleep in patients with the Obstructive Sleep Apnea Syndrome</text></passage><passage><infon key="section">freetext</infon><infon key="lang">en</infon><offset>-1</offset><text>Obstructive Sleep Apnea</text></passage><passage><infon key="section">freetext</infon><infon key="lang">en</infon><offset>-1</offset><text>Will be recruited 150 subjects with suspected obstructive sleep apnea and will be evaluated by clinical interview and the questionnaire of daytime sleepiness Epworth. Participants will undergo a single assessment which will consist of a pulse oximetry and polysomnography during a full night</text></passage><passage><infon key="section">inclusion_criteria</infon><infon key="lang">en</infon><offset>-1</offset><text>Individuals of both sexes;
Aged 18-80 years;</text></passage><passage><infon key="section">exclusion_criteria</infon><infon key="lang">en</infon><offset>-1</offset><text>Patients who underwent polysomnography, but whose data are not technically acceptable.</text></passage><passage><infon key="section">primary_outcome</infon><infon key="lang">en</infon><offset>-1</offset><text>Presence of subclasses of individuals according to clinical parameters and in different stages of sleep. Measurements: Analysis of oxygen saturation variability and heart rate variability, combined with the other existing methods for analysis of the severity of obstructive sleep apnea, such as the index apnea / hypopnea per hour of sleep, the time of the saturation oxygen spent below 90% and the oxygen desaturation index per hour of sleep.</text></passage><passage><infon key="section">primary_outcome</infon><infon key="lang">pt-br</infon><offset>-1</offset><text>Presença de subclasses de indivíduos de acordo com parâmetros clínicos e nos diferentes estágios do sono. Medidas: Análise da variabilidade da saturação periférica de oxigênio e da variabilidade da frequência cardíaca aliadas aos demais métodos existentes para análise da gravidade da apneia obstrutiva do sono, como o índice de apnéia/hipopnéia por horas de sono,o tempo de permanência da saturação periférica de oxigenio se mantem abaixo de 90% e o índice de dessaturação de oxigenio por hora de sono.</text></passage><passage><infon key="section">secondary_outcome</infon><infon key="lang">en</infon><offset>-1</offset><text>Increase in the correlation of the variability of oxygen saturation with the heart rate variability in different degrees of severity of obstructive sleep apnea and were considered mild apnea subjects with apnea / hypopnea index between 5 and 15 events per hour of sleep apnea moderate 16 to 30 events and severe apnea more than 30 events per hour of sleep.</text></passage><passage><infon key="section">secondary_outcome</infon><infon key="lang">pt-br</infon><offset>-1</offset><text>Aumento da correlação da variabilidade da saturação periférica de oxigenio com a variabilidade da frequência cardíaca nos diversos graus de severidade de apneia obstrutiva do sono, sendo considerados apnéia leve indivíduos com índice de apnéia/ hipopnéia entre 5 a 15 eventos por hora de sono, apnéia moderada entre 16 a 30 eventos e apnéia grave mais de 30 eventos por hora de sono.</text></passage><passage><infon key="section">public_title</infon><infon key="lang">pt-br</infon><offset>-1</offset><text>Estudo do comportamento da frequencia cardíaca e da oxigenação sanguínea durante o sono de pacientes portadores da Síndrome da Apnéia Obstrutiva do Sono </text></passage><passage><infon key="section">scientific_title</infon><infon key="lang">pt-br</infon><offset>-1</offset><text>Estudo do comportamento autonômico cardíaco e da saturação de oxigênio durante o sono de pacientes portadores da Síndrome da Apnéia Obstrutiva do Sono </text></passage><passage><infon key="section">freetext</infon><infon key="lang">pt-br</infon><offset>-1</offset><text>Serão recrutados 150 sujeitos com suspeita diagnóstica de apnéia obstrutiva do sono e  serão avaliados por meio de entrevista clínica e aplicação do questionário de sonolência diurna de Epworth. Os participantes serão submetidos a uma única avaliação que consistirá em uma polissonografia e oximetria de pulso ao longo de uma noite completa de sono no Instituto do Sono de São Carlos. O recrutamento dos participantes será entre janeiro de 2011 a 2014.</text></passage><passage><infon key="section">inclusion_criteria</infon><infon key="lang">pt-br</infon><offset>-1</offset><text>Indivíduos de ambos os sexos;
Idade entre 18 a 80 anos;</text></passage><passage><infon key="section">exclusion_criteria</infon><infon key="lang">pt-br</infon><offset>-1</offset><text>Pacientes que realizaram a polissonografia, mas cujos os dados não são tecnicamente aceitáveis. </text></passage></document></collection>