<?xml version="1.0" encoding="UTF-8"?><!DOCTYPE collection SYSTEM "BioC.dtd"><collection><source></source><date></date><key></key><document><id>RBR-47hhbj</id><passage><infon key="section">public_title</infon><infon key="lang">en</infon><offset>-1</offset><text>Effects of Auriculotheray in women during labor</text></passage><passage><infon key="section">scientific_title</infon><infon key="lang">en</infon><offset>-1</offset><text>Effects of Auriculotheray in women during labor: a randomized clinical trial</text></passage><passage><infon key="section">freetext</infon><infon key="lang">en</infon><offset>-1</offset><text>Labor, Obstetric, Labor pain, Anxiety</text></passage><passage><infon key="section">freetext</infon><infon key="lang">en</infon><offset>-1</offset><text>Experimental group: 33 women will receive auriculotherapy during labor with crystal microspheres, individually pressed for 1 minute or until cause pain tolerable for inducing stimulus.

Placebo group: 33 women will receive auriculotherapy during labor with glass microspheres, without exerting pressure.</text></passage><passage><infon key="section">inclusion_criteria</infon><infon key="lang">en</infon><offset>-1</offset><text>99 women in labor; 37 weeks gestation or more; single and cephalic fetus; cervical dilation greater than or equal to 4 cm; two or more contractions in 10 minutes; skin integrates the ear.</text></passage><passage><infon key="section">exclusion_criteria</infon><infon key="lang">en</infon><offset>-1</offset><text>Pregnant women with severe hypertensive disease; pregnancy bleeding; previous cesarean section; dilated cervix equal to or greater at 7 cm; analgesic drug use for less than 6 hours of admission in the study.</text></passage><passage><infon key="section">primary_outcome</infon><infon key="lang">en</infon><offset>-1</offset><text>Pain control according evolution of labor by visual analog scale (VAS) graded from 0 to 10, 0 for complete absence of pain and 10 being the worst pain experienced, assessed before, 30, 60 and 120 minutes of treatment.</text></passage><passage><infon key="section">primary_outcome</infon><infon key="lang">pt-br</infon><offset>-1</offset><text>Controle da dor conforme evolução do trabalho de parto por meio da escala analógica visual (EAV) graduada de 0 a 10, sendo 0 para ausência completa de dor e 10 para a pior dor já sentida, avaliada antes, com 30, 60 e 120 minutos do tratamento.</text></passage><passage><infon key="section">secondary_outcome</infon><infon key="lang">en</infon><offset>-1</offset><text>Time of labor; delivery mode; Apgar in the first and fifth minute of the newborn; use of analgesics and analgesia; anxiety related the pain and evolution of labor through a validated scale (Hamilton Anxiety Rating Scale - HAM-A) before and 120 minutes of treatment. </text></passage><passage><infon key="section">secondary_outcome</infon><infon key="lang">pt-br</infon><offset>-1</offset><text>O tempo de trabalho de parto; a via de parto; Apgar no primeiro e quinto minuto de vida do recém-nascido; uso de drogas analgésicas e anestesias; ansiedade relacionada à dor e a evolução do trabalho de parto por meio de uma escala validada (Escala de Avaliação de Ansiedade de Hamilton - HAM-A) antes e com 120 minutos do tratamento.</text></passage><passage><infon key="section">public_title</infon><infon key="lang">pt-br</infon><offset>-1</offset><text>Efeitos da Auriculoterapia no trabalho de parto</text></passage><passage><infon key="section">scientific_title</infon><infon key="lang">pt-br</infon><offset>-1</offset><text>Efeitos da Auriculoterapia no trabalho de parto: ensaio clínico randomizado</text></passage><passage><infon key="section">freetext</infon><infon key="lang">pt-br</infon><offset>-1</offset><text>Grupo experimental: 33 mulheres receberão auriculoterapia durante o trabalho de parto com microesferas de cristais, pressionadas individualmente por 1 minuto ou até causar uma dor suportável para induzir o estímulo.

Grupo placebo: 33 mulheres receberão auriculoterapia durante o trabalho de parto com microesferas de vidro, sem exercer pressão.</text></passage><passage><infon key="section">inclusion_criteria</infon><infon key="lang">pt-br</infon><offset>-1</offset><text>99 gestantes em trabalho de parto; 37 semanas gestacionais ou mais; feto único e cefálico; dilatação do colo uterino maior ou igual a 4 cm; duas ou mais contrações em 10 minutos; pele integra na orelha.</text></passage><passage><infon key="section">exclusion_criteria</infon><infon key="lang">pt-br</infon><offset>-1</offset><text>Gestantes com doenças hipertensivas grave; hemorragias da gravidez; cesárea anterior; colo uterino dilatado igual ou maior a 7 cm; uso de medicamento analgésico há menos de 6 horas da admissão no estudo.</text></passage></document></collection>