<?xml version="1.0" encoding="UTF-8"?><!DOCTYPE collection SYSTEM "BioC.dtd"><collection><source></source><date></date><key></key><document><id>RBR-47fqzk</id><passage><infon key="section">public_title</infon><infon key="lang">en</infon><offset>-1</offset><text>Effects of Counseling in sedentary adults with ankylosing spondylitis</text></passage><passage><infon key="section">scientific_title</infon><infon key="lang">en</infon><offset>-1</offset><text>Evaluation of effects hacer sin Sedentary behavior counseling Adults with ankylosing spondylitis : a randomized study</text></passage><passage><infon key="section">freetext</infon><infon key="lang">en</infon><offset>-1</offset><text>Ankylosing Spondylitis; Behavior sedentary </text></passage><passage><infon key="section">freetext</infon><infon key="lang">en</infon><offset>-1</offset><text>They will be recruited 81 patients randomized into 3 groups by envelope, in which each will be made ??up of 27 patients.
Participants will be randomly assigned in a 1: 1: 1, by one of the following groups:</text></passage><passage><infon key="section">inclusion_criteria</infon><infon key="lang">en</infon><offset>-1</offset><text>Having diagnosis of ankylosing spondylitis, according to the criteria New York.
Age between 18 and 59 years.</text></passage><passage><infon key="section">exclusion_criteria</infon><infon key="lang">en</infon><offset>-1</offset><text>Be diagnosed with some form of physical or mental disability.
Patients on medications that alter bone metabolism , such as denosumab , teriparatide , strontium ranelate.</text></passage><passage><infon key="section">primary_outcome</infon><infon key="lang">en</infon><offset>-1</offset><text>Average decrease in minutes per day during the week of sedentary behavior, the International Physical Activity Questionnaire (IPAQ) after the period of ten weeks of intervention and three months of the end of treatment.</text></passage><passage><infon key="section">primary_outcome</infon><infon key="lang">pt-br</infon><offset>-1</offset><text>Diminuição da média em minutos por dia durante a semana de comportamento sedentário, pelo Questionário Internacional de Atividade Física (IPAQ) após o período de dez semanas de intervenção e três meses do término do tratamento.   </text></passage><passage><infon key="section">secondary_outcome</infon><infon key="lang">en</infon><offset>-1</offset><text>Behavior change for physical activity, a score from 1 to 5 for Behavior Change Stage instrument (EMC), identified in the third and sixth month of intervention;</text></passage><passage><infon key="section">secondary_outcome</infon><infon key="lang">pt-br</infon><offset>-1</offset><text>Mudança de comportamento para prática de atividade física, por escore de 1 a 5 pelo instrumento de Estágio de Mudança de Comportamento (EMC), identificado no terceiro e sexto mês de intervenção;  </text></passage><passage><infon key="section">secondary_outcome</infon><infon key="lang">en</infon><offset>-1</offset><text>Inflammatory Activity of ankylosing spondylitis, in the third month of research and 3 months after the end of treatment using score from 0 to 10 by means of Bath Activity Index (BASDAI);</text></passage><passage><infon key="section">secondary_outcome</infon><infon key="lang">pt-br</infon><offset>-1</offset><text>Atividade inflamatória da espondilite anquilosante, no terceiro mês de pesquisa e após 3 meses do fim do tratamento utilizando escore de 0 a 10 por meio do índice de atividade de Bath (BASDAI);   </text></passage><passage><infon key="section">secondary_outcome</infon><infon key="lang">en</infon><offset>-1</offset><text>Functional capacity of ankylosing spondylitis, by a score from 0 to 10 using the functional index of Bath (BASFI) after the tenth week of treatment and three months after the end of treatment;</text></passage><passage><infon key="section">secondary_outcome</infon><infon key="lang">pt-br</infon><offset>-1</offset><text>Capacidade funcional da espondilite anquilosante, por escore de 0 a 10 através do índice funcional de Bath (BASFI), após a décima semana de tratamento e após três meses do fim do tratamento; </text></passage><passage><infon key="section">secondary_outcome</infon><infon key="lang">en</infon><offset>-1</offset><text>Mobility column ankylosing spondylitis, in the tenth week of treatment and three months after the end of treatment using the scores 0 to 10, by Bath metrology index (BASMI);</text></passage><passage><infon key="section">secondary_outcome</infon><infon key="lang">pt-br</infon><offset>-1</offset><text>Mobilidade da coluna da espondilite anquilosante, na décima semana de tratamento e após três meses do fim do tratamento utilizando o escore de 0 a 10, pelo índice de metrologia de Bath (BASMI);</text></passage><passage><infon key="section">secondary_outcome</infon><infon key="lang">en</infon><offset>-1</offset><text>Quality of life, measured after ten weeks of intervention and three months after treatment score 0-18 through the quality of life questionnaire for ankylosing spondylitis (ASQoL);</text></passage><passage><infon key="section">secondary_outcome</infon><infon key="lang">pt-br</infon><offset>-1</offset><text>Qualidade de vida, avaliado após dez semanas de intervenção e três meses após o tratamento por escore de 0 a 18 através do questionário de qualidade de vida para espondilite anquilosante (ASQoL);</text></passage><passage><infon key="section">secondary_outcome</infon><infon key="lang">en</infon><offset>-1</offset><text>Anthropometric indicators measured by the weight in kilograms, height and body circumferences in centimeters, using equations of Jackson and Pollock (7 skinfolds), body mass index (BMI) and waist and hip ratio (WHR) , measured in the tenth week of treatment and three months after the end of treatment;</text></passage><passage><infon key="section">secondary_outcome</infon><infon key="lang">pt-br</infon><offset>-1</offset><text>Indicadores antropométricos mensurados pelo peso em quilogramas, altura e circunferências corporais em centímetros, através de equações de Jackson e Pollock (7 dobras cutâneas), índice de massa corporal(IMC) e relação cintura e quadril(RCQ), mensurados na décima semana de tratamento e após três meses do fim do tratamento; </text></passage><passage><infon key="section">public_title</infon><infon key="lang">pt-br</infon><offset>-1</offset><text>Efeitos do Aconselhamento em Adultos sedentários com espondilite anquilosante</text></passage><passage><infon key="section">scientific_title</infon><infon key="lang">pt-br</infon><offset>-1</offset><text>Avaliação dos efeitos do aconselhamento no comportamento sedentário de adultos com espondilite anquilosante: um estudo randomizado </text></passage><passage><infon key="section">freetext</infon><infon key="lang">pt-br</infon><offset>-1</offset><text>Serão recrutados 81 pacientes e randomizados por envelope em 3 grupos, no qual cada será composto por 27 pacientes.
Os participantes serão designados de forma aleatória em uma proporção 1:1:1, em um dos seguintes grupos: </text></passage><passage><infon key="section">inclusion_criteria</infon><infon key="lang">pt-br</infon><offset>-1</offset><text>Ter diagnóstico de espondilite anquilosante, de acordo com os critérios de Nova Iorque.
Idade entre 18 e 59 anos.</text></passage><passage><infon key="section">exclusion_criteria</infon><infon key="lang">pt-br</infon><offset>-1</offset><text>Ser diagnosticado como portador de algum tipo de deficiência física ou mental.
Pacientes em uso de medicações que alterem o metabolismo ósseo, como denosumabe, teriparatide, ranelato de estrôncio.</text></passage></document></collection>