<?xml version="1.0" encoding="UTF-8"?><!DOCTYPE collection SYSTEM "BioC.dtd"><collection><source></source><date></date><key></key><document><id>RBR-2dwhkm</id><passage><infon key="section">public_title</infon><infon key="lang">en</infon><offset>-1</offset><text>Effects of a technique using apparatus and one using manual technique both for removal of bronchial secretions in hospitalized children.</text></passage><passage><infon key="section">scientific_title</infon><infon key="lang">en</infon><offset>-1</offset><text>Effects of a new vibrotherapy instrument </text></passage><passage><infon key="section">freetext</infon><infon key="lang">en</infon><offset>-1</offset><text>respiratory diseases, bronchial secretions</text></passage><passage><infon key="section">freetext</infon><infon key="lang">en</infon><offset>-1</offset><text>Will be submitted 20 patients older than 29 days and up to 3 years of age who require respiratory therapy in the first 48 hours of hospitalization, they are characterized by the data in the chart, namely: age, gender, hours of admission and medical diagnosis and then after the approval of the responsible will be submitted both bronchial hygiene maneuver techniques for twenty minutes each, they being the vibrotherapy through a transducer that is placed on the patient</text></passage><passage><infon key="section">inclusion_criteria</infon><infon key="lang">en</infon><offset>-1</offset><text>Both genders; aged between 29 days to 3 years old; who require respiratory therapy in the first 48 hours of hospitalization.</text></passage><passage><infon key="section">exclusion_criteria</infon><infon key="lang">en</infon><offset>-1</offset><text>Clinical situations that respiratory physiotherapy this contraindicated as bleeding with hemodynamic instability, intracranial pressure higher than 20 mmHg; chest tube; pneumothorax; open wounds and chest skin infections; osteomyelitis of the ribs; osteoporosis and rib fracture.</text></passage><passage><infon key="section">primary_outcome</infon><infon key="lang">en</infon><offset>-1</offset><text>They will be assessed heart rate, respiratory rate, saturation and volume of secretion. The assessment of peripheral pulse and Periferica of Oxygen Saturation through oximetry (Geratherm®) that is placed on the index finger of the patient. The respiratory rate is obtained by the chest movement counts for one minute. Obtaining these variables will be made before and after the application of the techniques of interest. After the end of the techniques will also be quantified secretion sucked into the vacuum bottle secretion is removed with a syringe needle dee, it will be heavy in high scale accuracy, and deducting the initial weight of the syringe and needle, or be obtained volume and weight of secretion. All tests considering 5% of significance.</text></passage><passage><infon key="section">primary_outcome</infon><infon key="lang">pt-br</infon><offset>-1</offset><text>Serão avaliados Frequencia cardíaca, frequencia respiratória, saturação e volume da secreção. A avaliação do pulso periférico e da Saturação Periferica de Oxigenio por meio do oximetro (Geratherm®) que será posicionado no dedo indicador do paciente. A Frequência Respiratória será obtida pela contagem do movimento torácico durante um minuto. A obtenção destas variáveis serão feitas antes e após a aplicação das técnicas de interesse. Após o termino das técnicas também será quantificada a secreção aspirada, no frasco de aspiração será retirado a secreção com auxilio de uma seringa dee agulha, a mesma será pesada em balança de alta precisão, sendo descontado o peso inicial da seringa e da agulha, ou seja, será obtido o volume e o peso das secreção. Todos os testes considerando 5% de significância estatística. </text></passage><passage><infon key="section">secondary_outcome</infon><infon key="lang">en</infon><offset>-1</offset><text>Secondary outcomes are expected not</text></passage><passage><infon key="section">secondary_outcome</infon><infon key="lang">pt-br</infon><offset>-1</offset><text>Não são esperados desfechos secundários</text></passage><passage><infon key="section">public_title</infon><infon key="lang">pt-br</infon><offset>-1</offset><text>Efeitos de uma técnica utilizando aparelho e outra utilizando a técnica manual ambas para remoção de secreção brônquica em crianças internadas.</text></passage><passage><infon key="section">scientific_title</infon><infon key="lang">pt-br</infon><offset>-1</offset><text>Efeitos de um novo instrumento de vibroterapia “Pulsar” e da vibrocompressão em crianças no ambiente hospitalar</text></passage><passage><infon key="section">freetext</infon><infon key="lang">pt-br</infon><offset>-1</offset><text>Serão submetidos 20 pacientes, acima de 29 dias e até 3 anos de idade, que necessitarem de fisioterapia respiratória nas primeiras 48 horas de internação hospitalar, estes serão caracterizados por meio dos dados obtidos no prontuário, sendo eles: idade, gênero, horas de internação e diagnóstico médico e então serão submetidos as duas técnicas de manobra de  higiene brônquica por vinte minutos cada, sendo elas a vibroterapia por meio de um transdutor que será posicionado sobre o tórax do paciente na região antero-lateral do hemitórax, e durante todo o ciclo respiratório irá emitir vibração na freqüência de 15 Hz, e a vibrocompressão que será realizada por movimentos oscilatórios aplicados manualmente por meio da tetanização dos músculos agonistas e antagonistas do antebraço, trabalhando em sinergia com a palma da mão ou com a polpa dos dedos no tórax do paciente na fase expiratória, e após elas a aspiração. Essas técnicas serão aplicadas em ordem aleatória determinada por meio do sorteio, determinada por meio de sorteio, com intervalo entre as técnicas de quatro horas. Serão comparadas os efeitos destas técnicas na frequência cardiaca, respiratória, e saturação, antes e depois de cada técnica e o volume da secreção retirada após cada técnica será quantificado.  </text></passage><passage><infon key="section">inclusion_criteria</infon><infon key="lang">pt-br</infon><offset>-1</offset><text>Ambos gêneros; idade entre 29 dias de vida até 3 anos de idade; que necessitarem de fisioterapia respiratória nas primeiras 48 horas de internação. </text></passage><passage><infon key="section">exclusion_criteria</infon><infon key="lang">pt-br</infon><offset>-1</offset><text>Situações clínicas que a fisioterapia respiratória esta contra-indicada como hemorragias com instabilidade hemodinâmica; pressão intracraniana superior a 20mmHg; dreno de tórax; pneumotórax; feridas abertas e infecções da pele do tórax; osteomielite das costelas; osteoporose e fratura de costela.</text></passage></document></collection>