<?xml version="1.0" encoding="UTF-8"?><!DOCTYPE collection SYSTEM "BioC.dtd"><collection><source></source><date></date><key></key><document><id>RBR-3k9vxy</id><passage><infon key="section">public_title</infon><infon key="lang">en</infon><offset>-1</offset><text>The Pilates method in the elderly</text></passage><passage><infon key="section">scientific_title</infon><infon key="lang">en</infon><offset>-1</offset><text>Effect of the Pilates Method in the elderly with pains.</text></passage><passage><infon key="section">freetext</infon><infon key="lang">en</infon><offset>-1</offset><text>Elderly, with presence of low back pain.</text></passage><passage><infon key="section">freetext</infon><infon key="lang">en</infon><offset>-1</offset><text>The present study will consist of three interventions: training with the Pilates method, training with kinesiotherapy, and educational actions.
Pilates training will consist of 16 exercise sessions, each session lasting one hour for eight weeks. The training will consist of exercises of the Pilates Method Solo in a progressive way, that involved exercises of strengthening, stretching and balance. The group will present 14 volunteers</text></passage><passage><infon key="section">inclusion_criteria</infon><infon key="lang">en</infon><offset>-1</offset><text>Volunteers with chronic músculoesquelética pain; female; aged between 60 and 75 years.</text></passage><passage><infon key="section">exclusion_criteria</infon><infon key="lang">en</infon><offset>-1</offset><text>Neurological symptoms; discrepancy between limbs greater than two centimeters; ankylosing spondylitis; rheumatoid arthritis; disc herniation; tumor; infection; vertebral fracture; cauda equina syndrome; cardiovascular or cognitive impairment.</text></passage><passage><infon key="section">primary_outcome</infon><infon key="lang">en</infon><offset>-1</offset><text>Pain reduction after training, evaluated by the Visual Analog Scale, based on the variation of at least 10% between pre and post intervention evaluations.</text></passage><passage><infon key="section">primary_outcome</infon><infon key="lang">pt-br</infon><offset>-1</offset><text>Diminuição da dor após o treinamento, avaliada pela Escala Visual Analógica, a partir da variação de pelo menos 10% entre as avaliações pré e pós intervenção.    </text></passage><passage><infon key="section">primary_outcome</infon><infon key="lang">en</infon><offset>-1</offset><text>Pain decrease after Pilates group training of 85% of test day and 55% of daily pain. Pain reduction after the training of the kinesiotherapy group of 45%. The group of educational actions did not present a significant difference.</text></passage><passage><infon key="section">primary_outcome</infon><infon key="lang">pt-br</infon><offset>-1</offset><text>Diminuição da dor após o treinamento do grupo Pilates de 85% do dia do teste e de 55 % da dor cotidiana. Diminuição da dor após o treinamento do grupo cinesioterapia de 45%. O grupo de ações educativas não apresentou diferença significativa.</text></passage><passage><infon key="section">primary_outcome</infon><infon key="lang">en</infon><offset>-1</offset><text>Increased muscle endurance time after training, assessed by the Biering-sorensen test, from the variation of at least 10% between pre and post intervention evaluations.</text></passage><passage><infon key="section">primary_outcome</infon><infon key="lang">pt-br</infon><offset>-1</offset><text>Aumento tempo de resistência muscular após o treinamento, avaliada pelo teste Biering-sorensen, a partir da variação de pelo menos 10% entre as avaliações pré e pós intervenção.</text></passage><passage><infon key="section">primary_outcome</infon><infon key="lang">en</infon><offset>-1</offset><text>Increased muscle endurance time after training with the Pilates method by 139%. The kinesiotherapy group and educational actions group did not present a significant difference.</text></passage><passage><infon key="section">primary_outcome</infon><infon key="lang">pt-br</infon><offset>-1</offset><text>Aumento do tempo de resistência muscular após o treinamento com o método Pilates em 139%. O grupo de cinesioterapia e o grupo ações educativas não apresentaram diferença significativa.</text></passage><passage><infon key="section">primary_outcome</infon><infon key="lang">en</infon><offset>-1</offset><text>Increased values of gait velocity of preference and maximal walking, evaluated in treadmill by the Biering-sorensen test, from the variation of at least 30% between the pre and post-intervention evaluations.</text></passage><passage><infon key="section">primary_outcome</infon><infon key="lang">pt-br</infon><offset>-1</offset><text>Aumento dos valores de velocidade da marcha de preferência e máxima de caminhada, avaliados em esteira ergométrica pelo teste Biering-sorensen, a partir da variação de pelo menos 10% entre as avaliações pré e pós intervenção. </text></passage><passage><infon key="section">primary_outcome</infon><infon key="lang">en</infon><offset>-1</offset><text>The values of gait velocity of preference and maximal walking did not present difference in the groups evaluated.</text></passage><passage><infon key="section">primary_outcome</infon><infon key="lang">pt-br</infon><offset>-1</offset><text>Os valores de velocidade da marcha de preferência e máxima de caminhada não apresentou diferença nos grupos avaliados.</text></passage><passage><infon key="section">primary_outcome</infon><infon key="lang">en</infon><offset>-1</offset><text>Increased paravertebral muscle strength after training, assessed by the lumbar dynamometer test, from the variation of at least 10% between pre and post intervention evaluations.</text></passage><passage><infon key="section">primary_outcome</infon><infon key="lang">pt-br</infon><offset>-1</offset><text>Aumento da força dos músculos paravertebrais após o treinamento, avaliada pelo teste dinamômetro lombar, a partir da variação de pelo menos 10% entre as avaliações pré e pós intervenção.</text></passage><passage><infon key="section">primary_outcome</infon><infon key="lang">en</infon><offset>-1</offset><text>Increased paravertebral muscle strength after training with the Pilates method by 14%. Strength increase after training of the kinesiotherapy group of 13%. The group of educational actions did not present a significant difference.</text></passage><passage><infon key="section">primary_outcome</infon><infon key="lang">pt-br</infon><offset>-1</offset><text>Aumento da força dos músculos paravertebrais após o treinamento com o método Pilates em 14%. Aumento da força após o treinamento do grupo cinesioterapia de 13%. O grupo de ações educativas não apresentou diferença significativa.</text></passage><passage><infon key="section">primary_outcome</infon><infon key="lang">en</infon><offset>-1</offset><text>Increased flexibility of the ischiocrural muscles, assessed by the sit and reach test and popliteal biophotogrammetry, from a variation of at least 10% between pre and post intervention evaluations.</text></passage><passage><infon key="section">primary_outcome</infon><infon key="lang">pt-br</infon><offset>-1</offset><text>Aumento da flexibilidade dos músculos isquiocrurais, avaliada pelo teste sentar e alcançar e biofotogrametria do ângulo poplíteo, a partir da variação de pelo menos 10% entre as avaliações pré e pós intervenção. </text></passage><passage><infon key="section">primary_outcome</infon><infon key="lang">en</infon><offset>-1</offset><text>Increased flexibility assessed by the sit and reach test after training with the Pilates method at 14%, and training of the kinesiotherapy group of 11%. The group of educational actions did not present a significant difference. The biophotogrammetry of the popliteal angle, there was no difference in the groups evaluated.</text></passage><passage><infon key="section">primary_outcome</infon><infon key="lang">pt-br</infon><offset>-1</offset><text>Aumento da flexibilidade avaliada pelo teste sentar e alcançar após o treinamento com o método Pilates em 14%, e do treinamento do grupo cinesioterapia de 11%. O grupo de ações educativas não apresentou diferença significativa. A biofotogrametria do ângulo poplíteo não apresentou diferença nos grupos avaliados.</text></passage><passage><infon key="section">primary_outcome</infon><infon key="lang">en</infon><offset>-1</offset><text>Increase in Quality of Life, evaluated by the SF-36 questionnaire, based on the variation of at least 10% between pre and post-intervention evaluations.</text></passage><passage><infon key="section">primary_outcome</infon><infon key="lang">pt-br</infon><offset>-1</offset><text>Aumento da Qualidade de vida, avaliada pela questionário SF-36, a partir da variação de pelo menos 10% entre as avaliações pré e pós intervenção.</text></passage><passage><infon key="section">primary_outcome</infon><infon key="lang">en</infon><offset>-1</offset><text>Increase in quality of life regarding social aspect (23%) and vitality (20%) after training with the Pilates method. The kinesiotherapy group and the educational actions group presented no significant difference.</text></passage><passage><infon key="section">primary_outcome</infon><infon key="lang">pt-br</infon><offset>-1</offset><text>Aumento da qualidade de vida quanto ao aspecto social (23%) e vitalidade (20%) após o treinamento com o método Pilates. O grupo de cinesioterapia e o grupo ações educativas não apresentaram diferença significativa.</text></passage><passage><infon key="section">secondary_outcome</infon><infon key="lang">en</infon><offset>-1</offset><text>Increased activity of internal oblique, abdominal rectus, multiipid and iliocostal muscles after training, assessed during the Biering-sorensen test using surface electromyography, using a variation of at least 30% between pre and post-intervention evaluations.</text></passage><passage><infon key="section">secondary_outcome</infon><infon key="lang">pt-br</infon><offset>-1</offset><text>Aumento da atividade dos músculos oblíquo interno, reto abdominal, multífido e iliocostal após o treinamento, avaliada durante o teste Biering-sorensen com a utilização da eletromiográfia de superfície, a partir da variação de pelo menos 10% entre as avaliações pré e pós intervenção.</text></passage><passage><infon key="section">secondary_outcome</infon><infon key="lang">en</infon><offset>-1</offset><text>The activity of internal oblique, abdominal rectus, multiipid and iliocostal muscles after training, evaluated during the Biering-sorensen test, did not present any difference in the groups evaluated.</text></passage><passage><infon key="section">secondary_outcome</infon><infon key="lang">pt-br</infon><offset>-1</offset><text>A atividade dos músculos oblíquo interno, reto abdominal, multífido e iliocostal após o treinamento, avaliadas durante o teste Biering-sorensen, não apresentou diferença nos grupos avaliados.</text></passage><passage><infon key="section">secondary_outcome</infon><infon key="lang">en</infon><offset>-1</offset><text>Increased activity of the internal oblique, abdominal rectus, multiipid and iliocostal muscles after training, assessed during treadmill treadmill treadmill using surface electromyography, using at least 30% variation between pre and post intervention evaluations.</text></passage><passage><infon key="section">secondary_outcome</infon><infon key="lang">pt-br</infon><offset>-1</offset><text>Aumento da atividade dos músculos oblíquo interno, reto abdominal, multífido e iliocostal após o treinamento, avaliada durante a marcha em esteira ergométrica com a utilização da eletromiográfia de superfície, a partir da variação de pelo menos 10% entre as avaliações pré e pós intervenção.</text></passage><passage><infon key="section">secondary_outcome</infon><infon key="lang">en</infon><offset>-1</offset><text>The activity of internal oblique, abdominal rectus, multiipid and iliocostal muscles after training, evaluated during treadmill treadmill, did not present any difference in the groups evaluated.</text></passage><passage><infon key="section">secondary_outcome</infon><infon key="lang">pt-br</infon><offset>-1</offset><text>A atividade dos músculos oblíquo interno, reto abdominal, multífido e iliocostal após o treinamento, avaliada durante a marcha em esteira ergométrica, não apresentou diferença nos grupos avaliados.</text></passage><passage><infon key="section">secondary_outcome</infon><infon key="lang">en</infon><offset>-1</offset><text>Increased activity of the internal oblique, abdominal rectus, multiipid and iliocostal muscles after training, evaluated during the muscle strength test with the use of surface electromyography, from the variation of at least 30% between pre and post intervention evaluations.</text></passage><passage><infon key="section">secondary_outcome</infon><infon key="lang">pt-br</infon><offset>-1</offset><text>Aumento da atividade dos músculos oblíquo interno, reto abdominal, multífido e iliocostal após o treinamento, avaliada durante o teste de força muscular com a utilização da eletromiográfia de superfície, a partir da variação de pelo menos 10% entre as avaliações pré e pós intervenção.</text></passage><passage><infon key="section">secondary_outcome</infon><infon key="lang">en</infon><offset>-1</offset><text>The activity of internal oblique, abdominal rectus, multifid and iliocostal muscles after training, evaluated during the muscle strength test, did not present any difference in the groups evaluated.</text></passage><passage><infon key="section">secondary_outcome</infon><infon key="lang">pt-br</infon><offset>-1</offset><text>A atividade dos músculos oblíquo interno, reto abdominal, multífido e iliocostal após o treinamento, avaliada durante o teste de força muscular, não apresentou diferença nos grupos avaliados.</text></passage><passage><infon key="section">public_title</infon><infon key="lang">pt-br</infon><offset>-1</offset><text>O método Pilates em idosos</text></passage><passage><infon key="section">scientific_title</infon><infon key="lang">pt-br</infon><offset>-1</offset><text>Efeito Do Método Pilates em idosos com dores</text></passage><passage><infon key="section">freetext</infon><infon key="lang">pt-br</infon><offset>-1</offset><text>O presente estudo será formado por 3 intervenções: treinamento com o método Pilates, treinamento com cinesioterapia, e ações educativas. </text></passage><passage><infon key="section">inclusion_criteria</infon><infon key="lang">pt-br</infon><offset>-1</offset><text>Voluntárias com dor músculoesquelética crônica; do sexo feminino; com idade entre 60 e 75 anos.</text></passage><passage><infon key="section">exclusion_criteria</infon><infon key="lang">pt-br</infon><offset>-1</offset><text>Sintomas neurológicos; discrepância entre os membros maior que dois centímetros; espondilite anquilosante; artrite reumatóide; hérnia de disco; tumor; infecção; fratura vertebral; síndrome da cauda eqüina; comprometimento cardiovascular ou cognitivos.</text></passage></document></collection>