<?xml version="1.0" encoding="UTF-8"?><!DOCTYPE collection SYSTEM "BioC.dtd"><collection><source></source><date></date><key></key><document><id>RBR-5ndq22</id><passage><infon key="section">public_title</infon><infon key="lang">en</infon><offset>-1</offset><text>Reflexology feet for lumbar pain relief acute related to work of nursing team: randomized controlled trial</text></passage><passage><infon key="section">scientific_title</infon><infon key="lang">en</infon><offset>-1</offset><text>Reflexotherapy podal for lumbar pain relief acute related to work of nursing: team randomized controlled trial</text></passage><passage><infon key="section">freetext</infon><infon key="lang">en</infon><offset>-1</offset><text>Acute low back pain</text></passage><passage><infon key="section">freetext</infon><infon key="lang">en</infon><offset>-1</offset><text>Experimental group: 100 participants with acute low back pain receive the intervention (foot reflex zone massage). Control group: 134 participants with acute low back pain will receive placebo intervention, namely in the areas corresponding to massage reflexotherapy with soft touch without specific therapeutic effect.
The intervention in the experimental and control group will be held in two sessions in the range of 3 days between intervention</text></passage><passage><infon key="section">inclusion_criteria</infon><infon key="lang">en</infon><offset>-1</offset><text>Professional nursing staff of HU; presenting acute low back pain nursing professional active in hospital environment; present feet free of injury or healthy;age between 18 and 80 years</text></passage><passage><infon key="section">exclusion_criteria</infon><infon key="lang">en</infon><offset>-1</offset><text>Subjected to parallel treatment for relief of low back pain or complementary therapy; participation and some other research for tatramento of pain; present vascular disorders in lower limbs, varicose ulcers or thrombosis.</text></passage><passage><infon key="section">primary_outcome</infon><infon key="lang">en</infon><offset>-1</offset><text>Reduction of acute low back pain of professional nursing staff, determined by the visual analog scale and intensity at pain evaluation (EVA) that is characterized by a similar scale to a ruler that contains a numeric markers line ranging from 0 to 10 and under figures are figures that symbolize the facial expression on the intensity of the pain. This pain is set to take (represented by the numbers 0 to 1), moderate (3 to 7) and intense (8 to 10). Applies the scale before and after intervention.</text></passage><passage><infon key="section">primary_outcome</infon><infon key="lang">pt-br</infon><offset>-1</offset><text>Redução da dor lombar aguda dos profissionais da equipe de enfermagem, determinada pela escala de visual e analógica de intensidade na avaliação da dor (EVA) que caracteriza-se por um escala semelhante a uma régua que contém uma linha de marcadores numéricos que variam de 0 a 10 e abaixo dos números encontram-se figuras que simbolizam a expressão facial relativa a intensidade da dor. Neste instrumento a dor é definida como leve (representados pelos números 0 a 1), moderada (3 a 7) e intensa (8 a 10). Aplica-se a escala antes e após intervenção. </text></passage><passage><infon key="section">secondary_outcome</infon><infon key="lang">en</infon><offset>-1</offset><text>Secondary outcomes are not expected</text></passage><passage><infon key="section">secondary_outcome</infon><infon key="lang">pt-br</infon><offset>-1</offset><text>Não são esperados desfechos secundários</text></passage><passage><infon key="section">public_title</infon><infon key="lang">pt-br</infon><offset>-1</offset><text>Reflexologia nos pés para alívio da dor lombar aguda relacionada ao trabalho da equipe de Enfermagem: ensaio clínico randomizado</text></passage><passage><infon key="section">scientific_title</infon><infon key="lang">pt-br</infon><offset>-1</offset><text>Reflexoterapia podal para alívio da dor lombar aguda relacionada ao trabalho da equipe de enfermagem: ensaio clínico randomizado</text></passage><passage><infon key="section">freetext</infon><infon key="lang">pt-br</infon><offset>-1</offset><text>Grupo experimental: 100 participantes com dor lombar aguda receberão a intervenção (reflexoterapia podal). Grupo controle: 134 participantes com dor lombar aguda receberão intervenção placebo, ou seja massagem nas áreas correspondentes a reflexoterapia porém com toque  suave sem efeito terapêutico específico.
O intervenção no grupo experimental e controle serão realizadas em duas sessões no intervalo de 3 dias entre intervenções. </text></passage><passage><infon key="section">inclusion_criteria</infon><infon key="lang">pt-br</infon><offset>-1</offset><text>Profissionais da equipe de enfermagem do HU; apresentarem dor lombar aguda profissional da enfermagem atuante em ambiente hospitalar; apresentar pés isentos de lesões ou sadios; idade entre 18 e 80 anos</text></passage><passage><infon key="section">exclusion_criteria</infon><infon key="lang">pt-br</infon><offset>-1</offset><text>submetido a tratamento paralelo para alívio da dor lombar ou terapia complementar; participação e, alguma outra pesquisa para tatramento de dor; apresentar distúrbios vasculares em membros inferiores, úlceras varicosas ou trombose.</text></passage></document></collection>