<?xml version="1.0" encoding="UTF-8"?><!DOCTYPE collection SYSTEM "BioC.dtd"><collection><source></source><date></date><key></key><document><id>RBR-2xxp48</id><passage><infon key="section">public_title</infon><infon key="lang">en</infon><offset>-1</offset><text>Efeito de bebida rica em fibra na redução da glicemia de diabéticos</text></passage><passage><infon key="section">scientific_title</infon><infon key="lang">en</infon><offset>-1</offset><text>Effect of juice diet enriched with soluble fiber in reducing blood glucose of patients with diabetes mellitus type 2 </text></passage><passage><infon key="section">freetext</infon><infon key="lang">en</infon><offset>-1</offset><text>Diabetes Mellitus, Type 2</text></passage><passage><infon key="section">freetext</infon><infon key="lang">en</infon><offset>-1</offset><text>The experimental group will receive sachets for the preparation of a portion of  drink per day (each serving equals 1 cup of  drink 200 ml prepared), total consumption of 9 g of soluble fiber coming from the consumption of one serving of drink per day. The control group will receive sachets for the preparation of a portion of drink per day (each serving equals 1 cup of  drink 200 ml prepared), but this addition of drink contains no fiber. Both groups should consume one sachet per day, 30 minutes before lunch for 3 months.</text></passage><passage><infon key="section">inclusion_criteria</infon><infon key="lang">en</infon><offset>-1</offset><text>Inclusion criteria are: to be with diabetes mellitus type 2, has a body mass index above 25 kg/m2 and waist circumference increased, being sedentary, belong to the age group between 30 and 59 years and sign the Informed Consent Informed Consent (IC).</text></passage><passage><infon key="section">exclusion_criteria</infon><infon key="lang">en</infon><offset>-1</offset><text>The exclusion criteria are: patients who are taking insulin, with chronic complications of diabetes, gastrointestinal disorders and intolerance fibers, pregnant and lactating women, and those who do not complete the follow-up during the study period.</text></passage><passage><infon key="section">primary_outcome</infon><infon key="lang">en</infon><offset>-1</offset><text>Reduction of  glycated hemoglobin, HOMA B and HOMA IR, over the 3 months of intervention compared to baseline. Glycated hemoglobin should be between 7.0 and 6.5%. HOMA B should be between 167 and 175% and the HOMA IR index lower than 3.4.</text></passage><passage><infon key="section">primary_outcome</infon><infon key="lang">pt-br</infon><offset>-1</offset><text>Redução da  hemoglobina glicada, HOMA B e HOMA IR, ao longo dos 3 meses de intervenção, comparado aos níveis iniciais. A hemoglobina glicada deve ficar entre 7,0 e 6,5%. O HOMA B deve ficar entre 167 e 175 %  e o HOMA IR inferior ao índice de 3,4.  </text></passage><passage><infon key="section">secondary_outcome</infon><infon key="lang">en</infon><offset>-1</offset><text>Reduced levels of cholesterol and triglycerides, over the 3 months of intervention compared to baseline. Cholesterol and triglycerides should be below 200 and 150 mg respectively.</text></passage><passage><infon key="section">secondary_outcome</infon><infon key="lang">pt-br</infon><offset>-1</offset><text>Redução dos níveis de colesterol e triglicerídeos, ao longo dos 3 meses de intervenção, comparado aos níveis iniciais. O colesterol e triglicerídeos devem ficar inferiores a 200 e 150 mg respectivamente.</text></passage><passage><infon key="section">public_title</infon><infon key="lang">pt-br</infon><offset>-1</offset><text>Efeito de bebida rica em fibra na redução da glicemia de diabéticos</text></passage><passage><infon key="section">scientific_title</infon><infon key="lang">pt-br</infon><offset>-1</offset><text>Efeito de refresco em pó diet enriquecido com fibra solúvel na redução da glicemia de indivíduos com diabetes mellitus tipo 2</text></passage><passage><infon key="section">freetext</infon><infon key="lang">pt-br</infon><offset>-1</offset><text>O grupo experimental receberá saches para o preparo de 1 porção de refresco por dia (cada porção equivale a 1 copo de 200 ml do refresco preparado), totalizando consumo de 9 g de fibra solúvel oriunda do consumo de uma porção de refresco por dia. </text></passage><passage><infon key="section">inclusion_criteria</infon><infon key="lang">pt-br</infon><offset>-1</offset><text>Os critérios de inclusão são: ser portador de diabetes mellitus tipo 2, possuir índice de massa corporal superior a 25 kg/m2 e circunferência da cintura aumentada, ser sedentário, pertencer a faixa etária entre 30 e 59 anos e assinar o Termo de Consentimento Livre e Esclarecido (TCLE).</text></passage><passage><infon key="section">exclusion_criteria</infon><infon key="lang">pt-br</infon><offset>-1</offset><text>Os critério de exclusão são: pacientes que estejam em uso de insulina, com complicações crônicas do diabetes, distúrbios gastrointestinais e intolerância as fibras, gestantes e nutrizes, e aqueles que não completarem o seguimento durante o período de estudo.</text></passage></document></collection>