<?xml version="1.0" encoding="UTF-8"?><!DOCTYPE collection SYSTEM "BioC.dtd"><collection><source></source><date></date><key></key><document><id>RBR-2ht76k</id><passage><infon key="section">public_title</infon><infon key="lang">en</infon><offset>-1</offset><text>Comparison of methods for masticatory function evaluation</text></passage><passage><infon key="section">scientific_title</infon><infon key="lang">en</infon><offset>-1</offset><text>Comparison of methodologies applied to masticatory function evaluation</text></passage><passage><infon key="section">freetext</infon><infon key="lang">en</infon><offset>-1</offset><text>Impaired mastication; total edentulism</text></passage><passage><infon key="section">freetext</infon><infon key="lang">en</infon><offset>-1</offset><text>The present study will be develop in two steps. In the first step, 20 subjects presenting complete dentition will be selected. They will be instructed to chew Optocal and Optosil specimens, and capsules containing fucsine granules. Three tests will be carried out for each material (Optosil, Optocal, and capsules) varying the number of chewing cycles (20, 40, and 60 cycles), totaling up nine masticatory tests per volunteer. The sequence of test materials will be  randomazed.
At the second stage, all methods will be performed in 20 subjects wearing mandible conventional complete dentures and 20 subjects wearing mandible implant-sup</text></passage><passage><infon key="section">inclusion_criteria</infon><infon key="lang">en</infon><offset>-1</offset><text>Health subjects; both gender; aged from 25 to 70 years; complete natural dentition or total edentulism wearing a conventional complete denture or a implant supported mandibular dentures.</text></passage><passage><infon key="section">exclusion_criteria</infon><infon key="lang">en</infon><offset>-1</offset><text>Diagnostic of caries; periodontal disease; facial malformations; severe malocclusion; posterior crossbite; anterior open bite; parafunctional habits; temporomandibular disorder</text></passage><passage><infon key="section">primary_outcome</infon><infon key="lang">en</infon><offset>-1</offset><text>It is expected that the colorimetric method presents the same results of the sieving fraction method when applied to quantify the masticatory function. In the colorimetric method, the results are expressed by nanometers after the spectrophotometric evaluation and while in the sieving method the results will be obtained as X50 values which corresponds to the opening of a hypothetical sieve, in mm, where about half of the crushed material is capable of crossing. It will then be made an equivalence relationship between the values in nanometers and mm, by percentage. </text></passage><passage><infon key="section">primary_outcome</infon><infon key="lang">pt-br</infon><offset>-1</offset><text>Espera-se que o método colorimétrico apresente o mesmo resultado do método do fracionamento em peneiras, quando aplicados para quantificar a função mastigatória. No método colorimétrico serão obtidos valores em nanometros da espectrofotometria enquanto que no método do peneiramento serão obtidos resultados de X50 que corresponde à abertura em mm de uma peneira hipotética onde aproximadamente metade do material triturado é capaz de atravessar. Será então feita uma relação de equivalência entre os valores em nanômetros e em mm, por meio de porcentagem.</text></passage><passage><infon key="section">secondary_outcome</infon><infon key="lang">en</infon><offset>-1</offset><text>It is expected that the colorimetric method presents the same results of the sieving fraction method when applied to quantify the masticatory function when applied to quantify the masticatory function for both complete dentate and totally edentulous subjects wearing prostheses. Results will be evaluated as described in the primary outcome.</text></passage><passage><infon key="section">secondary_outcome</infon><infon key="lang">pt-br</infon><offset>-1</offset><text>Espera-se que o método colorimétrico apresente o mesmo resultado do método do fracionamento em peneiras, quando aplicados para quantificar a função mastigatória, tanto na avaliação de indivíduos totalmente dentados quanto edêntulos totais, usuàrios de próteses.  Os resultados serão avaliados conforme descrito no desfecho primário.</text></passage><passage><infon key="section">public_title</infon><infon key="lang">pt-br</infon><offset>-1</offset><text>Comparação de métodos de avaliação da função mastigatória</text></passage><passage><infon key="section">scientific_title</infon><infon key="lang">pt-br</infon><offset>-1</offset><text>Comparação de metodologias aplicadas à avaliação da função mastigatória</text></passage><passage><infon key="section">freetext</infon><infon key="lang">pt-br</infon><offset>-1</offset><text>Este estudo será realizado em duas etapas. Na primeira etapa, serão selecionados  20 voluntários totalmente dentados, os quais deverão realizar a mastigação de corpos de prova de Optocal e Optosil, além de cápsulas contendo grânulos de fucsina. Serão realizados três testes para cada material (Optosil, Optocal e Cápsulas), onde cada material deverá ser triturado variando-se o número de ciclos mastigatórios (20, 40 e 60 ciclos),, totalizando-se nove testes mastigatórios por voluntário. A sequência de avaliações será randomizada. 
Na segunda etapa, todos os métodos serão realizados em 20 voluntários usuários de próteses totais mandibulares convencionais e 20 voluntários usuários de próteses mandibulares implanto-supor</text></passage><passage><infon key="section">inclusion_criteria</infon><infon key="lang">pt-br</infon><offset>-1</offset><text>Voluntários sadios; ambos os gêneros; idade entre 25 a 70 anos; dentição natural completa ou edentilismo total utilizando próteses totais convencionais ou próteses implanto suportadas mandibular.</text></passage><passage><infon key="section">exclusion_criteria</infon><infon key="lang">pt-br</infon><offset>-1</offset><text>Diagnóstico de cárie; doença periodontal; malformação facial; maloclusão severa; mordida cruzada posterior; mordida aberta anterior; hábitos parafuncionais; disfunção temporomandibulares</text></passage></document></collection>