<?xml version="1.0" encoding="UTF-8"?><!DOCTYPE collection SYSTEM "BioC.dtd"><collection><source></source><date></date><key></key><document><id>RBR-42c8wp</id><passage><infon key="section">public_title</infon><infon key="lang">en</infon><offset>-1</offset><text>Complementary Therapies for stress and anxiety reduction and improving quality of life</text></passage><passage><infon key="section">scientific_title</infon><infon key="lang">en</infon><offset>-1</offset><text>Applicability of Complementary Therapies for pain, stress, anxiety reduction
and improving quality of life: Randomized Clinical Trial</text></passage><passage><infon key="section">freetext</infon><infon key="lang">en</infon><offset>-1</offset><text>Anxiety</text></passage><passage><infon key="section">freetext</infon><infon key="lang">en</infon><offset>-1</offset><text>1. Massage+Rest Intervention Group: 30 outpatients of the Oriental and Integrated Therapy Institute will receive 20 minutes of Anma massage and 10 minutes of rest
2.  Massage+Reiki Intervention Group: 30 outpatient clients of Oriental and Integrated Therapy Institute will receive 20 minutes of Anma massage and 10 minutes of Reiki</text></passage><passage><infon key="section">inclusion_criteria</infon><infon key="lang">en</infon><offset>-1</offset><text>Inclusion Criteria: The patients with  medium and high level of stress score on the Stress Symptoms List (LSS) 
</text></passage><passage><infon key="section">exclusion_criteria</infon><infon key="lang">en</infon><offset>-1</offset><text>Exclusion Criteria: pregnant women; subjects who go on vacation or sick leave during the research period; those who begin to use allopathic medicines for anxiety and antidepressant or other energy therapies to manage stress and anxiety. </text></passage><passage><infon key="section">primary_outcome</infon><infon key="lang">en</infon><offset>-1</offset><text>Stress reduction  Application pre and post treatment of Stress Symptoms List  Analysis based on variation of the average pre and post intervention with a significance level of 5% (p &lt;0.05)</text></passage><passage><infon key="section">primary_outcome</infon><infon key="lang">pt-br</infon><offset>-1</offset><text>Redução dos níveis de estresse Verificação a partir da aplicação pré e pós tratamento da Lista de Sintomas de Stress  A partir da variação das médias pré e pós intervenção com nível de significância de 5% (p&lt;0,05)</text></passage><passage><infon key="section">primary_outcome</infon><infon key="lang">en</infon><offset>-1</offset><text>Anxiety reduction  Application pre and post treatment of the State-Trait Anxiety Inventory  Analysis based on variation of the average pre and post intervention with a significance level of 5% (p &lt;0.05).</text></passage><passage><infon key="section">primary_outcome</infon><infon key="lang">pt-br</infon><offset>-1</offset><text> Redução dos níveis de Ansiedade  Verificação a partir da aplicação pré e pós tratamento pelo Inventário Traço-Estado de Ansiedade. Análise a partir da variação das médias pré e pós intervenção com nível de significância de 5% (p&lt;0,05).</text></passage><passage><infon key="section">secondary_outcome</infon><infon key="lang">en</infon><offset>-1</offset><text>Improvement of the physical and mental aspects of quality of life (SF12v2) Applicatoin pre and post treatment of the Quality of Life Questionnaire (SF12v2) Analysis based on variation of the average pre and post intervention with a significance level of 5% (p &lt;0.05).</text></passage><passage><infon key="section">secondary_outcome</infon><infon key="lang">pt-br</infon><offset>-1</offset><text>Melhoria da Qualidade de Vida dos aspectos físicos e mentais (SF12v2). Verificação pelo questionário de qualidade de vida (SF12V2) Análise a partir da variação das médias pré e pós intervenção com nível de significância de 5% (p&lt;0,05).</text></passage><passage><infon key="section">public_title</infon><infon key="lang">pt-br</infon><offset>-1</offset><text>Práticas Complementares para redução de estresse e ansiedade e melhoria de qualidade de vida</text></passage><passage><infon key="section">scientific_title</infon><infon key="lang">pt-br</infon><offset>-1</offset><text>Aplicabilidade das Práticas Complementares para redução de dor, estresse, ansiedade
e melhoria de qualidade de vida: Ensaio Clínico Randomizado</text></passage><passage><infon key="section">freetext</infon><infon key="lang">pt-br</infon><offset>-1</offset><text>1. Grupo intervenção de Massagem+Repouso: 30 clientes ambulatoriais do Instituto de Terapia Integrada e Oriental receberão 20 minutos de massagem Anmá e 10 minutos de Repouso

2. Grupo intervenção de Massagem+Reiki: 30 clientes ambulatoriais do Instituto de Terapia Integrada e Oriental receberão 20 minutos de massagem Anmá e 10 minutos de Reiki</text></passage><passage><infon key="section">inclusion_criteria</infon><infon key="lang">pt-br</infon><offset>-1</offset><text>Critérios de inclusão:pacientes do ambulatório do ITIO com um escore de stress médio e alto; segundo a Lista de Sintomas Stress (LSS)</text></passage><passage><infon key="section">exclusion_criteria</infon><infon key="lang">pt-br</infon><offset>-1</offset><text>Critérios de exclusão: mulheres grávidas; aqueles que saírem de férias ou licença médica durante o período da pesquisa; aqueles que começarem a fazer uso de medicamentos alopáticos como ansiolíticos e antidepressivos; aqueles que começarem outras terapêuticas energéticas para redução de estresse e ansiedade. </text></passage></document></collection>