<?xml version="1.0" encoding="UTF-8"?><!DOCTYPE collection SYSTEM "BioC.dtd"><collection><source></source><date></date><key></key><document><id>RBR-4c2jy8</id><passage><infon key="section">public_title</infon><infon key="lang">en</infon><offset>-1</offset><text>Identification of coping skills used by alcohol users who wish to stop using by telephone assistance</text></passage><passage><infon key="section">scientific_title</infon><infon key="lang">en</infon><offset>-1</offset><text>Identification of coping skills used by alcohol users in the withdrawal process in a telephone counseling service</text></passage><passage><infon key="section">freetext</infon><infon key="lang">en</infon><offset>-1</offset><text>alcoholism
Alcohol-Related Disorders</text></passage><passage><infon key="section">freetext</infon><infon key="lang">en</infon><offset>-1</offset><text>The goal was to determine whether Brief Motivational Intervention increased the frequency of use of coping strategies to stop the consumption of alcohol. To investigate the coping strategies was applied Coping Behaviours inventory- Brazilian version at the beginning and the end of follow-up via phone at 132-Call Service National Information and Guidance on Drugs. Participants to call the service were divided into two groups: Experimental: 42 participants men and women who were intended to stop the use of alcohol and started counseling using the Brief Motivational Intervention. CONTROL: 63 participants men and women who were intended to stop the use of alcohol and started counseling that provided drug information.</text></passage><passage><infon key="section">inclusion_criteria</infon><infon key="lang">en</infon><offset>-1</offset><text>Alcohol users who used at least once in the past year with or without the licit or illicit drugs capable of understanding the reading of the survey instrument and who accept participate in the study after oral exposure of the free and informed consent (IC) .
Sample size target is 105 particpantes</text></passage><passage><infon key="section">exclusion_criteria</infon><infon key="lang">en</infon><offset>-1</offset><text>Individuals will be excluded who do not understand the questions; those who are high on drugs at the time of interview and those who refuse to participate in the study</text></passage><passage><infon key="section">primary_outcome</infon><infon key="lang">en</infon><offset>-1</offset><text>The expected outcome was that participants who took part in the experimental group receiving counseling with brief motivational intervention used more coping strategies to stop the use of alcohol than participants in the control group receiving advice only with drug information The method used to check the expected outcome was the holding of open questions about alcohol consumption application assessment questionnaire consumption and alcohol dependence questionnaire and coping Behaviours inventory- Portuguese version The parameter for evaluation was the acomparação if the participants in the experimental group were advised to brief motivational intervention stopped using alcohol more users to the control group that received only drug information. In addition it will be assessed the degree of dependence modified and changed their behavior more</text></passage><passage><infon key="section">primary_outcome</infon><infon key="lang">pt-br</infon><offset>-1</offset><text>O desfecho esperado foi que os participantes que fizeram parte do grupo experimental que utilizou aconselhamento com intervenção breve motivacional usaram mais estratégias de coping para  cessar o uso de álcool do que os participantes do grupo controle que utilizou aconselhamento apenas com informações sobre drogas O método usado para verificar o desfecho esperado foi a realização de perguntas abertas sobre o consumo de álcool aplicação de questionário de avaliação do consumo e de dependência de álcool e questionário coping behaviours inventory- versão português O parâmetro para avaliação foi a acomparação se os participantes do grupo experimental que foram aconselhados com a intervenção breve motivacional pararam de usar álcool mais do que os usuários do grupo controle que receberam apenas informações sobre drogas. Além disso será avaliado seu grau de dependência modificou e se mudaram mais seus comportamentos</text></passage><passage><infon key="section">primary_outcome</infon><infon key="lang">en</infon><offset>-1</offset><text>The outcome was found that both participants who took part in the experimental group receiving counseling with brief motivational intervention as participants in the control group receiving advice only with drug information used more coping strategies to stop the use of alcohol at the end of follow-up . Ie there was no significant difference between groups. The method used to check the expected outcome was the holding of open questions about alcohol consumption application assessment questionnaire consumption and alcohol dependence questionnaire and coping Behaviours inventory- Portuguese version The parameter for evaluation was the acomparação if the participants in the experimental group were advised to brief motivational intervention stopped using alcohol more users to the control group that received only drug information. In addition it will be assessed the degree of dependence modified and changed their behavior more</text></passage><passage><infon key="section">primary_outcome</infon><infon key="lang">pt-br</infon><offset>-1</offset><text>O desfecho encontrado foi que tanto os participantes que fizeram parte do grupo experimental que utilizou aconselhamento com intervenção breve motivacional como os participantes do grupo controle que utilizou aconselhamento apenas com informações sobre drogas usaram mais estratégias de coping para  cessar o uso de álcool ao final do acompanhamento. Ou seja não houve diferença significativa entre os grupos.  O método usado para verificar o desfecho esperado foi a realização de perguntas abertas sobre o consumo de álcool aplicação de questionário de avaliação do consumo e de dependência de álcool e questionário coping behaviours inventory- versão português O parâmetro para avaliação foi a acomparação se os participantes do grupo experimental que foram aconselhados com a intervenção breve motivacional pararam de usar álcool mais do que os usuários do grupo controle que receberam apenas informações sobre drogas. Além disso será avaliado seu grau de dependência modificou e se mudaram mais seus comportamentos</text></passage><passage><infon key="section">secondary_outcome</infon><infon key="lang">en</infon><offset>-1</offset><text>Secondary outcome was expected that participants on the phone for monitoring the start would use more common strategies related to behavioral factors and the end of acompanhmento would use more strategies related to cognitive factors.   To check the secondary endpoint was held the questionnaire coping Behaviours inventory- Portuguese version The parameter was the frequency of use of strategies. If the participant always used or often or sometimes or never given strategy</text></passage><passage><infon key="section">secondary_outcome</infon><infon key="lang">pt-br</infon><offset>-1</offset><text>Desfecho secundário esperado era de que os participantes no inicio do acompanhamento por telefone usariam  mais frequente estratégias relacionadas a fatores comportamentais e ao final do acompanhmento usariam mais estratégias relacionadas a fatores cognitivos.   Para verificar o desfecho secundário realizou-se a aplicação do questionário coping behaviours inventory- versão português  O parâmetro utilizado foi a frequencia de uso das estratégias. Se o participante utilizava sempre ou muitas vezes ou às vezes ou nunca determinada estratégia </text></passage><passage><infon key="section">secondary_outcome</infon><infon key="lang">en</infon><offset>-1</offset><text>Secondary outcome was found that participants initially used more frequently strategies related to behavioral factors after getting cease use and used more strategies related to cognitive factors at the end of follow-up.   To check the secondary endpoint was held the questionnaire coping Behaviours inventory- Portuguese version The parameter was the frequency of use of strategies. If the participant always used or often or sometimes or never given strategy</text></passage><passage><infon key="section">secondary_outcome</infon><infon key="lang">pt-br</infon><offset>-1</offset><text>Desfecho secundário encontrado foi de que os participantes inicialmente usaram  mais frequentemente estratégias relacionadas a fatores comportamentais após conseguir cessar o uso e usaram mais estratégias relacionadas a fatores cognitivos ao final do acompanhamento.  Para verificar o desfecho secundário realizou-se a aplicação do questionário coping behaviours inventory- versão português  O parâmetro utilizado foi a frequencia de uso das estratégias. Se o participante utilizava sempre ou muitas vezes ou às vezes ou nunca determinada estratégia</text></passage><passage><infon key="section">public_title</infon><infon key="lang">pt-br</infon><offset>-1</offset><text>Identificação das estratégias de enfrentamento utilizadas por usuários de álcool que desejam parar de usar por auxilio telefônico</text></passage><passage><infon key="section">scientific_title</infon><infon key="lang">pt-br</infon><offset>-1</offset><text>Identificação das estratégias de enfrentamento utilizadas por usuários de álcool no processo de abstinência em um serviço de aconselhamento telefônico</text></passage><passage><infon key="section">freetext</infon><infon key="lang">pt-br</infon><offset>-1</offset><text>O objetivo foi verificar se a Intervenção Breve Motivacional aumentava a frequência de uso das estratégias de Coping para cessar o consumo de álcool. Para investigar as  estratégias de Coping foi aplicado o Coping Behaviours Inventory- versão brasileira no início e ao final do acompanhamento via telefone no Ligue 132-Serviço Nacional de Informações e Orientações sobre Drogas. Os participantes ao ligar para o serviço foram alocados em dois grupos: EXPERIMENTAL: 42 participantes homens e mulheres que tinham a intenção de parar com o uso do álcool e iniciaram aconselhamento que utiliza a Intervenção Breve Motivacional. CONTROLE: 63 participantes homens e mulheres que tinham a intenção de parar com o uso do álcool e iniciaram aconselhamento que prestava informações sobre drogas. 
A pesquisa foi conduzida por telefone durante 6 meses. Neste período os participantes ligaram para o serviço em datas pre estabelecidas na 1ª ligação. Caso o participante não retornasse as ligações pesquisadores capacitados realizavam ligações pró ativas para os mesmos. </text></passage><passage><infon key="section">inclusion_criteria</infon><infon key="lang">pt-br</infon><offset>-1</offset><text>Usuários de álcool que fizeram uso pelo menos uma vez no último ano associado ou não a drogas lícitas ou ilícitas capazes de entender a leitura dos instrumentos de pesquisa e que aceitarem participar do estudo após a exposição verbal do termo de consentimento livre e esclarecido (TCLE).
Tamanho da amostra alvo é de 105 particpantes</text></passage><passage><infon key="section">exclusion_criteria</infon><infon key="lang">pt-br</infon><offset>-1</offset><text>Serão excluídos indivíduos que não compreenderem os questionamentos; os que estiverem sob efeito de drogas no momento da entrevista e aqueles que se recusarem a participar do estudo</text></passage></document></collection>