<?xml version="1.0" encoding="UTF-8"?><!DOCTYPE collection SYSTEM "BioC.dtd"><collection><source></source><date></date><key></key><document><id>RBR-38mzzg</id><passage><infon key="section">public_title</infon><infon key="lang">en</infon><offset>-1</offset><text>Effect of treadmill training associated with auditory stimulation on gait and the ability to move of individuals with Parkinson</text></passage><passage><infon key="section">scientific_title</infon><infon key="lang">en</infon><offset>-1</offset><text>Acute effect of treadmill training associated with auditory stimulation on gait kinematic parameters and functional mobility of individuals with Parkinson</text></passage><passage><infon key="section">freetext</infon><infon key="lang">en</infon><offset>-1</offset><text>Parkinson</text></passage><passage><infon key="section">freetext</infon><infon key="lang">en</infon><offset>-1</offset><text>Evaluation, consisting on gait analysis in soil of 14 individuals with Parkinson disease and three tests that assess functional mobility, named Short Physical Performance Battery (SPPB), Timed up and go (TUG) and gait speed test, then participants will be subjected to 30 minutes gait treadmill training:
Intervention Group (7 individuals) - 30 minutes gait treadmill training associated with auditory stimuli.</text></passage><passage><infon key="section">inclusion_criteria</infon><infon key="lang">en</infon><offset>-1</offset><text>Volunteers with Parkinson</text></passage><passage><infon key="section">exclusion_criteria</infon><infon key="lang">en</infon><offset>-1</offset><text>Present other neurological diseases than Parkinson</text></passage><passage><infon key="section">primary_outcome</infon><infon key="lang">en</infon><offset>-1</offset><text>It is expected that patients with Parkinson's disease submitted to gait training on a treadmill associated with the external auditory stimulation show an improvement in gait parameters and more functional mobility than patients submitted only to gait training on a treadmill with no association to any other stimulus. To do so, individuals will be evaluated before and after the intervention in the treadmill with 30 minutes duration, through a kinematic gait analysis performed on an oval circuit, which will be analyzed the individual step length. Functional mobility will be assessed by the tests Short Physical Performance Battery (SPPB), Timed Up and Go (TUG) and gait speed test 10 meters. To check the effectiveness of acute gait training on a treadmill associated with the auditory stimulus will be carried out statistical analysis using the PASW statistics software 18.0® (SPSS) and in all statistical tests will be adopted the significance level of p&lt;0,05.</text></passage><passage><infon key="section">primary_outcome</infon><infon key="lang">pt-br</infon><offset>-1</offset><text>Espera-se que os pacientes com doença de Parkinson submetidos ao treino de marcha em esteira associado ao estímulo auditivo externo apresentem uma melhora dos parâmetros de marcha e mobilidade funcional maior do que os pacientes submetidos apenas ao treino de marcha em esteira sem associação de qualquer outro estímulo. Para tanto, os indivíduos serão avaliados antes e após a intervenção em esteira com duração de 30 minutos, através de uma análise cinemática da marcha realizada em um circuito oval, na qual será analisado o comprimento de passo do indivíduo. A mobilidade funcional será avaliada através dos testes Short Physical Performance Battery (SPPB), Timed up and go (TUG) e teste de velocidade de marcha de 10 metros. Para verificar a eficácia do treino agudo de marcha em esteira associado ao estímulo auditivo será realizada análise estatística por meio do software PASW statistics 18.0® (SPSS) e em todos os testes estatísticos será adotado o nível de significância de p&lt;0,05.</text></passage><passage><infon key="section">secondary_outcome</infon><infon key="lang">en</infon><offset>-1</offset><text>It is expected that there is a linearity in the step length values during treadmill gait training. To verify this linearity during the 30 minutes participants walk on the treadmill, the variable step length will be analyzed every 5 minutes and also will be added the calculation of the step length variability, because this details the step length measurements and is a major flaw measure the neural mechanisms of motion control.</text></passage><passage><infon key="section">secondary_outcome</infon><infon key="lang">pt-br</infon><offset>-1</offset><text>Espera-se que haja uma linearidade nos valores de comprimento de passo durante o treino de marcha em esteira. Para verificar tal linearidade, durante os 30 minutos que os participantes caminharem na esteira, a variável comprimento de passo será analisada a cada 5 minutos, também será adicionado o cálculo da variabilidade do comprimento de passo pois este detalha as medidas de comprimento de passo e é uma importante medida de falha nos mecanismos neurais de controle da marcha.</text></passage><passage><infon key="section">public_title</infon><infon key="lang">pt-br</infon><offset>-1</offset><text>Efeito da marcha em esteira associada a estímulo auditivo sobre a marcha e a capacidade de se movimentar de indivíduos com doença de Parkinson</text></passage><passage><infon key="section">scientific_title</infon><infon key="lang">pt-br</infon><offset>-1</offset><text>Efeito agudo da marcha em esteira associada a estímulo auditivo sobre parâmetros cinemáticos da marcha e mobilidade funcional de indivíduos com doença de Parkinson</text></passage><passage><infon key="section">freetext</infon><infon key="lang">pt-br</infon><offset>-1</offset><text>Avaliação, composta por análise da marcha em solo de 14 indivíduos com doença de Parkinson e três testes que avaliam a mobilidade funcional, nomeados Short Physical Performance Battery (SPPB), Timed up and go (TUG) e teste de velocidade da marcha, em seguida, os participantes serão submetidos a um treino de marcha em esteira com duração de 30 minutos:
Grupo Intervenção (7 indivíduos) - treino de marcha em esteira durante 30 minutos associado a estímulo auditivo.</text></passage><passage><infon key="section">inclusion_criteria</infon><infon key="lang">pt-br</infon><offset>-1</offset><text>Voluntários com doença de Parkinson; ambos os gêneros; idade entre 60 e 85 anos; realização de marcha independente.</text></passage><passage><infon key="section">exclusion_criteria</infon><infon key="lang">pt-br</infon><offset>-1</offset><text>Apresentar outras doenças neurológicas além da Doença de Parkinson; estar em fase de adaptação farmacológica; apresentar dor; apresentar fratura; apresentar lesão grave em tecidos moles nos seis meses pregressos ao estudo; apresentar histórico de alterações cognitivas, cardiovasculares ou respiratórias não tratadas; não ser capaz de compreender as instruções verbais.</text></passage></document></collection>