<?xml version="1.0" encoding="UTF-8"?><!DOCTYPE collection SYSTEM "BioC.dtd"><collection><source></source><date></date><key></key><document><id>RBR-3j6xjy</id><passage><infon key="section">public_title</infon><infon key="lang">en</infon><offset>-1</offset><text>Effects of medical telephone discussion on the endocrinology referral list</text></passage><passage><infon key="section">scientific_title</infon><infon key="lang">en</infon><offset>-1</offset><text>Evaluation of the effectivity of teleconsultations for improving the quality of the referrals from primary care to specialized care of patients nonresidents in Porto Alegre with endocrine health conditions</text></passage><passage><infon key="section">freetext</infon><infon key="lang">en</infon><offset>-1</offset><text>Diabetes Mellitus
Hypothyroidism</text></passage><passage><infon key="section">freetext</infon><infon key="lang">en</infon><offset>-1</offset><text>The intervention group 1008 referrals will be evaluated according to the Rio Grande do Sul state</text></passage><passage><infon key="section">inclusion_criteria</infon><infon key="lang">en</infon><offset>-1</offset><text>Referrals from patients from counties with at least 5 endocrinology referrals waiting appointment for endocrinology specialty. Referrals from adult patients (more than 18 years old). Referrals from the primary care. Referrals which the reason for referral is included in one of the referring protocols (Diabetes Mellitus; Hypothyroidism; Hyperthyroidism; Goiter; Thyroid nodule; Obesity). </text></passage><passage><infon key="section">exclusion_criteria</infon><infon key="lang">en</infon><offset>-1</offset><text>Referrals from patients from counties with more than one hundred endocrinology referrals waiting appointment.</text></passage><passage><infon key="section">primary_outcome</infon><infon key="lang">en</infon><offset>-1</offset><text>Number of authorized endocrinology referrals in the intervention group compared to the control group after 1 year accessed by the Rio Grande do Sul state's referring system. To the sample size accessement, it was estimated an absolute reduction of 20% in the number of referrals in the intervention group compared to the control group. </text></passage><passage><infon key="section">primary_outcome</infon><infon key="lang">pt-br</infon><offset>-1</offset><text>Número de encaminhamentos autorizados para endocrinologia no grupo intervenção em relação ao grupo controle ao final de um ano, avaliado pelo sistema de encaminhamentos do estado do Rio Grande do Sul antes e após a intervenção. Para o cálculo do tamanho amostral, estima-se uma redução absoluta de 20% do número de encaminhamentos no grupo intervenção em relação ao controle.</text></passage><passage><infon key="section">secondary_outcome</infon><infon key="lang">en</infon><offset>-1</offset><text>Number of new referrals for endocrinology,in the intervention group compared to the control group  accessed by the Rio Grande do Sul state's referring system.</text></passage><passage><infon key="section">secondary_outcome</infon><infon key="lang">pt-br</infon><offset>-1</offset><text>Número de novos encaminhamentos para endocrinologia no grupo intervenção em relação ao grupo controle, avaliado pelo sistema de encaminhamentos do estado do Rio Grande do Sul.</text></passage><passage><infon key="section">secondary_outcome</infon><infon key="lang">en</infon><offset>-1</offset><text>Number of new referrals for endocrinology with adequate informations according to the state's protocols in the intervention group compared to the control group accessed by the Rio Grande do Sul state's referring system.</text></passage><passage><infon key="section">secondary_outcome</infon><infon key="lang">pt-br</infon><offset>-1</offset><text>Número de novos encaminhamentos para endocrinologia com informações clínicas adequadas de acordo com os protocolos do estado no grupo intervenção em relação ao grupo controle, avaliado pelo sistema de encaminhamentos do estado do Rio Grande do Sul.</text></passage><passage><infon key="section">secondary_outcome</infon><infon key="lang">en</infon><offset>-1</offset><text>Number of telefone call to TelessaúdeRS hotline by the primary care physicians.</text></passage><passage><infon key="section">secondary_outcome</infon><infon key="lang">pt-br</infon><offset>-1</offset><text>Número de contatos telefônicos pelos médicos da atenção primária com o TelessaúdeRS através do serviço de teleconsultoria telefônica gratuíta.</text></passage><passage><infon key="section">public_title</infon><infon key="lang">pt-br</infon><offset>-1</offset><text>Efeitos da discussão telefônica entre médicos na fila de encaminhamentos para endocrinologia</text></passage><passage><infon key="section">scientific_title</infon><infon key="lang">pt-br</infon><offset>-1</offset><text>Avaliação da efetividade da realização de teleconsultorias na qualificação da referência entre atenção primária e atenção terciária para pacientes não residentes em Porto Alegre portadores de condições de saúde em endocrinologia</text></passage><passage><infon key="section">freetext</infon><infon key="lang">pt-br</infon><offset>-1</offset><text>No grupo intervenção 1008 encaminhamentos serão avaliados de acordo com os protocolos de encaminhamento do estado do Rio Grande do Sul com o auxílio de teleconsultorias telefônicas (sincrônicas) abordando aspectos do manejo da doença de forma estruturada. Não haverá restrição no número de contatos telefônicos com o médico da atenção primária.
No grupo controle 1008 encaminhamentos serão avaliados de acordo com os protocolos de encaminhamento do estado do Rio Grande do Sul.</text></passage><passage><infon key="section">inclusion_criteria</infon><infon key="lang">pt-br</infon><offset>-1</offset><text>Encaminhamentos de pacientes provenientes de municípios com pelo menos 5 encaminhamentos aguardando consulta para especialidade de endocrinologia. Encaminhamentos de pacientes adultos (acima de 18 anos). Encaminhamentos provenientes da atenção primária em saúde. Encaminhamentos cujo motivo do encaminhamento esteja contemplado em um dos protocolos desenvolvidos (Diabetes Melito; Hipotireoidismo; Hipertireoidismo; Bócio; Nódulo de tireóide; Obesidade).</text></passage><passage><infon key="section">exclusion_criteria</infon><infon key="lang">pt-br</infon><offset>-1</offset><text>Encaminhamentos de pacientes provenientes de municípios com mais de cem encaminhamentos aguardando consulta para especialidade de endocrinologia.
</text></passage></document></collection>