<?xml version="1.0" encoding="UTF-8"?><!DOCTYPE collection SYSTEM "BioC.dtd"><collection><source></source><date></date><key></key><document><id>RBR-287q65</id><passage><infon key="section">public_title</infon><infon key="lang">en</infon><offset>-1</offset><text>Impact of exercise on the urinary control muscles in women with Multiple Sclerosis</text></passage><passage><infon key="section">scientific_title</infon><infon key="lang">en</infon><offset>-1</offset><text>Impact of pelvic floor training in the treatment of symptoms of lower urinary tract in women with multiple sclerosis</text></passage><passage><infon key="section">freetext</infon><infon key="lang">en</infon><offset>-1</offset><text>Multiple Sclerosis.</text></passage><passage><infon key="section">freetext</infon><infon key="lang">en</infon><offset>-1</offset><text>The medical history will be evaluated and the degree of neurological impairment of patients will be determined by the Expanded Disability Status Scale in Multiple Sclerosis - EDSS. Patients also respond to the questionnaire for Bladder Evaluation Overactive - OAB V8. The women selected will be subjected to three study groups that will undergo the same evaluation process before and after the research: the control group (n = 20), the orientation group (n = 20) and treatment group (n = 20).
After using the EDSS and OAB- V8 questionnaire will be used Quality of Life Questionnaire Qualiveen and evaluation of pelvic floor muscle function according to the PERFECT scheme through Graduation muscle strength and urodynamic study made exclusively by a doctor .</text></passage><passage><infon key="section">inclusion_criteria</infon><infon key="lang">en</infon><offset>-1</offset><text>Women diagnosed with Multiple Sclerosis;  age over 20 years; score on the Expanded Disability Status Scale (EDSS) lower or equal to 6.5; presence of symptoms of urinary dysfunction for at least six months.</text></passage><passage><infon key="section">exclusion_criteria</infon><infon key="lang">en</infon><offset>-1</offset><text>Refusal to participate; exacerbation of symptoms  of Multiple Sclerosis during treatment; cognitive decline;  imposibility to attend the treatment sessions.</text></passage><passage><infon key="section">primary_outcome</infon><infon key="lang">en</infon><offset>-1</offset><text>Significant improvement of lower urinary tract in women with MS within six months. The method used will be through the Variance Analysis test for repeated measures under p &lt;0.05 and statistical power above 80%. After the pre and post intervention statistical analysis will be performed using SAS software (Statistical Analysis System). A program of this software, called fpower, will be used to determine the sample size. Establishing 5% alpha and 90% power. To compare initial measures between groups, the Mann-Whitney test will be used and ANOVA for repeated measures will be used to compare the results of the treatments according to the time and group.</text></passage><passage><infon key="section">primary_outcome</infon><infon key="lang">pt-br</infon><offset>-1</offset><text>Melhora significativa dos sintomas do trato urinário inferior em mulheres com Esclerose Múltipla no período de seis meses. O método utilizado será por meio do teste de Análise de Variâncias para Medidas Repetidas, sob p&lt;0,05 e poder estatístico acima de 80%. Após o período de pré e pós intervenção a análise estatística será realizada utilizando software SAS (Statistical Analysis System). Um programa deste software, chamado fpower, será usado para determinar o tamanho da amostra.Estabelecendo alpha a 5% e poder de 90%. Para comparar medidas iniciais, entre os dois grupos, o teste de Mann-Whitney será empregado e o teste ANOVA para medidas repetidas será utilizado para comparar os resultados dos tratamentos de acordo com o tempo e o grupo.</text></passage><passage><infon key="section">secondary_outcome</infon><infon key="lang">en</infon><offset>-1</offset><text>Secondary outcomes are not expected.</text></passage><passage><infon key="section">secondary_outcome</infon><infon key="lang">pt-br</infon><offset>-1</offset><text>Não são esperados desfechos secundários.</text></passage><passage><infon key="section">public_title</infon><infon key="lang">pt-br</infon><offset>-1</offset><text>Impacto do exercício na musculatura de controle urinário de mulheres com Esclerose Múltipla</text></passage><passage><infon key="section">scientific_title</infon><infon key="lang">pt-br</infon><offset>-1</offset><text>Impacto do treinamento do assoalho pélvico no tratamento dos sintomas do trato urinário inferior em mulheres com esclerose múltipla</text></passage><passage><infon key="section">freetext</infon><infon key="lang">pt-br</infon><offset>-1</offset><text>A história clínica será avaliada e o grau de comprometimento neurológico das pacientes será determinado pela Escala Expandida do Estado de Incapacidade em Esclerose Múltipla – EDSS. As pacientes também responderão ao Questionário para Avaliação de Bexiga Hiperativa – OAB V8. As mulheres selecionadas serão submetidas a três grupos de estudo que passarão pelo mesmo processo de avaliação antes e após a pesquisa: o grupo controle (n=20), o grupo orientação (n=20) e o grupo tratamento (n=20). 
Após o uso da EDSS e do questionário OAB- V8 será utilizado o Questionário de Qualidade de Vida Qualiveen e avaliação da função da musculatura do assoalho pélvico de acordo com o esquema PERFECT por meio da graduação da força muscular e estudo urodinâmico feito exclusivamente por um médico.</text></passage><passage><infon key="section">inclusion_criteria</infon><infon key="lang">pt-br</infon><offset>-1</offset><text>Mulheres diagnosticadas com Esclerose Múltipla; idade acima de 20 anos; pontuação na Escala Expandida do Estado de Incapacidade (EDSS) menor ou igual a 6,5;  presença de sintomas de disfunções urinárias por no mínimo seis meses.</text></passage><passage><infon key="section">exclusion_criteria</infon><infon key="lang">pt-br</infon><offset>-1</offset><text>Recusa em participar; exacerbação dos sintomas da Esclerose Múltipla durante o tratamento; declínio cognitivo; impossibilidade de comparecimento às sessões de tratamento.</text></passage></document></collection>