<?xml version="1.0" encoding="UTF-8"?><!DOCTYPE collection SYSTEM "BioC.dtd"><collection><source></source><date></date><key></key><document><id>RBR-5ph2zw</id><passage><infon key="section">public_title</infon><infon key="lang">en</infon><offset>-1</offset><text>Impact of exercise on the urinary control muscles in women with Multiple Sclerosis</text></passage><passage><infon key="section">scientific_title</infon><infon key="lang">en</infon><offset>-1</offset><text>Impact of a pelvic floor training program on the quality of life of women with Multiple Sclerosis</text></passage><passage><infon key="section">freetext</infon><infon key="lang">en</infon><offset>-1</offset><text>Multiple Sclerosis</text></passage><passage><infon key="section">freetext</infon><infon key="lang">en</infon><offset>-1</offset><text>Experimental group (n=20): 20 women with Multiple Sclerosis that are going to compose the pelvic floor muscle strengthening program. Control group (n=20): 20 women with Multiple Sclerosis that are going to be submitted to follow up period, without strengthening treatment. Both groups are going to receive pamphlets explaining the function and location of the pelvic floor muscles. This study will present partial blinding, in which the reviewer does not know to which group the participants belong.</text></passage><passage><infon key="section">inclusion_criteria</infon><infon key="lang">en</infon><offset>-1</offset><text>Women diagnosed with Multiple Sclerosis;  age over 20 years; score on the Expanded Disability Status Scale (EDSS) lower or equal to 6.5; presence of symptoms of urinary dysfunction for at least six months.</text></passage><passage><infon key="section">exclusion_criteria</infon><infon key="lang">en</infon><offset>-1</offset><text>Refusal to participate; exacerbation of symptoms  of Multiple Sclerosis during treatment; cognitive decline;  imposibility to attend the treatment sessions.</text></passage><passage><infon key="section">primary_outcome</infon><infon key="lang">en</infon><offset>-1</offset><text>Improvement the quality of life index, verified by means of the Repeated Measures Analysis of Variances, with p&lt;0.05 and statistical power of 80%.</text></passage><passage><infon key="section">primary_outcome</infon><infon key="lang">pt-br</infon><offset>-1</offset><text>Melhora nos índices de qualidade de vida, verificado por meio do teste de Análise de Variâncias para Medidas Repetidas, sob p&lt;0,05 e poder estatístico acima de 80%.  </text></passage><passage><infon key="section">secondary_outcome</infon><infon key="lang">en</infon><offset>-1</offset><text>Decrease the lower urinary tract symptoms in women with Multiple Sclerosis.</text></passage><passage><infon key="section">secondary_outcome</infon><infon key="lang">pt-br</infon><offset>-1</offset><text>Atenuar sintomas do trato urinário inferior em mulheres com Esclerose Múltipla. </text></passage><passage><infon key="section">public_title</infon><infon key="lang">pt-br</infon><offset>-1</offset><text>Impacto do exercício na musculatura de controle urinário de mulheres com Esclerose Múltipla</text></passage><passage><infon key="section">scientific_title</infon><infon key="lang">pt-br</infon><offset>-1</offset><text>Impacto de um programa de treinamento do assolho pélvico na qualidade de vida de mulheres com Esclerose Múltipla</text></passage><passage><infon key="section">freetext</infon><infon key="lang">pt-br</infon><offset>-1</offset><text>Grupo experimental (n=20): 20 mulheres com Esclerose Múltipla participarão de um programa de fortalecimento da musculatura  do assoalho pélvico. Grupo controle (n=20): 20 mulheres com Esclerose Múltipla que não participarão do programa de fortalecimento, e serão submetidas a período de acompanhamento. Ambos os grupos receberão panfletos explicativos sobre a função e localização dos músculos pélvicos. Este estudo apresentará cegamento parcial, no qual o avaliador não saberá a que grupo pertencem os participantes.</text></passage><passage><infon key="section">inclusion_criteria</infon><infon key="lang">pt-br</infon><offset>-1</offset><text>Mulheres diagnosticadas com Esclerose Múltipla; idade acima de 20 anos; pontuação na Escala Expandida do Estado de Incapacidade (EDSS) menor ou igual a 6,5;  presença de sintomas de disfunções urinárias por no mínimo seis meses.</text></passage><passage><infon key="section">exclusion_criteria</infon><infon key="lang">pt-br</infon><offset>-1</offset><text>Recusa em participar; exacerbação dos sintomas da Esclerose Múltipla durante o tratamento; declínio cognitivo; impossibilidade de comparecimento às sessões de tratamento.</text></passage></document></collection>