<?xml version="1.0" encoding="UTF-8"?><!DOCTYPE collection SYSTEM "BioC.dtd"><collection><source></source><date></date><key></key><document><id>RBR-5h8853</id><passage><infon key="section">public_title</infon><infon key="lang">en</infon><offset>-1</offset><text>Clinical and Radiographic Evaluations of Restorations in Dentin Surface of Molars Deciduous</text></passage><passage><infon key="section">scientific_title</infon><infon key="lang">en</infon><offset>-1</offset><text>Clinical and Radiographic Evaluation of Minimally Invasive Procedures in Superficial Dentin of Primary Molars</text></passage><passage><infon key="section">freetext</infon><infon key="lang">en</infon><offset>-1</offset><text>Dental caries.</text></passage><passage><infon key="section">freetext</infon><infon key="lang">en</infon><offset>-1</offset><text>Through the combination of visual and radiographic examinations clinical, we selected 49 patients (both gender) from 4 to 9 years of age with at least one carious lesion involving only the occlusal surface of molars, upper or less, active nature, with cavitation of at most 2 millimeters (mm) in diameter, and radiographically limited to the outer half of dentin. At this time, observing the criterion of randomization, from a random table, it was revealed the type of caries removal would be done, if total or partial. Total removal of decayed tissue - 24 teeth - (control group) carious dentin was removed with a round bur low speed, with or without the help of digger dentin. Partial removal of carious tissue - 25 teeth - (test group) was used only a digger dentin number 17 in an attempt to remove the surface carious tissue and pulpal side walls. The next step: Wash the cavity with dry sterile cotton balls and gentle air, application, according to the manufacturer</text></passage><passage><infon key="section">inclusion_criteria</infon><infon key="lang">en</infon><offset>-1</offset><text>4 to 9 years of age; with at least one carious lesion involving only the occlusal surfaces of primary molars upper or lower; active lesion; cavitation of at most 2 millimeters (mm) in diameter; radiographically limited if the outer half of dentin;</text></passage><passage><infon key="section">exclusion_criteria</infon><infon key="lang">en</infon><offset>-1</offset><text>systemic disease; under 4 years or more than 9; inactive caries lesion; caries lesion involving other surface beyond the occlusal; lesions in the inner half of dentin;</text></passage><passage><infon key="section">primary_outcome</infon><infon key="lang">en</infon><offset>-1</offset><text>Clinical and radiographic success rate of two methods of caries removal. The outcome will be based on clinical and radiographic success rate, which will be evaluated as follows: Clinical success. - using modified USPHS criteria (United State Public Health Service) for clinical evaluation (6 to 24 months). This criterion clinically evaluates aspects of the restorations, as marginal discoloration, anatomical shape, marginal integrity and existence of caries lesions adjacent . results a and B considered successful and results C and D regarded as failure. The results will be presented in the form of prevalence. Radiographic success - if radiographically there is the suggestion of progression or not of carious lesion and the existence of any changes in furca region - between the roots - (6 to 24 months). These changes will be considered as failure. visually assessed criterion for blind evaluator.</text></passage><passage><infon key="section">primary_outcome</infon><infon key="lang">pt-br</infon><offset>-1</offset><text>Taxa de sucesso clínico e radiográfico dos dois métodos de remoção de tecido cariado. O desfecho será baseado na taxa de sucesso clínico e radiográfico, que serão avaliados da seguinte forma:  Sucesso clínico - utilizando critérios do USPHS (United State Public Health Service) modificado para avaliação clínicas (6 e 24 meses). Este critério avalia clinicamente os aspectos das restaurações, como descoloração marginal, forma anatômica, integridade marginal e a existência de lesões de cárie adjacente. Resultados A e B considerados como sucesso e resultados C e D considerados como insucesso. Os resultados serão apresentados na forma de prevalência. Sucesso radiográfico - se existe radiograficamente a sugestão de progressão ou não da lesão cariosa e a existência de alguma alteração em região de furca - entre as raízes - (6 e 24 meses). Essas alterações serão consideradas como insucesso. Critério avaliado visualmente por avaliador cego. </text></passage><passage><infon key="section">primary_outcome</infon><infon key="lang">en</infon><offset>-1</offset><text>In total, 35 teeth (19 that underwent TCR and 16 that underwent PCR) were followed up at year 2. At year 2, the success rates for each group were 89,47% and 93,75% for TCR and PCR, respectively (p &gt; 0.05). </text></passage><passage><infon key="section">primary_outcome</infon><infon key="lang">pt-br</infon><offset>-1</offset><text>No total, 35 dentes (19 submetido RTTC e 16 que foram submetidos a RPTC) foram acompanhados ao longo de 2 anos. Ao final dos 2 anos, as taxas de sucesso para cada grupo foram 89,47% e 93,75% para RTTC e RPTC, respectivamente ( p &gt; 0,05).</text></passage><passage><infon key="section">secondary_outcome</infon><infon key="lang">en</infon><offset>-1</offset><text>Main causes of restorative failure </text></passage><passage><infon key="section">secondary_outcome</infon><infon key="lang">pt-br</infon><offset>-1</offset><text>Principais causas de falha restauradora</text></passage><passage><infon key="section">secondary_outcome</infon><infon key="lang">en</infon><offset>-1</offset><text>The cause of failure in the PCR group was a secondary caries lesion (1 teeth). In the TCR group, the causes of failure included restoration fracture (1 teeth) and increased radiolucency under the restorative material, suggesting progression of carious lesions (1 teeth). </text></passage><passage><infon key="section">secondary_outcome</infon><infon key="lang">pt-br</infon><offset>-1</offset><text>A causa da falha no grupo de RPTC foi uma lesão de cárie secundária (1 dente). No grupo de RTTC, as causas de falha foram: fratura da restauração (1 dente) e o aumento da radiolucidez sob o material restaurador, sugerindo a progressão de lesões de cárie (1 dente).</text></passage><passage><infon key="section">public_title</infon><infon key="lang">pt-br</infon><offset>-1</offset><text>Avaliação Clínica e Radiográfica de Tratamentos Restauradores em Dentina Superficial de Molares Decíduos</text></passage><passage><infon key="section">scientific_title</infon><infon key="lang">pt-br</infon><offset>-1</offset><text>Avaliação Clínica e Radiográfica de Procedimentos Minimamente Invasivos em Dentina Superficial de Molares Decíduos</text></passage><passage><infon key="section">freetext</infon><infon key="lang">pt-br</infon><offset>-1</offset><text>Através da associação de exames clínico visual e radiográfico, foram selecionados 49 pacientes (de ambos os sexos)de 4 a 9 anos de idade, com pelo menos uma lesão cariosa envolvendo apenas a superfície oclusal de molares decíduos, superior ou inferior, de natureza ativa, com cavitação de no máximo 2 milímetros (mm) de diâmetro, e que, radiograficamente, limitava-se à metade externa de dentina. Nesse momento, respeitando o critério de randomização, a partir de uma tabela aleatória, foi revelado o tipo de remoção do tecido cariado que seria realizado, se total ou parcial. Remoção Total de Tecido Cariado - 24 dentes -  (grupo  controle) a  dentina  cariada  era removida  com  broca  esférica  de  baixa  rotação,  com  ou  sem  auxílio  de escavador de dentina. Remoção Parcial de Tecido Cariado – 25 dentes - (grupo  teste)era utilizado apenas um escavador de dentina número 17 na  tentativa de remover superficialmente o tecido cariado das paredes laterais e pulpar.A etapa seguinte: lavagem da cavidade, secagem com bolinhas de algodão estéreis e leve jato de ar, aplicação, conforme  recomendações  do  fabricante,  do  sistema adesivo autocondicionante P90® (3M-ESPE, Sumaré, Brasil) com pincel microbrush de tamanho  compatível com a cavidade, e restauração do dente com resina composta Filtek P90® (3M-ESPE,  Sumaré,  Brasil) na cor A2. Foram inseridos um ou no máximo dois incrementos horizontais e cada um foi fotopolimerizado por 40 segundos. Uma semana e seis meses após o procedimento restaurador, o paciente retornou para avaliação clínica e radiográfica. Em cada consulta, foram realizadas uma radiografia interproximal padronizada, com filme tamanho zero, e uma análise das condições da restauração com base nos critérios clínicos do USPHS (United State Public Health Service) (Cvar and Ryge, 2005). O paciente não saberá a que grupo pertence, assim como os avaliadores, pois o aspecto restaurador é o mesmo.</text></passage><passage><infon key="section">inclusion_criteria</infon><infon key="lang">pt-br</infon><offset>-1</offset><text>4 a 9 anos de idade; pelo menos uma lesão cariosa em superfície oclusal; molares decíduos superior ou inferior; lesões ativa; cavitação de no máximo 2 milímetros (mm) de  diâmetro; lesão radiograficamente limitada à metade  externa  de dentina;</text></passage><passage><infon key="section">exclusion_criteria</infon><infon key="lang">pt-br</infon><offset>-1</offset><text>doença sistêmica; menor de 4 anos ou maior de 9; lesão cariosa inativa; lesão envolvendo outra face além da oclusal; lesões em metade interna de dentina;</text></passage></document></collection>