<?xml version="1.0" encoding="UTF-8"?><!DOCTYPE collection SYSTEM "BioC.dtd"><collection><source></source><date></date><key></key><document><id>RBR-2q52rs</id><passage><infon key="section">public_title</infon><infon key="lang">en</infon><offset>-1</offset><text>Effects of health education in the prevention of cervical cancer
</text></passage><passage><infon key="section">scientific_title</infon><infon key="lang">en</infon><offset>-1</offset><text>Impact on education intervention in the adherence to the cervical cancer prevention

 </text></passage><passage><infon key="section">freetext</infon><infon key="lang">en</infon><offset>-1</offset><text>Cervical Cancer</text></passage><passage><infon key="section">freetext</infon><infon key="lang">en</infon><offset>-1</offset><text>Control group: 90 women who used the public health service to make the Pap smear will be monitored for annual membership to the examination, as well as his knowledge of the exam.
Intervention group: 90 women who used the public health service to do their Pap smear receive educational intervention in three distinct stages: the first during sample collection, the second in the examination result of the delivery and the third through home visits 6 months after collecting Papanicolaou.</text></passage><passage><infon key="section">inclusion_criteria</infon><infon key="lang">en</infon><offset>-1</offset><text>180 women; aged between 25 and 64 years; public service users of municipal health to perform Pap</text></passage><passage><infon key="section">exclusion_criteria</infon><infon key="lang">en</infon><offset>-1</offset><text>Women who are not available to participate in all stages of the study</text></passage><passage><infon key="section">primary_outcome</infon><infon key="lang">en</infon><offset>-1</offset><text>Increased adherence to the examination of Pap smear in the period of 01 years, verified by calculation of absolute and percentage frequencies cross and chi-square test from finding a variation of at least 50% of the annual return of women to health care for realization of the Pap smear measured before and after intervention.</text></passage><passage><infon key="section">primary_outcome</infon><infon key="lang">pt-br</infon><offset>-1</offset><text>Aumento da adesão ao exame de colpocitologia oncótica no período de um ano, verificado pela apuração das frequências cruzadas absolutas e percentuais e teste qui-quadrado a partir da constatação de uma variação de pelo menos 50% do retorno anual da mulher ao serviço de saúde para realização do exame de papanicolaou, medido antes e após intervenção.</text></passage><passage><infon key="section">secondary_outcome</infon><infon key="lang">en</infon><offset>-1</offset><text>Increased knowledge to the Pap smear within one year, verified by analysis of variance for two factors, being groups (intervention and control) independents and times (initial and after one year) dependents, from the observation of at least 50% increase in knowledge after the intervention in the previous.</text></passage><passage><infon key="section">secondary_outcome</infon><infon key="lang">pt-br</infon><offset>-1</offset><text>Aumento do conhecimento sobre o exame de papanicolaou no período de um ano, verificado através da análise de variância para dois fatores, sendo os grupos (intervenção e controle) independentes e os momentos (inicial e após um ano) dependentes, a partir da constatação de pelo menos 50% de aumento no conhecimento após a intervenção, em relação ao anterior.</text></passage><passage><infon key="section">public_title</infon><infon key="lang">pt-br</infon><offset>-1</offset><text>Efeitos da educação em saúde na prevenção do câncer de colo de útero</text></passage><passage><infon key="section">scientific_title</infon><infon key="lang">pt-br</infon><offset>-1</offset><text>Impacto de intervenções educativas na adesão à prevenção do câncer cérvico-uterino</text></passage><passage><infon key="section">freetext</infon><infon key="lang">pt-br</infon><offset>-1</offset><text>Grupo controle: 90 mulheres que utilizaram o serviço público de saúde para realizar o exame de papanicolaou serão monitoradas quanto à adesão anual ao exame, assim como o seu conhecimento a respeito do exame.
Grupo intervenção: 90 mulheres que utilizaram o serviço público de saúde para realizarem seu exame de papanicolaou receberão intervenção educativa em três momentos distintos: a primeira durante a coleta do exame, a segundo na entrega do resultado do exame e a terceira através de visita domiciliar 6 meses após a coleta de papanicolaou.</text></passage><passage><infon key="section">inclusion_criteria</infon><infon key="lang">pt-br</infon><offset>-1</offset><text>180 mulheres; idade entre 25 e 64 anos; usuárias do serviço público de saúde do município para realização de papanicolaou</text></passage><passage><infon key="section">exclusion_criteria</infon><infon key="lang">pt-br</infon><offset>-1</offset><text>Mulheres que não estejam disponíveis para participar de todas as etapas do estudo</text></passage></document></collection>