<?xml version="1.0" encoding="UTF-8"?><!DOCTYPE collection SYSTEM "BioC.dtd"><collection><source></source><date></date><key></key><document><id>RBR-4psjwb</id><passage><infon key="section">public_title</infon><infon key="lang">en</infon><offset>-1</offset><text>Self-care program  focusing on the assistive devices effects for individuals with hand osteoatrhritis</text></passage><passage><infon key="section">scientific_title</infon><infon key="lang">en</infon><offset>-1</offset><text>Self-care program focusing on the Assistive Technology effects for patients with the hand OA</text></passage><passage><infon key="section">freetext</infon><infon key="lang">en</infon><offset>-1</offset><text>Hand Osteoarthritis</text></passage><passage><infon key="section">freetext</infon><infon key="lang">en</infon><offset>-1</offset><text>Step 1 - Conduct sample selection, through direct invitation, the weekly outpatient osteoarthritis. The sample will be 40 individuals.
Step 2 - Eligible patients will be invited to participate in the study, and if they accept, reading the consent form and savy will be held (IC). After signing the document,</text></passage><passage><infon key="section">inclusion_criteria</infon><infon key="lang">en</infon><offset>-1</offset><text>The sample consists of 40 volunteers with the following inclusion criteria: Hand OA diagnostics (ACR); Be registered at the Hospital das Clinicas, Federal University of Pernambuco; minimum age 18 and maximum age of 90 years.</text></passage><passage><infon key="section">exclusion_criteria</infon><infon key="lang">en</infon><offset>-1</offset><text>Surgical treatment or infiltration in the hands in the last 6 months;Treatment of occupational therapy and / or physical therapy or use of any TA feature (assist device or split) in the last 6 months; Diagnosis of another rheumatologic disease or musculoskeletal disease that compromise the hands. </text></passage><passage><infon key="section">primary_outcome</infon><infon key="lang">en</infon><offset>-1</offset><text>Improvement of occupational performance in patients with hands osteoarthritis that receive the proposed treatment instrument through Canadian Occupational Performance Measure (copm) from a minimum detectable difference of 2.0 points in the copm performance score, pre and post intervention (Falow-up of 3 months)</text></passage><passage><infon key="section">primary_outcome</infon><infon key="lang">pt-br</infon><offset>-1</offset><text>Melhora do desempenho ocupacional nos pacientes com osteoartrite de mãos que receberem o tratamento proposto, por meio do instrumento Medida Canadense de Desempenho Ocupacional (copm) a partir de uma diferença mínima detectável de 2,0 pontos no escore da performance do copm, pré e pós intervenção ( falow-up de 3 meses) </text></passage><passage><infon key="section">secondary_outcome</infon><infon key="lang">en</infon><offset>-1</offset><text>Improved quality of life , used  abbreviated version of the instrument Word Health Organization quality of life (WHOQOL- bref) </text></passage><passage><infon key="section">secondary_outcome</infon><infon key="lang">pt-br</infon><offset>-1</offset><text>Melhora da qualidade de vida, por meio do instrumento abreviado Word Health Organization quality of life (WHOQOL- bref) </text></passage><passage><infon key="section">public_title</infon><infon key="lang">pt-br</infon><offset>-1</offset><text>Efeitos de um programa de autocuidado com enfoque no uso de adaptações para indivúduos com Artrose de mão </text></passage><passage><infon key="section">scientific_title</infon><infon key="lang">pt-br</infon><offset>-1</offset><text>Efeitos de um programa de autocuidado com enfoque na Tecnologia Assistiva em pacientes com OA de mão</text></passage><passage><infon key="section">freetext</infon><infon key="lang">pt-br</infon><offset>-1</offset><text>		Etapa 1 -  Realizar seleção da amostra, através de convite direto, nos ambulatórios semanais de osteoartrite. A amostra será de 40 indivíduos.
	Etapa 2 - Os pacientes elegíveis serão convidados a participar do estudo, e caso aceitem, será realizada a leitura do termo de consentimento livre e esclarecido (TCLE). Após a assinatura do documento, será realizado o preenchimento da ficha de entrevista inicial do estudo que é composta pelas variáveis de interesse. </text></passage><passage><infon key="section">inclusion_criteria</infon><infon key="lang">pt-br</infon><offset>-1</offset><text>A amostra será constituída por 40 voluntários com os seguintes critérios de inclusão: Diagnóstico de OA de mão (ACR) ; Estar cadastrado no Hospital das Clínicas da Universidade Federal de Pernambuco; idade mínima 18 anos e idade máxima de 90 anos.</text></passage><passage><infon key="section">exclusion_criteria</infon><infon key="lang">pt-br</infon><offset>-1</offset><text>Tratamento cirúrgico ou com infiltração nas mãos nos últimos 6 meses; Atendimento da terapia ocupacional e/ou fisioterapia, ou uso de algum recurso de TA (dispositivo de assistência ou órtese) nos últimos 6 meses; Diagnóstico de outra doença reumatológica ou do sistema músculo esquelético que comprometam as mãos.
</text></passage></document></collection>