<?xml version="1.0" encoding="UTF-8"?><!DOCTYPE collection SYSTEM "BioC.dtd"><collection><source></source><date></date><key></key><document><id>RBR-54pbt6</id><passage><infon key="section">public_title</infon><infon key="lang">en</infon><offset>-1</offset><text>Effects of taping in pain and function  of patients with knee arthrosis: a blind randomised clinical trial



</text></passage><passage><infon key="section">scientific_title</infon><infon key="lang">en</infon><offset>-1</offset><text>Effectiveness of taping in pain and functional capacity of patients with knee osteoarthritis: a blind randomised clinical trial</text></passage><passage><infon key="section">freetext</infon><infon key="lang">en</infon><offset>-1</offset><text>Knee osteoarthritis</text></passage><passage><infon key="section">freetext</infon><infon key="lang">en</infon><offset>-1</offset><text>control group: 40 patients will undergo stretching exercises, strengthening and balance training lasting 60 minutes each therapy, 2 times per week over 8 weeks. Intervention group: 34 patients will undergo the same exercises the control group, but with the addition of patellar bracing lasting 60 minutes each therapy, 2 times per week over 8 weeks</text></passage><passage><infon key="section">inclusion_criteria</infon><infon key="lang">en</infon><offset>-1</offset><text>74 Adult patients (18 from 80 years) referred AACD - Lar Escola São Francisco diagnosed with moderate knee osteoarthritis and agree to participate in the study according to the term informed consent</text></passage><passage><infon key="section">exclusion_criteria</infon><infon key="lang">en</infon><offset>-1</offset><text>Patients with rheumatic diseases associated; orthopedic surgery of the lower limbs; prior injections of steroids in the past six months; obesity (BMI</text></passage><passage><infon key="section">primary_outcome</infon><infon key="lang">en</infon><offset>-1</offset><text>Primary outcome : pain The level of pain pain is measured by Visual Analogue Scale that it is a graduated scale ranging from 0 to 10 , where the higher the number , the higher is the level of pain . This scale will be applied by by an independent observer blind , at baseline ( pre-intervention ) after four and eight weeks of treatment. It is expected that the application of banding associated with the exercise program ( intervention group ) provides pain relief of at least 5 % compared with the control group, which only perform the therapy based exercise program.</text></passage><passage><infon key="section">primary_outcome</infon><infon key="lang">pt-br</infon><offset>-1</offset><text>Desfecho primário: dor O nível de dor dor será mensurada através da Escala Visual Analógica que trata-se de uma escala gradual que varia entre 0 a 10, sendo que quanto maior o número, mais alto está o nível de dor. Esta escala será aplicada por  por um observador independente e cego, na linha de base (pré-intervenção), após quatro  e oito semanas de tratamento. Espera-se que a aplicação da bandagem associada ao programa de exercícios (Grupo intervenção) proporcione melhora da dor de pelo menos 5% em relação ao grupo controle, que somente realizará a terapia baseada no programa de exercícios. </text></passage><passage><infon key="section">secondary_outcome</infon><infon key="lang">en</infon><offset>-1</offset><text>Secondary outcome : function Functional capacity will be assessed by WOMAC questionnaire containing 17 questions about the degree of difficulty in performing activities of daily living . The questionnaire will be applied by an independent observer blind , at baseline ( pre-intervention ) and after eight weeks of treatment. It is expected that the use of banding associated with the exercise program ( intervention group ) provide patients better functional outcomes ( at least 5% ) compared with control patients , which performs the same therapy exercises, but without the additional use of bandage.</text></passage><passage><infon key="section">secondary_outcome</infon><infon key="lang">pt-br</infon><offset>-1</offset><text>Desfecho secundário: função A capacidade funcional será avaliada através do questionário WOMAC, que contém 17 questões em relação ao grau de dificuldade para realizar atividades da vida diária. O questionário será aplicado por  por um observador independente e cego, na linha de base (pré-intervenção) e após oito semanas de tratamento. Espera-se que a utilização da bandagem associada ao programa de exercícios (Grupo intervenção) proporcione aos pacientes melhores resultados funcionais (pelo menos 5%) comparados aos pacientes do grupo controle, que realizará a mesma terapia de exercícios, porém sem o uso adicional da bandagem.</text></passage><passage><infon key="section">public_title</infon><infon key="lang">pt-br</infon><offset>-1</offset><text>Efeitos da bandagem elástica na dor e função  de pacientes artrose de joelho: ensaio clínico randomizado cego


</text></passage><passage><infon key="section">scientific_title</infon><infon key="lang">pt-br</infon><offset>-1</offset><text>Efetividade da bandagem elástica na dor e na capacidade funcional de pacientes com osteoartrite de joelho: ensaio clínico randomizado cego</text></passage><passage><infon key="section">freetext</infon><infon key="lang">pt-br</infon><offset>-1</offset><text>grupo controle: 40 pacientes serão submetidos a exercícios de alongamento, fortalecimento e treino de equilíbrio com duração de 60 minutos para cada terapia, 2 vezes por semana, ao longo de 8 semanas. Grupo intervenção: 34 pacientes serão submetidos aos mesmos exercícios do grupo controle, porém com adição da bandagem patelar com duração de 60 minutos para cada terapia, 2 vezes por semana, ao longo de 8 semanas </text></passage><passage><infon key="section">inclusion_criteria</infon><infon key="lang">pt-br</infon><offset>-1</offset><text>74 Pacientes adultos (18 a 80 anos) encaminhados AACD - Lar Escola São Francisco com diagnóstico de osteoartrite de joelho moderada e que aceitem participar do estudo de acordo com o termo de consentimento livre esclarecido</text></passage><passage><infon key="section">exclusion_criteria</infon><infon key="lang">pt-br</infon><offset>-1</offset><text>Pacientes com doenças reumatológicas associadas; cirurgias ortopédicas prévias nos membros inferiores; injeções de esteroides nos últimos seis meses; obesidade (IMC</text></passage></document></collection>