<?xml version="1.0" encoding="UTF-8"?><!DOCTYPE collection SYSTEM "BioC.dtd"><collection><source></source><date></date><key></key><document><id>RBR-3qx5gd</id><passage><infon key="section">public_title</infon><infon key="lang">en</infon><offset>-1</offset><text>Organic responses to a videogame session in subjects affected by stroke</text></passage><passage><infon key="section">scientific_title</infon><infon key="lang">en</infon><offset>-1</offset><text>Acute Physiological Responses to Virtual Reality Games in Adults Affected by Stroke</text></passage><passage><infon key="section">freetext</infon><infon key="lang">en</infon><offset>-1</offset><text>Stroke</text></passage><passage><infon key="section">freetext</infon><infon key="lang">en</infon><offset>-1</offset><text>One group (crossover design) with 12 subjects from both genders who were at the chronic stage (more than 6 months) after a stroke. The group will be submitted to 3 experimental sessions, conducted at a random order, and composed by 1 control session and 2 videogames sessions.
Control session: seated rest during 40 minutes.</text></passage><passage><infon key="section">inclusion_criteria</infon><infon key="lang">en</infon><offset>-1</offset><text>Both genders, aged over 30 years, having suffered a single stroke  in more than 6 months ago.
</text></passage><passage><infon key="section">exclusion_criteria</infon><infon key="lang">en</infon><offset>-1</offset><text>Obesity greater than grade II; presence of cognitive deficit; presence of cardiovascular disease that precludes exercises; inability to walk on a treadmill.</text></passage><passage><infon key="section">primary_outcome</infon><infon key="lang">en</infon><offset>-1</offset><text>Mean heart rate during virtual reality games measured by heart rate monitors and achieving values between the anerobic threshold and the respiratory compensation point  </text></passage><passage><infon key="section">primary_outcome</infon><infon key="lang">pt-br</infon><offset>-1</offset><text>Frequência cardíaca média durante o jogo de realidade virtual, avaliada pelo frequencímetro  e atingindo valores entre o limiar anaeróbico e o ponto de compensação respiratória  </text></passage><passage><infon key="section">secondary_outcome</infon><infon key="lang">en</infon><offset>-1</offset><text>Mean oxygen consuption during virtual reality games measured by metabolic cart and achieving values between the anerobic threshold and the respiratory compensation point </text></passage><passage><infon key="section">secondary_outcome</infon><infon key="lang">pt-br</infon><offset>-1</offset><text>Consumo de oxigênio médio durante o jogo de realidade virtual, avaliado por um analisador de gases e atingindo valores entre o limiar anaeróbico e o ponto de compensação respiratória</text></passage><passage><infon key="section">public_title</infon><infon key="lang">pt-br</infon><offset>-1</offset><text>Respostas do organismo a uma sessão de jogos com videogame em pessoas acometidas por derrame</text></passage><passage><infon key="section">scientific_title</infon><infon key="lang">pt-br</infon><offset>-1</offset><text>Respostas Fisiológicas Agudas aos Jogos de Realidade Virtual em Adultos Acometidos Por Acidente Vascular Encefálico</text></passage><passage><infon key="section">freetext</infon><infon key="lang">pt-br</infon><offset>-1</offset><text>Único grupo (crossover) composto por 12 indivíduos de ambos os sexos em fase crônica (acima de 6 meses) após um único acidente vascular cerebral. O grupo será submetido a 3 sessões, realizadas em ordem aleatória, sendo 1 sessão controle e 2 sessões de videogame.
Sessão controle: repouso sentado durante 40 minutos.</text></passage><passage><infon key="section">inclusion_criteria</infon><infon key="lang">pt-br</infon><offset>-1</offset><text>Ambos os sexos, idade acima de 30 anos; sofrido um único acidente vascular encefálico há mais de 6 meses.</text></passage><passage><infon key="section">exclusion_criteria</infon><infon key="lang">pt-br</infon><offset>-1</offset><text>Obesidade maior que grau II; presença de déficit cognitivo; presença de doença cardiovascular conhecida que contraindique a execução de exercícios; impossibilidade de andar na esteira.
</text></passage></document></collection>