<?xml version="1.0" encoding="UTF-8"?><!DOCTYPE collection SYSTEM "BioC.dtd"><collection><source></source><date></date><key></key><document><id>RBR-3gm6w5</id><passage><infon key="section">public_title</infon><infon key="lang">en</infon><offset>-1</offset><text>Glucose 25% and sucking gloved finger for pain relief of premature newborns during capillary glucose by heel prick</text></passage><passage><infon key="section">scientific_title</infon><infon key="lang">en</infon><offset>-1</offset><text>Glucose 25% and nonnutritive sucking for pain relief in premature undergoing heel lance: a clinical trial</text></passage><passage><infon key="section">freetext</infon><infon key="lang">en</infon><offset>-1</offset><text>PAIN</text></passage><passage><infon key="section">freetext</infon><infon key="lang">en</infon><offset>-1</offset><text>Crossover study with 40 premature newborns and active treatment (glucose 25%, sucking gloved finger, glucose 25% + sucking gloved finger). Each premature newborn will be assessed individually for 3 consecutive days. Day 1: Intervention 1 (1 ml of oral glucose 25%)- 40 premature newborns. Day 2: Intervention 2 (sucking gloved finger)- 40 premature newborns. Day 3: Intervention 3 (1 ml of oral glucose 25% + sucking gloved finger)- 40 premature newborns. The interventions 1, 2 and 3 are offered randomized manner, with a washout of 24 hours. The interventions were done 2 minutes before heel prick procedure

</text></passage><passage><infon key="section">inclusion_criteria</infon><infon key="lang">en</infon><offset>-1</offset><text>Prematures with gestational age at birth between 29 and 36 weeks complete; age after birth more than 06 hours; apgar score at five minutes of 7 or more; clinical stability with physiologic parameters at heart rate between 120 to 160 and oxygen saturation more than 89%; antecipated clinical need for at least 3 routine heel stick to control blood glucose after six hours post birth</text></passage><passage><infon key="section">exclusion_criteria</infon><infon key="lang">en</infon><offset>-1</offset><text>Ventilatory assistance; intraventricular hemorrhage(grades III
and IV)or leukomalacia; cromossomal disorders or malformations affecting central nervous system; disorders affecting cardiovascular system, presence of necrotizing intestinal colitis or hyperglycemia; use of opioids, corticosteroids, or other drugs that interfere with the responses to pain, children of mothers who use illegal drugs, trauma from childbirth as skin lesions, fractures, intracranial hemorrhage, visceral ruptures</text></passage><passage><infon key="section">primary_outcome</infon><infon key="lang">en</infon><offset>-1</offset><text>Pain score obtained by Premature Infant Pain Profile (PIPP)during five minutes. The score will be performed in blocks of 30 seconds. Expected scores lower than 7 because the use of interventions to pain relif</text></passage><passage><infon key="section">primary_outcome</infon><infon key="lang">pt-br</infon><offset>-1</offset><text>Pontuação final da dor obtida através da escala multidimensional Perfil da Dor no Recém-nascido Pré-termo (PIPP) por um tempo de 5 minutos. A pontuação será efetuada em blocos de 30 segundos. O que se espera são escores inferiores a 7 devido ao uso de medidas para o alívio da dor</text></passage><passage><infon key="section">secondary_outcome</infon><infon key="lang">en</infon><offset>-1</offset><text>Maintenance of heart rate and oxygen saturation in normal levels , reduce time of facial activity and crying</text></passage><passage><infon key="section">secondary_outcome</infon><infon key="lang">pt-br</infon><offset>-1</offset><text>Manutenção da frequência cardíaca e saturação de oxigênio nos níveis de normalidade, redução do tempo de manifestação da mímica facial e choro  </text></passage><passage><infon key="section">public_title</infon><infon key="lang">pt-br</infon><offset>-1</offset><text>O uso da glicose a 25% e sucção do dedo enluvado para aliviar a dor do recém-nascido prematuro durante glicemia capilar através da punção do calcanhar</text></passage><passage><infon key="section">scientific_title</infon><infon key="lang">pt-br</infon><offset>-1</offset><text>O uso da glicose 25% e sucção não nutritiva no alívio da dor do prematuro submetido a punção do calcanhar: um ensaio clínico</text></passage><passage><infon key="section">freetext</infon><infon key="lang">pt-br</infon><offset>-1</offset><text>Delineamento cruzado com 40 recém-nascidos prematuros e tratamento ativo (glicose 25%, sucção do dedo enluvado, glicose 25% + sucção do dedo enluvado).Cada recém-nascido será avaliado individualmente por 3 dias seguidos.Dia 1: Intervenção 1 (1 ml de glicose a 25% via oral)- 40 recém-nascidos prematuros.Dia 2: Intervenção 2 (sucção do dedo enluvado)- 40 recém-nascidos prematuros.Dia 3: Intervenção 3 (1 ml de glicose a 25% via oral + sucção do dedo enluvado)- 40 recém-nascidos prematuros. As intervenções 1, 2 e 3 são oferecidas de forma aleatorizada, com um período de lavado de 24 horas. As intervenções são feitas 2 minutos antes do procedimento de punção do calcanhar


</text></passage><passage><infon key="section">inclusion_criteria</infon><infon key="lang">pt-br</infon><offset>-1</offset><text>Recém-nascidos prematuros com idade gestacional ao nascer entre 29 e 36 semanas completas; idade pós-natal após 06 horas; apgar no quinto minuto de vida maior ou igual a 7;estabilidade clínica com manutenção de parâmetros fisiológicos na faixa da normalidade, ou seja, frequência cardíaca entre 120 e 160 bpm e Sat de oxigênio maior do que 89%; prescrição médica de verificação de glicemia capilar, com necessidade de pelo menos três punções do calcanhar após a sexta hora de vida
</text></passage><passage><infon key="section">exclusion_criteria</infon><infon key="lang">pt-br</infon><offset>-1</offset><text>Neonatos em assistência ventilatória; diagnóstico de hemorragia intraventricular grau III ou IV ou subsequente leucomalácia; diagnóstico de alterações cromossômicas ou malformações do sistema nervoso central; diagnóstico de cardiopatias congênitas, enterocolite necrotizante ou hiperglicemia; uso de opióides, corticoesteróides ou outras drogas que interfiram nas respostas a dor; filhos de mães usuárias de drogas; trauma decorrente do parto, como lesões de pele, fraturas, hemorragia intracraniana, roturas viscerais
</text></passage></document></collection>