<?xml version="1.0" encoding="UTF-8"?><!DOCTYPE collection SYSTEM "BioC.dtd"><collection><source></source><date></date><key></key><document><id>RBR-5tdnbr</id><passage><infon key="section">public_title</infon><infon key="lang">en</infon><offset>-1</offset><text>Effects of a health education program for patients with fibromyalgia </text></passage><passage><infon key="section">scientific_title</infon><infon key="lang">en</infon><offset>-1</offset><text>The impact of a health education program on neuroimmune and behavioral aspects of fibromyalgia patients</text></passage><passage><infon key="section">freetext</infon><infon key="lang">en</infon><offset>-1</offset><text>Fibromyalgia, chronic intractable pain, unspecified pain</text></passage><passage><infon key="section">freetext</infon><infon key="lang">en</infon><offset>-1</offset><text>Experimental group (27 women with fibromyalgia) and control group (31 women with fibromyalgia). The experimental group underwent a program of health education called Inter - Relational School of Fibromyalgia. The control group (no treatment) did not receive any intervention. The intervention consisted of a program of health education, offered in lectures that aimed to teach the fibromyalgia patients, strategies to deal with the main symptoms of this condition. The topics discussed with patients during the class were: 1)therapeutic contract and workshop of the senses, 2)mental preparation, 3)physical preparation, 4)stress and individuality, 5)symptoms, 6)nutrition, 7)effects of chronicity, 8)available treatments and 9)retrospective. The intervention program lasted 11 weeks, the classes were once a week, on Saturday, from 08am to 10am. Between the sixth and seventh week there was a break of 15 days for patients in treatment could incorporate the strategies already taught to their daily lives, becoming more independent.</text></passage><passage><infon key="section">inclusion_criteria</infon><infon key="lang">en</infon><offset>-1</offset><text>Female gender; aged between 18 and 60 years; fibromyalgia diagnosis confirmed by a medical specialist</text></passage><passage><infon key="section">exclusion_criteria</infon><infon key="lang">en</infon><offset>-1</offset><text>Less than 18 years, over 60 years old; modification in the pharmacologic treatment in the last three months; chronic inflammatory condition associated; autoimmune disease associated; history or presence of psychiatric disorders, infectious diseases, use of anti-inflammatory, antiallergic or antibiotic drugs in the last three months, pregnant women, lactating, participation in lower 80% of the classes</text></passage><passage><infon key="section">primary_outcome</infon><infon key="lang">en</infon><offset>-1</offset><text>Levels of cortisol in saliva (enzyme-linked immunosorbent assay) before and after intervention; inflammatory cytokine levels in serum (measured by flow cytometry)before and after intervention; 6-sulphatoxymelatonin levels in urine (measured by enzyme-linked immunosorbent assay before and after intervention), levels of anxiety (measured by the Inventory of anxiety  trait and state )before and after intervention and impact of fibromyalgia on quality of life (measured by the Fibromyalgia impact questionnaire)before and after intervention.</text></passage><passage><infon key="section">primary_outcome</infon><infon key="lang">pt-br</infon><offset>-1</offset><text>Níveis de cortisol na saliva (mensurada por ensaio imunoenzimático)antes e após a intervenção; níveis de citocinas inflamatórias (mensurada por citometria de fluxo)antes e após a intervenção; níveis de 6-sulfatoximelatonina na urina (mensurada por ensaio imunoenzimático) antes e após a intervenção; níveis de ansiedade (mensurada pelo inventário de ansiedade traço e estado)antes e após a intervenção e impacto da fibromialgia na qualidade de vida (mensurada pelo questionário de impacto da fibromialgia)antes e após a intervenção. </text></passage><passage><infon key="section">secondary_outcome</infon><infon key="lang">en</infon><offset>-1</offset><text>Levels of salivary cortisol at 8am, 5pm and 10pm, measured by enzyme-linked immunosorbent assay, before and after the intervention. Plasma levels of anti-inflammatory cytokines IL-4 and IL-10, measured by flow cytometry, before and after the intervention. Plasma levels of pro-inflammatory cytokines IL-2, IL-6, TNF, IFN and IL-17, mesuradas by enzyme-linked immunosorbent assay, before and after the intervention levels. The ratio of the anti-inflammatory /proinflammatory cytokines, before and after the end of intervention. Urinary levels of 6-sulphatoxymelatonin collected between 20h and 08h, measured by enzyme immunoassay before and after the end of the study. Levels of trait and state of anxiety, assessed before and after the intervention. Impact of fibromyalgia on quality of life, assessed before and after the intervention. Correlation between the variables that were significant changed at the end of study.</text></passage><passage><infon key="section">secondary_outcome</infon><infon key="lang">pt-br</infon><offset>-1</offset><text>Níveis de cortisol na saliva às 8h, 17h e 22h, mensurados por ensaio imunoenzimático, antes e após a intervenção. Níveis plasmáticos das citocinas anti-inflamatórias IL-4 e IL-10, mensurados por citometria de fluxo antes e após a intervenção. Níveis plasmáticos das citocinas pro inflamatórias IL-2, IL-6, TNF, IFN e IL-17, mesuradas por ensaio imunoenzimático antes e após a intervenção. Razão entre as citocinas anti-inflamatórias e pró-inflamatórias. Níveis urinários de 6-sulfatoximelatonina coletados entre 20h e 08h, mensurados por ensaio imunoenzimático antes e após o término do estudo. Níveis de traço e estado de ansiedade avaliados antes e após o término da intervenção. Impacto da fibromialgia sobre a qualidade de vida, avaliado antes e após o término da intervenção. Correlação entre as variáveis que sofreram alterações significativas ao término do estudo.</text></passage><passage><infon key="section">public_title</infon><infon key="lang">pt-br</infon><offset>-1</offset><text>Efeitos de um programa de educação em saúde sobre pacientes com fibromialgia</text></passage><passage><infon key="section">scientific_title</infon><infon key="lang">pt-br</infon><offset>-1</offset><text>Impacto de um programa de educação em saúde sobre aspectos neuroimunocomportamentais de pacientes com diagnóstico de fibromialgia</text></passage><passage><infon key="section">freetext</infon><infon key="lang">pt-br</infon><offset>-1</offset><text>Grupo experimental (27 mulheres com fibromialgia) e grupo controle (31 mulheres com fibromialgia). O grupo experimental foi submetido a um programa de educação em saúde denominado Escola Inter-Relacional de Fibromialgia. O grupo controle (sem tratamento) não recebeu qualquer tipo de intervenção. A intervenção consistiu de um programa de educação em saúde, oferecido em formato de aulas expositivas que visaram ensinar à pacientes com fibromialgia, estratégias para lidar com os principais sintomas desta condição. Os temas abordados com as pacientes durante as aulas foram: 1) contrato terapêutico e oficina dos sentidos, 2) preparação mental, 3) preparação física, 4) estresse e individualidade, 5) sintomatologia, 6) nutrição, 7) efeitos da cronicidade, 8) tratamentos disponíveis e 9)retrospectiva. O programa de intervenção teve duração de 11 semanas, as aulas ocorreram uma vez por semana, aos sábados, de 08h às 10h da manhã. Entre a sexta e a sétima semana ocorreu uma pausa de 15 dias para que as pacientes em tratamento pudessem incorporar as estratégias já ensinadas ao seu cotidiano, tornando-se mais independentes. </text></passage><passage><infon key="section">inclusion_criteria</infon><infon key="lang">pt-br</infon><offset>-1</offset><text>Gênero feminino; idade entre 18 e 60 anos; diagnóstico de fibromialgia confirmado por um médico especialista</text></passage><passage><infon key="section">exclusion_criteria</infon><infon key="lang">pt-br</infon><offset>-1</offset><text>Idade inferior a 18 anos; idade superior a 60 anos; modificação no tratamento farmacológico há menos de três meses; condição inflamatória crônica associada; doença autoimune associada; histórico ou presença de desordens psiquiátricas; doenças infecciosas; uso de drogas anti-inflamatórias, antialérgicas ou antibióticas nos últimos três meses; gestantes; lactantes; participação nas aulas inferior a 80% </text></passage></document></collection>