<?xml version="1.0" encoding="UTF-8"?><!DOCTYPE collection SYSTEM "BioC.dtd"><collection><source></source><date></date><key></key><document><id>RBR-3nxn34</id><passage><infon key="section">public_title</infon><infon key="lang">en</infon><offset>-1</offset><text>Reproducibility of blood pressure reduction and its physiological regulators after a sessions of  exercise executed in different days</text></passage><passage><infon key="section">scientific_title</infon><infon key="lang">en</infon><offset>-1</offset><text>Reproducibility of post-exercise hypotension and its hemodynamic and autonomic mechanisms</text></passage><passage><infon key="section">freetext</infon><infon key="lang">en</infon><offset>-1</offset><text>Normotension, Hypertension</text></passage><passage><infon key="section">freetext</infon><infon key="lang">en</infon><offset>-1</offset><text>A single group  of 30 subjects will undergo 4 experimental sessions (crossover study), divided into 2 blocks (test and retest). Each block will be composed by 1 exercise session and 1 control session, performed in random order.  
After arriving at the laboratory, subjects will rest in the sitting position for 60 min (pre-intervention), then will execute the intervention period (exercise or control) lasting 60 min, and finally will return to rest for 90 min (post-intervention period).</text></passage><passage><infon key="section">inclusion_criteria</infon><infon key="lang">en</infon><offset>-1</offset><text>Both genders
Age between 20 and 60 years</text></passage><passage><infon key="section">exclusion_criteria</infon><infon key="lang">en</infon><offset>-1</offset><text>Presence of complex arrhythmias and/or ischemia during a cardiopulmonary exercise test</text></passage><passage><infon key="section">primary_outcome</infon><infon key="lang">en</infon><offset>-1</offset><text>Good reproducibility of blood pressure reduction after exercise, evaluated by blood pressure measurements, before and after interventions. A good reproducibility will be defined by the following parameters: Absence of systematic error, evaluated by paired t test between test and retest, adopting a significance level of  p &lt; 0,05; Good reliability determined by an intraclass correlation coefficient equal or greater than 0,75; Good agreement represented by a low coefficient of variation (&lt;10%).  </text></passage><passage><infon key="section">primary_outcome</infon><infon key="lang">pt-br</infon><offset>-1</offset><text>Boa reprodutibilidade da redução de pressão arterial após o exercício, que será avaliada através de medidas de pressão arterial, antes e após as intervenções. Uma boa reprodutibilidade, será determinada pelos seguintes parâmetros: Ausência de erro sistemático, avaliada pelo teste t pareado entre teste e reteste, considerando p &lt; 0,05 como nível de significância; Boa confiabilidade representada por um índice de correlação intraclasse igual ou maior do que 0,75; Boa concordância representada por um baixo coeficiente de variação (&lt;10%).</text></passage><passage><infon key="section">secondary_outcome</infon><infon key="lang">en</infon><offset>-1</offset><text>Good reproducibility of cardiac output, heart rate, autonomic cardiac modulation and vascular function, evaluated respectively by CO2 rebreathing, electrocardiogram, spectral analysis of heart rate variability and venous occlusion plethysmography, before and after interventions. A good reproducibility will be defined by the following parameters: Absence of systematic error, evaluated by paired t test between test and retest, adopting a significance level of  p &lt; 0,05; Good reliability determined by an intraclass correlation coefficient equal or greater than 0,75; Good agreement represented by a low coefficient of variation (&lt;10%).    </text></passage><passage><infon key="section">secondary_outcome</infon><infon key="lang">pt-br</infon><offset>-1</offset><text>Boa reprodutibilidade do débito cardíaco, frequência cardíaca, modulação autonômica cardíaca e função vascular, que serão avaliados respectivamente pela reinalação de CO2, eletrocardiograma, análise espectral da variabilidade da frequência cardíaca e pletismografia de oclusão venosa, antes e após as intervenções. Uma boa reprodutibilidade, será determinada pelos seguintes parâmetros: Ausência de erro sistemático, avaliada pelo teste t pareado entre teste e retest, considerando p &lt; 0,05 como nível de significância. Boa confiabilidade representada por um índice de correlação intraclasse igual ou maior do que 0,75. Boa concordância representada por um baixo coeficiente de variação (&lt;10%).</text></passage><passage><infon key="section">public_title</infon><infon key="lang">pt-br</infon><offset>-1</offset><text>Reprodutibilidade da redução da pressão arterial e de seus reguladores fisiológicos após uma sessão de exercício realizada em dias distintos</text></passage><passage><infon key="section">scientific_title</infon><infon key="lang">pt-br</infon><offset>-1</offset><text>Reprodutibilidade da hipotensão pós-exercício e de seus determinantes hemodinâmicos e autonômicos</text></passage><passage><infon key="section">freetext</infon><infon key="lang">pt-br</infon><offset>-1</offset><text>Um único grupo de 30 sujeitos será submetido a 4 sessões experimentais (estudo cruzado), dividas em 2 blocos (teste e reteste). Cada bloco será composto por 1 sessão de exercício e 1 sessão controle, realizadas em ordem randomizada. 
Ao chegar no laboratório, os sujeitos repousarão na posição sentada por 60 min (período pré-intervenção), em seguida, realizarão o período de intervenção (exercício ou controle) com duração de 60 min, e finalmente, retornarão ao repouso por 90 min (período pós-intervenção).</text></passage><passage><infon key="section">inclusion_criteria</infon><infon key="lang">pt-br</infon><offset>-1</offset><text>Ambos os gêneros 
Idade entre 20 e 60 anos</text></passage><passage><infon key="section">exclusion_criteria</infon><infon key="lang">pt-br</infon><offset>-1</offset><text>Presença de arritmias complexas e/ou isquemias durante um teste cardiopulmonar máximo</text></passage></document></collection>