<?xml version="1.0" encoding="UTF-8"?><!DOCTYPE collection SYSTEM "BioC.dtd"><collection><source></source><date></date><key></key><document><id>RBR-2n5mtq</id><passage><infon key="section">public_title</infon><infon key="lang">en</infon><offset>-1</offset><text>Clinical and electromyographic follow-up of patients taking riluzole and lithium carbonate - A randomized controlled trial</text></passage><passage><infon key="section">scientific_title</infon><infon key="lang">en</infon><offset>-1</offset><text>Clinical diffusion, neurophysiological progression and prognosis of patients with Motor Neuron Disease undergoing Riluzole and Lithium Carbonate - A Randomized Controlled Trial </text></passage><passage><infon key="section">freetext</infon><infon key="lang">en</infon><offset>-1</offset><text>Amyotrophic Lateral Sclerosis</text></passage><passage><infon key="section">freetext</infon><infon key="lang">en</infon><offset>-1</offset><text>Use of oral lithium carbonate, in a an initial dosage of 150 mg/Kg/day to achieve serum concentration of 0.4-0.8 mEq / L in patients with a diagnosis of ALS diagnosed by physical examination and electromyography, age above 18 years. Participants are drawn into two groups, the first of 50 patients receiving riluzole 100 mg/day associated with Lithium Carbonate and the second with 50 patients isolated riluzole 100 mg/day. Quarterly monitoring by physical examination, serum laboratory tests, breathing tests and surface electromyography.100 participants.</text></passage><passage><infon key="section">inclusion_criteria</infon><infon key="lang">en</infon><offset>-1</offset><text>Age over 18 years; no upper limit;
Disease diagnosis Motor Neuron possible, probable or definite;</text></passage><passage><infon key="section">exclusion_criteria</infon><infon key="lang">en</infon><offset>-1</offset><text>FVC less than 50%
other diseases exclusion</text></passage><passage><infon key="section">primary_outcome</infon><infon key="lang">en</infon><offset>-1</offset><text>Assessment of Time for Non-Invasive Ventilation use for more than 12 hours / day for 12 months of follow-up in months. Assessment of Time to tracheostomy in 18 months follow-up. Respiratory Insufficiency development at 24 months, with dessaturation of oxyhemoglobin below 90% and PaO2 below 60 mm Hg in months. Survival Rate at 12, 18 and 24 months with Cox regression and Kaplan Meier with percentual in 18 months. </text></passage><passage><infon key="section">primary_outcome</infon><infon key="lang">pt-br</infon><offset>-1</offset><text>Avaliação do Tempo para uso de Ventilação Não Invasiva por mais de 12 horas/dia verificado em 12 meses de seguimento em meses. Avaliação do Tempo para realização de traqueostomia, em meses. Observação do desenvolvimento de Insuficiência Respiratória em 24 meses, com Saturação de Oxihemoglobina abaixo de 90 % e queda da PaO2 abaixo de 60 mmHg. Avaliação da taxa de Sobrevida em 12, 18 e 24 meses utilizando Regressão de Cox e curva de Kaplan Meier com percentual em 18 meses. </text></passage><passage><infon key="section">secondary_outcome</infon><infon key="lang">en</infon><offset>-1</offset><text>MUNE (Motor Unit Number Estimation) count every three months for 24 months. ALSFRS-R (Amyotrophic Lateral Sclerosis Fuctional Rating Scale -Revised) every three months for 24 months. Muscle strength evaluation every three months for 24 months. Forced Vital Capacity and Oximetry every three months for 24 months.</text></passage><passage><infon key="section">secondary_outcome</infon><infon key="lang">pt-br</infon><offset>-1</offset><text>Contagem de MUNE ( Motor Unit Number Estimation) a cada tres meses por 24 meses. Escores de ALSFRS-R (Amyotrophic Lateral Sclerosis Fuctional Rating Scale -Revised)a cada tres meses por 24 meses. Avaliação de força muscular a cada tres meses por 24 meses. Capacidade Vital Forçada e Oximetria a cada tres meses por 24 meses.</text></passage><passage><infon key="section">public_title</infon><infon key="lang">pt-br</infon><offset>-1</offset><text>Evolução clínica e eletromiográfica de pacientes em uso de Riluzol e Carbonato de lítio - Um ensaio clínico randomizado </text></passage><passage><infon key="section">scientific_title</infon><infon key="lang">pt-br</infon><offset>-1</offset><text>Difusão clínica, progressão neurofisiológica e prognóstico de pacientes com Doença do
Neurônio Motor submetidos à associação de Riluzol e Carbonato de Lítio - um Ensaio</text></passage><passage><infon key="section">freetext</infon><infon key="lang">pt-br</infon><offset>-1</offset><text>Uso de carbonato de lítio na dose inicial de 150 mg via oral ao dia, com aumentos subsequentes até atingir concentração sérica de 0,4-0,8 mEq/l em pacientes com diagnóstico de Esclerose Lateral Amiotrófica diagnosticada através de exame físico e eletroneuromiografia, com idade acima de 18 anos. Os participantes são sorteados em dois grupos, o primeiro  de 50 pacientes recebendo Riluzol 100 mg/dia associado a Carbonato de Lítio em dose escalonada de acordo com nível no sangue e o segundo de 50 pacientes  com Riluzol 100 mg/dia isolado. Acompanhamento trimestral através de exame físico,exames laboratoriais de sangue, provas respiratórias - espirometria e eletromiografia de superfície.Amostra de 100 participantes.</text></passage><passage><infon key="section">inclusion_criteria</infon><infon key="lang">pt-br</infon><offset>-1</offset><text>Idade acima de 18 anos; sem limite superior;
Diagnóstico de Doença do Neurônio Motor  possível, provável ou definitiva;</text></passage><passage><infon key="section">exclusion_criteria</infon><infon key="lang">pt-br</infon><offset>-1</offset><text>CVF ABAIXO DE 50%
diagnóstico de outras doenças que possam levar ao mesmo quadro clínico</text></passage></document></collection>