<?xml version="1.0" encoding="UTF-8"?><!DOCTYPE collection SYSTEM "BioC.dtd"><collection><source></source><date></date><key></key><document><id>RBR-4twh4m</id><passage><infon key="section">public_title</infon><infon key="lang">en</infon><offset>-1</offset><text>Impact of toothbrushing in the prevention of pneumonia in Intensive Care Unit - ICU</text></passage><passage><infon key="section">scientific_title</infon><infon key="lang">en</infon><offset>-1</offset><text>Impact of oral hygiene in the prevention of ventilator-associated pneumonia in Intensive Care Unit: clinical trial</text></passage><passage><infon key="section">freetext</infon><infon key="lang">en</infon><offset>-1</offset><text>Ventilator-Associated Pneumonia

</text></passage><passage><infon key="section">freetext</infon><infon key="lang">en</infon><offset>-1</offset><text>Intervention Group: 105 individuals submitted intubation and mechanical ventilation undergoing oral hygiene using toothbrushes with small and soft bristles, and dental gel based on 0.12% chlorhexidine gluconate.

Control Group: 108 individuals submitted intubation and mechanical ventilation undergoing oral hygiene using gauze and spatula (swab) to applying 15 ml of 0.12% chlorhexidine gluconate oral solution.</text></passage><passage><infon key="section">inclusion_criteria</infon><infon key="lang">en</infon><offset>-1</offset><text>Individuals with age equal or greater than 18 years; submitted to endotracheal intubation; expected to remain on mechanical ventilation for </text></passage><passage><infon key="section">exclusion_criteria</infon><infon key="lang">en</infon><offset>-1</offset><text>Individuals without teeth; suspicion of pneumonia at the time of endotracheal intubation; pregnancy; tracheostomy; chlorhexidine allergy.</text></passage><passage><infon key="section">primary_outcome</infon><infon key="lang">en</infon><offset>-1</offset><text>Reduction of incidence of ventilator-associated pneumonia (VAP), expressed in percentage as episodes per patients under mechanical ventilation, and differences between the groups with "p" values ??with 95% confidence interval. </text></passage><passage><infon key="section">primary_outcome</infon><infon key="lang">pt-br</infon><offset>-1</offset><text>Redução da incidência de Pneumonia associada à Ventilação Mecânica (PAV), expressa em percentual como episódios pelo total de pacientes sob ventilação mecânica, e diferenças entre os grupos com valores de "p" com intervalo de confiança de 95%.</text></passage><passage><infon key="section">primary_outcome</infon><infon key="lang">en</infon><offset>-1</offset><text>Among the 213 patients, ventilatior-associated pneumonia occurred in 45 (21.1%), 28 (62,2%) being patients from the control group and 17 (37,8%) from the intervention group, with global incidence density equal to 14.2 by 1.000 MV/day. The use of toothbrushing plus 0.12% chlorhexidine gel demonstrated a lower incidence of VAP throughout the follow up period, although the difference was not statistically significant (p = 0.084). </text></passage><passage><infon key="section">primary_outcome</infon><infon key="lang">pt-br</infon><offset>-1</offset><text>Dentre o total de 213 pacientes, a pneumonia associada à ventilação mecânica ocorreu em 45 (21,1%), sendo 28 (62,2%) pacientes do grupo controle e 17 (37,8%) do grupo intervenção, com densidade de incidência global igual a 14,2 por 1.000 VM/dia. O uso da escovação dental com clorexidina gel a 0,12% (grupo intervenção) demonstrou uma menor incidência de PAV ao longo do período de acompanhamento, embora a diferença não tenha sido estatisticamente significante (p = 0,084)</text></passage><passage><infon key="section">secondary_outcome</infon><infon key="lang">en</infon><offset>-1</offset><text>Identify differences in mortality rate, duration of mechanical ventilation and length of hospital stay in Intensive Care Unit (ICU) between the studied groups, with "p" values ??with 95% confidence interval.</text></passage><passage><infon key="section">secondary_outcome</infon><infon key="lang">pt-br</infon><offset>-1</offset><text>Verificação de diferenças quanto à mortalidade, tempo de ventilação mecânica e tempo de internação na Unidade de Terapia Intensiva (UTI) entre os grupos estudados, com valores de "p" com intervalo de confiança de 95%.</text></passage><passage><infon key="section">secondary_outcome</infon><infon key="lang">en</infon><offset>-1</offset><text>As to the mortality, among the 213 patients, death occurred in 47 (22,06%); 27 (57,5%) being patients from the control group and 20 (42,5%) from the intervention group. The relative risk of death (RR=1,41) was higher in the control group, increasing the risk of death by 41%, although it was not statistically significant (p=0,296). Regarding the length of hospital stay in the ICU, the difference was not statistically significant (p= 0.064). There was a significant reduction of the mean time of mechanical ventilation in the group of patients who were submitted to toothbrushing (p= 0.018). </text></passage><passage><infon key="section">secondary_outcome</infon><infon key="lang">pt-br</infon><offset>-1</offset><text>Quanto à mortalidade, dentre o total de 213 pacientes, 47 (22,06%) evoluíram para óbito, sendo 27 (57,5%) pacientes do grupo controle e 20 (42,5%) do grupo intervenção. O risco relativo de óbito (RR=1,41) foi maior no grupo controle, aumentando o risco de óbito em 41%, apesar da não significância estatística (p=0,296). Em relação ao tempo de internação na UTI, a diferença não foi estatisticamente significante (p= 0,064). Houve uma redução significativa do tempo médio de ventilação mecânica no grupo de pacientes que foram submetidos à escovação dental (p= 0,018)</text></passage><passage><infon key="section">public_title</infon><infon key="lang">pt-br</infon><offset>-1</offset><text>Impacto da escovação dos dentes para prevenção da pneumonia na Unidade de Terapia Intensiva - UTI</text></passage><passage><infon key="section">scientific_title</infon><infon key="lang">pt-br</infon><offset>-1</offset><text>Impacto da higiene oral para prevenção da pneumonia associada à ventilação mecânica na Unidade de Terapia Intensiva: ensaio clínico</text></passage><passage><infon key="section">freetext</infon><infon key="lang">pt-br</infon><offset>-1</offset><text>Grupo de Intervenção: 105 indivíduos intubados e em ventilação mecânica foram submetidos à higiene oral por meio da escovação dentária com  escova dental com cerdas pequenas e macias e gel dental à base de gluconato de clorexidina 0,12%. 

Grupo Controle: 108 indivíduos intubados e em ventilação mecânica foram submetidos à higiene oral por meio de uma espátula recoberta por gaze (“swab”) e embebida em 15 ml da solução bucal de gluconato de clorexidina a 0,12%.</text></passage><passage><infon key="section">inclusion_criteria</infon><infon key="lang">pt-br</infon><offset>-1</offset><text>Indivíduos com idade igual ou superior a 18 anos; submetidos à intubação orotraqueal com perspectiva de manutenção da ventilação mecânica por período superior a 48 horas; sem evidência de infecção pulmonar à admissão na Unidade de Terapia Intensiva.</text></passage><passage><infon key="section">exclusion_criteria</infon><infon key="lang">pt-br</infon><offset>-1</offset><text>Indivíduos edêntulos; suspeita de pneumonia no momento da intubação orotraqueal; gestação; traqueostomia; alergia à clorexidina.</text></passage></document></collection>