<?xml version="1.0" encoding="UTF-8"?><!DOCTYPE collection SYSTEM "BioC.dtd"><collection><source></source><date></date><key></key><document><id>RBR-4x92fr</id><passage><infon key="section">public_title</infon><infon key="lang">en</infon><offset>-1</offset><text>Evaluation of serum Vitamin D levels in patients with Polycystic kidney disease.</text></passage><passage><infon key="section">scientific_title</infon><infon key="lang">en</infon><offset>-1</offset><text>Serum vitamin D levels in Autosomal Dominant Polycystic Kidney Disease (ADPKD)patients. </text></passage><passage><infon key="section">freetext</infon><infon key="lang">en</infon><offset>-1</offset><text>Polycystic Kidney Disease, Vitamin D deficiency, hypertension; End-stage Renal Disease.  </text></passage><passage><infon key="section">freetext</infon><infon key="lang">en</infon><offset>-1</offset><text>A seventy-four (74) adult patients evaluated at the Nephrology Division from Universidade Federal de São Paulo, who had received a diagnosis of ADPKD were selected to participate in the present study. 

An initial evaluation consisted in anthropometric measurements (weight, height, triceps, biceps, suprailiac and subescapular cutaneous fold to calculate the percentage of body fat)and a 24-hour dietary record to evaluate food consumption. After this initial clinical evaluation, enrolled patients were scheduled for one blood sample drawn following an overnight fast and a 24-h urine collection, obtained during the preceding day. Ambulatory monitoring blood pressure exam (ABMP) and imaging magnetic resonance to determine kidney volume were scheduled in a period of 30 days.</text></passage><passage><infon key="section">inclusion_criteria</infon><infon key="lang">en</infon><offset>-1</offset><text>Volunteeers with Autosomal Dominant Polycystic Kidney Disease; both genders; aged between 18 to 75 years; normo or hypertensives; vitamin D deficient [25(OH) </text></passage><passage><infon key="section">exclusion_criteria</infon><infon key="lang">en</infon><offset>-1</offset><text>Age </text></passage><passage><infon key="section">primary_outcome</infon><infon key="lang">en</infon><offset>-1</offset><text>Beneficial effect of vitamin D3 supplementation on lowering blood pressure and inflammatory markers. The parameters of blood pressure were assessed by ambulatory blood pressure monitoring(ABPM)in baseline period and after 3 months of supplementation. It is was expected that systolic and diastolic blood pressure would lower after vitamin D3 supplementation. With respect to inflammatory markers (Interleukin 6 and 10, tumor necrosis factor alpha, factor nuclear kappa B) that were evaluated in blood samples, it was expected a decrease in these levels after vitamin D3 supplementation.  It was also expected that the expression of vitamin D receptor (VDR), vitamin D regulatory enzymes (CYP27B1 and CYP24A1)would increase after supplementation and serum levels of vitamin D [25(OH)D] would achieve levels above 30 ng/ml.  </text></passage><passage><infon key="section">primary_outcome</infon><infon key="lang">pt-br</infon><offset>-1</offset><text>Efeitos benéficos da suplementação de vitamina D3 na diminuição da pressão arterial e nos marcadores inflamatórios. Os parâmetros de pressão arterial foram avaliados através do exame de monitorização ambulatorial da pressão arterial (MAPA)no início do estudo e após 3 meses de suplementação. Esperava-se que os níveis pressóricos (sistólico e diastólico) diminuissem após a suplementação com vitamina D3. Com relação aos marcadores inflamatórios (interleucinas 6 e 10, fator de necrose tumoral alfa, fator nuclear kapa B e proteína C reativa) que foram avaliados no sangue dos pacientes, esperava-se que eles diminuissem após a suplementação de vitamina D3.  Esperava-se também que aumentasse a expressão do receptor de vitamina D (VDR) e das enzimas envolvidas no metabolismo de vitamina D (CYP27B1 e CYP24A1) bem como os níveis séricos de vitamina D [25(OH)D] para acima de 30 ng/ml após a suplementação. </text></passage><passage><infon key="section">primary_outcome</infon><infon key="lang">en</infon><offset>-1</offset><text>Fourty-six patients (46) presented hypovitaminosis D [25(OH)&lt; 30 ng/ml], being randomized in vitamin D3 or placebo group.   Vitamin D3 supplementation restored serum levels of vitamin D to above 30 ng/ml in 16 patients (76%).   There was found no differences in blood pressure parameters (systolic and diastolic), inflammatory markers and in the expression of vitamin D receptor (VDR) and the ezymes CYP27B1 and CYP24A1 after vitamin D3 supplementation.   </text></passage><passage><infon key="section">primary_outcome</infon><infon key="lang">pt-br</infon><offset>-1</offset><text>Quarenta e seis pacientes (46) apresentaram hipovitamose D [25(OH)D &lt; 30 ng/ml], sendo randomizados no grupo com suplementação de vitamina D3 ou placebo.  A suplementação com vitamina D3 restaurou os níveis séricos de vitamina D para acima de 30 ng/ml em 16 pacientes (76%).    Não houve alterações nos parâmetros de pressão arterial (sistólica e diastólica), nos marcadores inflamatórios e na expressão do recetor de vitamina D (VDR) e das enzimas CYP27B1 e CYP24A1 após a suplementação de vitamina D3. </text></passage><passage><infon key="section">secondary_outcome</infon><infon key="lang">en</infon><offset>-1</offset><text>Beneficial effect of sufficient serum levels of vitamin D (&gt; 30ng/ml) upon hipertension, inflammatory markers and renal volume.   It was expected a negative correlation between serum levels of vitamin D [25(OH)D] or its receptor (VDR) with inflammatory markers, evaluated in blood sample, blood pressure parameters assessed by ambulatory monitoring blood pressure (ABPM)and renal volume determined by resonance magnetic imaging. </text></passage><passage><infon key="section">secondary_outcome</infon><infon key="lang">pt-br</infon><offset>-1</offset><text>Efeito benéfico de níveis séricos suficientes de vitamina D (&gt;30 ng/ml)sobre a hipertensão, marcadores inflamatórios e volume renal.   Espera-se demonstrar uma correlação negativa entre os níveis séricos de vitamina D[25(OH)] ou do receptor de vitamina D (VDR) com parâmetros inflamatórios avaliado por exame laboratorial, de pressão arterial avaliado pelo exame de monitorização ambulatorial da pressão arterial (MAPA) e volume renal determinado pelo exame de imagem por ressonância magnética. </text></passage><passage><infon key="section">secondary_outcome</infon><infon key="lang">en</infon><offset>-1</offset><text>Serum vitamina D levels [25(OH)D] and VDR expression were not negatively correlated with blood pressure parameters.   Serum vitamin D levels [25(OH)D] and VDR expression were negatively correlated with renal volume.   Vitamin D receptor (VDR) was negatively correlated with inflammatory markers (IL-6, IL-10, C reactive protein and nuclear factor kappa B. </text></passage><passage><infon key="section">secondary_outcome</infon><infon key="lang">pt-br</infon><offset>-1</offset><text>Os níveis séricos de vitamina D [25(OH)D] não se associaram negativamente com os parâmetros de pressão arterial e os marcadores inflamatórios.   Os níveis séricos de vitamina D [25(OH)D] e a expressão do receptor de vitamina D (VDR) se correlacionaram negativamente com o volume renal.  A expressão de VDR se correlacionou negativamente com os marcadores inflamatórios (Interleucinas 6 e 10, Proteína C reativa e fator nucler kapa B).   </text></passage><passage><infon key="section">public_title</infon><infon key="lang">pt-br</infon><offset>-1</offset><text>Avaliação dos níveis de vitamina D séricos em pacientes com doença renal cística. </text></passage><passage><infon key="section">scientific_title</infon><infon key="lang">pt-br</infon><offset>-1</offset><text>Níveis séricos de vitamina D em pacientes com Doença Renal Policística Autossômica Dominante (DRPAD).</text></passage><passage><infon key="section">freetext</infon><infon key="lang">pt-br</infon><offset>-1</offset><text>Foram recrutados 74 pacientes adultos,com diagnóstico de Doença Renal Policística Autossômica Dominante (DRPAD) acompanhados no Ambulatório de Rins Policísticos da Disciplina de Nefrologia da Universidade Federal de São Paulo (UNIFESP). 

Em uma consulta inicial foram realizadas avaliação antropométrica (peso, altura e dobras cutâneas tricipital, bicipital, supra-ilíaca e subescapular para cálculo da porcentagem de gordura corporal),e aplicação do recordatório alimentar de 24 horas para investigação da ingestão alimentar. Após esta avaliação inicial, os pacientes foram agendados para a realização de uma coleta de sangue e entrega no laboratório o exame de urina de 24 horas (que foi coletado no dia anterior à coleta de sangue). O exame de monitorização ambulatorial da pressão arterial (MAPA) e o exame de imagem por ressonância magnética para determinação do volume renal foram agendados para realização posterior, mantendo-se um intervalo de 30 dias. </text></passage><passage><infon key="section">inclusion_criteria</infon><infon key="lang">pt-br</infon><offset>-1</offset><text>Voluntários com Doença renal Policística Autossômica Dominante; ambos os gêneros; idade entre 18 e 75 anos; normo ou hipertensos; deficientes em vitamina D [25 (OH)D </text></passage><passage><infon key="section">exclusion_criteria</infon><infon key="lang">pt-br</infon><offset>-1</offset><text>Idade </text></passage></document></collection>