<?xml version="1.0" encoding="UTF-8"?><!DOCTYPE collection SYSTEM "BioC.dtd"><collection><source></source><date></date><key></key><document><id>RBR-56brsc</id><passage><infon key="section">public_title</infon><infon key="lang">en</infon><offset>-1</offset><text>Impact of specific physcail therapy treatment on the health of patients with Parkinson</text></passage><passage><infon key="section">scientific_title</infon><infon key="lang">en</infon><offset>-1</offset><text>Effects of cognitive-motor rehabilitation on non-motor symptoms of patients with Parkinson</text></passage><passage><infon key="section">freetext</infon><infon key="lang">en</infon><offset>-1</offset><text>Parkinson</text></passage><passage><infon key="section">freetext</infon><infon key="lang">en</infon><offset>-1</offset><text>Group 1 (n = 10): 10 patients with Parkinson’s disease will participate in a program of cognitive-motor exercises, with activities performed in group. Group 2 (n = 10): 10 patients with Parkinson’s disease will participate in a program of cognitive-motor exercises, with activities performed individually. Group 3 (n=10): 10 patients with Parkinson</text></passage><passage><infon key="section">inclusion_criteria</infon><infon key="lang">en</infon><offset>-1</offset><text>Volunteers of both gender, aged between 60 and 90 years, diagnosed with idiopathic Parkins</text></passage><passage><infon key="section">exclusion_criteria</infon><infon key="lang">en</infon><offset>-1</offset><text>Patients with cognitive decline, those with movement disorders not compatible with a diagnosis of idiopathic Parkinson</text></passage><passage><infon key="section">primary_outcome</infon><infon key="lang">en</infon><offset>-1</offset><text>Improvement in health indeces (cognitive functions, functionality and quality of life), verified by means of the longitudinal analysis promoted by the Repeated Measures Analysis of Variances, with p&lt;0.05 and statistical power of 80%.</text></passage><passage><infon key="section">primary_outcome</infon><infon key="lang">pt-br</infon><offset>-1</offset><text>Melhora nos índices de saúde (funções cognitivas, funcionalidade e qualidade de vida), verificado por meio da análise longitudinal do teste de Análise de Variâncias para Medidas Repetidas, sob p&lt;0,05 e poder estatístico de 80%.</text></passage><passage><infon key="section">secondary_outcome</infon><infon key="lang">en</infon><offset>-1</offset><text>Maintenance/improvement of cognitive functions, functionality and quality of life. The verification shall be accomplished by the following instruments: Wisconsin Card Sorting Testt, Mini-Mental State Examination, Raven test, Parkinson's Desease Questionnare (PDQ-39) and Pfeffer Index.</text></passage><passage><infon key="section">secondary_outcome</infon><infon key="lang">pt-br</infon><offset>-1</offset><text>Manutenção/melhora das funções cognitivas, funcionalidade e qualidade de vida. A verificação será realizada pelos seguintes instrumentos: Teste de carta de Wisconsin Card Sorting Test, Mini-Exame do Estado Mental, teste de Raven, Parkinson‘s Desease Questionnare (PDQ-39) e Índice de Pfeffer.</text></passage><passage><infon key="section">public_title</infon><infon key="lang">pt-br</infon><offset>-1</offset><text>Impacto de um tratamento da fisioterapia sobre a saúde de pacientes com doença de Parkinson</text></passage><passage><infon key="section">scientific_title</infon><infon key="lang">pt-br</infon><offset>-1</offset><text>Efeitos da reabilitação cognitivo-motora sobre sintomas não-motores de pacientes com doença de Parkinson: um ensaio clínico controlado</text></passage><passage><infon key="section">freetext</infon><infon key="lang">pt-br</infon><offset>-1</offset><text>Grupo 1 (n=10): 10 pacientes com doença de Parkinson participarão de um programa de estimulação cognitivo-motora, realizada em grupo. Grupo 2 (n=10): 10 pacientes com doença de Parkinson participarão de um programa de estimulação cognitivo-motora, realizada individualmente. Grupo 3 (n=10): 10 pacientes controles, com doença de Parkinson, e não  participarão de qualquer programa de estimulação cognitivo-motora.  Os exercícios serão concentrados em atividades cinesioterapêuticas específicas que estimulem força, equilíbrio e cognição, como atenção, reconhecimento, memória imediata, memória de trabalho e praxia. Para isso, barras, bolas Bobath, elásticos e pranchas proprioceptivas serão utilizadas.</text></passage><passage><infon key="section">inclusion_criteria</infon><infon key="lang">pt-br</infon><offset>-1</offset><text>Voluntários de ambos os gêneros, com idade entre 60 e 90 anos, diagnosticados  com doença de Parkinson idiopática, com perfil clínico indicando comprometimento moderado segundo a escala Hoehn-Yarhr e o subescore motor da Unified Parkinson</text></passage><passage><infon key="section">exclusion_criteria</infon><infon key="lang">pt-br</infon><offset>-1</offset><text>Pacientes com declínio cognitivo, desordens motoras não compatíveis com o diagnóstico de doença de Parkinson idiopática (como parkinsonismo secundário), sujeitos com amaurose congênita ou adquiririda e aqueles com comorbidades cardiovasculares e ostemioarticulares graves que impedem ortostatismo e deambulação.</text></passage></document></collection>