<?xml version="1.0" encoding="UTF-8"?><!DOCTYPE collection SYSTEM "BioC.dtd"><collection><source></source><date></date><key></key><document><id>RBR-55g4q3</id><passage><infon key="section">public_title</infon><infon key="lang">en</infon><offset>-1</offset><text>Effects of a stretching program of the posterior muscles in patients with temporomandibular dysfunction</text></passage><passage><infon key="section">scientific_title</infon><infon key="lang">en</infon><offset>-1</offset><text>Assessment of pain and mouth opening range of motion in patients with temporomandibular disorders subjected to stretching of the posterior chain</text></passage><passage><infon key="section">freetext</infon><infon key="lang">en</infon><offset>-1</offset><text>Temporo mandibular dysfunction (DTM).

Temporomandibular joint disorders. </text></passage><passage><infon key="section">freetext</infon><infon key="lang">en</infon><offset>-1</offset><text>Experimental group: 15 women with temporomandibular dysfunction will undergo stretching exercises 2 times a week for a period of six weeks, totaling 12 sessions.
Group control:</text></passage><passage><infon key="section">inclusion_criteria</infon><infon key="lang">en</infon><offset>-1</offset><text>Study participants; females; in the age group 20-50 years. diagnosed with temporomandibular dysfunction; who do not use drugs and are not performing any other intervention.</text></passage><passage><infon key="section">exclusion_criteria</infon><infon key="lang">en</infon><offset>-1</offset><text>They will be excluded from the study that individuals are making use of analgesic drugs and aantiinflamatório ; also some other type of physical therapy intervention.</text></passage><passage><infon key="section">primary_outcome</infon><infon key="lang">en</infon><offset>-1</offset><text>It is expected that occurs mean decrease of 2 points in pain intensity for each muscle algometer and evaluated by average increase of 2 cm from the opening of motion of the mouth assessed by caliper.</text></passage><passage><infon key="section">primary_outcome</infon><infon key="lang">pt-br</infon><offset>-1</offset><text>Espera-se que ocorra diminuição média de 2 pontos na intensidade da dor para cada músculo avaliado pelo algômetro e aumento médio de 2cm da amplitude de movimento de abertura da boca avaliada pelo paquímetro. </text></passage><passage><infon key="section">secondary_outcome</infon><infon key="lang">en</infon><offset>-1</offset><text>Secondary outcomes are expected not</text></passage><passage><infon key="section">secondary_outcome</infon><infon key="lang">pt-br</infon><offset>-1</offset><text>Não são esperados desfechos secundários </text></passage><passage><infon key="section">public_title</infon><infon key="lang">pt-br</infon><offset>-1</offset><text>Efeitos de um programa de alongamento dos músculos posteriores em pacientes com disfunção temporomandibular</text></passage><passage><infon key="section">scientific_title</infon><infon key="lang">pt-br</infon><offset>-1</offset><text>Avaliação da dor e da amplitude de movimento de abertura da boca em indivíduos com disfunção temporomandibular submetidos ao alongamento da cadeia posterior</text></passage><passage><infon key="section">freetext</infon><infon key="lang">pt-br</infon><offset>-1</offset><text>Grupo experimental: 15 mulheres com disfunção temporomandibular serão submetidas a exercícios de alongamentos, 2 vezes por semana por um período de 6 semanas, totalizando 12 sessões.
Grupo controle: </text></passage><passage><infon key="section">inclusion_criteria</infon><infon key="lang">pt-br</infon><offset>-1</offset><text>Participarão do estudo; indivíduos do sexo feminino; na faixa etária de 20 a 50 anos.  com diagnóstico de disfunção temporomandibular; que não fazem uso de medicamentos e não esteja realizando nenhum outro tipo de intervenção. </text></passage><passage><infon key="section">exclusion_criteria</infon><infon key="lang">pt-br</infon><offset>-1</offset><text>Serão excluídos do estudo indivíduos que estão fazendo uso de medicamentos analgésico e aantiinflamatório; também algum outro tipo de intervenção fisioterapêutica.</text></passage></document></collection>