<?xml version="1.0" encoding="UTF-8"?><!DOCTYPE collection SYSTEM "BioC.dtd"><collection><source></source><date></date><key></key><document><id>RBR-2kpz5j</id><passage><infon key="section">public_title</infon><infon key="lang">en</infon><offset>-1</offset><text>Analysis of microorganisms existing in denture wearers before and after the use of two adhesives</text></passage><passage><infon key="section">scientific_title</infon><infon key="lang">en</infon><offset>-1</offset><text>Oral microbiota analysis of conventional complete dentures wearers before and after the use of two adhesives</text></passage><passage><infon key="section">freetext</infon><infon key="lang">en</infon><offset>-1</offset><text>Mouth, Edentulous</text></passage><passage><infon key="section">freetext</infon><infon key="lang">en</infon><offset>-1</offset><text>Participants (n=20) will receive new dentures. After a period of adjustment (30 days), the research subjects will be submitted to an initial examination (collection of dental plaque and saliva for analysis of microorganisms), and then randomly assigned into two protocols: Protocol 1- use of adhesive 1 during the first 15 days, followed by no adhesive for the next 15 days, and subsequent use of adhesive 2 for 15 days; Protocol 2- use of adhesive 2 during the first 15 days,  followed by no adhesive for the next 15 days, and subsequent use of adhesive 1 for another 15 days. Four collections of oral microorganisms will be performed (saliva and dental plaque in upper denture)</text></passage><passage><infon key="section">inclusion_criteria</infon><infon key="lang">en</infon><offset>-1</offset><text>Adult individuals; receptive and mentally agile; good understanding of spoken Portuguese; with availability to attend evaluations during the experimental phase; alveolar ridges with normal resilience and volume</text></passage><passage><infon key="section">exclusion_criteria</infon><infon key="lang">en</infon><offset>-1</offset><text>Systemic debilitations; use of antibiotics at the moment of inclusion in the study and for 3 months prior to the first assessment or sample collection; previous use of denture adhesives</text></passage><passage><infon key="section">primary_outcome</infon><infon key="lang">en</infon><offset>-1</offset><text>Verification of the difference in microorganisms in the mouth of denture wearers when there is use of prosthetic adhesives, using the HOMINGS analysis (allow to identify wide variety of microorganisms) in 20 denture wearers, from the finding of a range of at least 5% between the control analysis and after use of adhesives by the participants.</text></passage><passage><infon key="section">primary_outcome</infon><infon key="lang">pt-br</infon><offset>-1</offset><text>Constatação da diferença nos microrganismos presentes na boca de usuários de dentaduras quando há uso de adesivos para prótese, utilizando a análise HOMINGS (permite identificar vasta variedade de microrganismos), em 20 usuários de dentaduras, a partir da constatação de uma variação de pelo menos 5% entre a análise controle e após uso dos adesivos pelos participantes.</text></passage><passage><infon key="section">secondary_outcome</infon><infon key="lang">en</infon><offset>-1</offset><text>No difference of microorganisms in the mouth of denture wearers when there is use of prosthetic adhesives, using the HOMINGS analysis (allow to identify wide variety of microorganisms) in 20 denture wearers, from the finding of a range of at least 5% between the control analysis and after use of adhesives by the participants.</text></passage><passage><infon key="section">secondary_outcome</infon><infon key="lang">pt-br</infon><offset>-1</offset><text>Ausência de diferença de microrganismos presentes na boca de usuários de dentaduras quando há uso de adesivos para prótese, utilizando a análise HOMINGS (permite identificar vasta variedade de microrganismos), em 20 usuários de dentaduras, a partir da constatação de uma variação de pelo menos 5% entre a análise controle e após uso dos adesivos pelos participantes.</text></passage><passage><infon key="section">public_title</infon><infon key="lang">pt-br</infon><offset>-1</offset><text>Análise dos microorganismos presentes em usuários de dentaduras antes e após a utilização de dois adesivos</text></passage><passage><infon key="section">scientific_title</infon><infon key="lang">pt-br</infon><offset>-1</offset><text>Análise da microbiota bucal de usuários de próteses totais convencionais antes e após a utilização de dois adesivos</text></passage><passage><infon key="section">freetext</infon><infon key="lang">pt-br</infon><offset>-1</offset><text>Os participantes (n=20) receberão dentaduras novas, e após o período de adaptação posterior à instalação das mesmas (30 dias), a amostra será submetida a uma primeira avaliação (coleta de placa dentária e da saliva para análise dos microrganismos), e em seguida dividida aleatoriamente em dois protocolos: Protocolo 1- utilização do adesivo 1 durante os primeiros 15 dias de teste, seguida por não utilização de nenhum tipo de adesivo durante os próximos 15 dias, e utilização do adesivo 2 por mais 15 dias de teste; Protocolo 2- utilização do adesivo 2 durante os primeiros 15 dias de teste, seguida por não utilização de nenhum tipo de adesivo durante os próximos 15 dias, e utilização do adesivo 1 por mais 15 dias de teste. Serão realizadas 4 coletas dos microrganismos bucais (saliva e placa dentária na dentadura superior)</text></passage><passage><infon key="section">inclusion_criteria</infon><infon key="lang">pt-br</infon><offset>-1</offset><text>Indivíduos adultos; receptivos e mentalmente ágeis; boa compreensão do português falado; com disponibilidade para comparecer às avaliações durante a fase experimental; rebordos alveolares com resiliência e volume normais</text></passage><passage><infon key="section">exclusion_criteria</infon><infon key="lang">pt-br</infon><offset>-1</offset><text>Alterações sistêmicas debilitantes; utilização de antibióticos sistêmicos no momento da inclusão no estudo e nos 3 meses anteriores à primeira avaliação ou coleta de amostra; uso prévio de adesivos para prótese</text></passage></document></collection>