<?xml version="1.0" encoding="UTF-8"?><!DOCTYPE collection SYSTEM "BioC.dtd"><collection><source></source><date></date><key></key><document><id>RBR-2bxdxd</id><passage><infon key="section">public_title</infon><infon key="lang">en</infon><offset>-1</offset><text>Restorations of primary teeth in multiple cavities</text></passage><passage><infon key="section">scientific_title</infon><infon key="lang">en</infon><offset>-1</offset><text>Clinical performance of ocluso-proximal ART restorations in primary teeth: a randomized clinical trial</text></passage><passage><infon key="section">freetext</infon><infon key="lang">en</infon><offset>-1</offset><text>Dental caries</text></passage><passage><infon key="section">freetext</infon><infon key="lang">en</infon><offset>-1</offset><text>Control group 1: 75 children were treated with atraumatic restorative treatment (ART), with KetacMolarEasymix®, 3M/ESPE, Seefeld, GE. Experimental group 2: 75 children were treated with ART, using MaxxionR®, FGM, Joinville, BR. All children were evaluated after 6, 12, and 24 months by one trained and calibrated examiner to verify the clinical condition of the treatments</text></passage><passage><infon key="section">inclusion_criteria</infon><infon key="lang">en</infon><offset>-1</offset><text>"</text></passage><passage><infon key="section">exclusion_criteria</infon><infon key="lang">en</infon><offset>-1</offset><text>"</text></passage><passage><infon key="section">primary_outcome</infon><infon key="lang">en</infon><offset>-1</offset><text>Expected primary outcomes: clinical evaluation of restorations:  the group in which teeth was restored with Ketac Molar Easymix should present superior clinical performance when compared to the group in which teeth was restored with Maxxion R, since it is believed that the Ketac Molar Easymix is considered the gold standard in trials due to a high viscosity. We have no information regarding the viscosity of Maxxion R  Method used to verify the expected outcome: the outcome will be evaluated at 6 months, 12 months and 24 months after the treatment performed, according to the criteria of  Roeleveld, van Amerongen e Mandari (2006)  Parameters used to verify that the outcome really happened: will be held the association of possible failures of the restorations and the associated factors, such as: type of material, upper or lower arch, the side of the mouth (right or left), the surface (medial or distal) and the tooth (first or second molar). For this, there will be performed the Cox regression test. Odds ratio 95% CI (confidence Interval)</text></passage><passage><infon key="section">primary_outcome</infon><infon key="lang">pt-br</infon><offset>-1</offset><text>Desfecho primário esperado: será a avaliação clínica das restaurações. O grupo dos dentes restaurados com Ketac Molar Easymix devem  apresentar desempenho clínico superior quando comparado ao grupo de dentes restaurados com Maxxion R, uma vez que o  Ketac Molar Easymix é considerado padrão ouro nos estudos, por apresentar alta viscosidade. Não temos informações referentes a viscosidade do Maxxion R   Método usado para verificar o desfecho esperado: com o objetivo de realizar o comparativo pré e pós tratamento, o desfecho será avaliado clinicamente aos 6 meses, aos 12 meses e aos 24 meses após o tratamento, segundo os critérios de Roeleveld, van Amerongen e Mandari (2006)  Apresentação dos parâmetros utilizados para verificar se o desfecho realmente aconteceu: será realizada a associação de possíveis falhas das restaurações e fatores associados, que são: material, arcada superior ou inferior, lado da boca (direito ou esquerdo), superfície (mesial ou distal), dente (primeiro ou segundo molar). Para isto, será realizado o Teste de Regressão de Cox. Odds ratio 95%  IC (intervalo de confiança)</text></passage><passage><infon key="section">secondary_outcome</infon><infon key="lang">en</infon><offset>-1</offset><text>Expected secondary outcome: clinical evaluation of restorations at 6, 12, and 24 months after the treatment performed: caries activity in the adjacent restoration tooth should be lower in teeth restored with Ketac Molar Easymix due to the material fluoride release, and the best clinical performance of the material  Method used to verify the expected outcome: will be held the association between failure of restorations according to the scores of Roeleveld et al. (2006) and associated factors tested by univariate and multiple Cox regression test  Presentation of the parameters used to verify that the outcome really happened: association between failure of restorations and parameters such as gender; biofilm in the initial assessment, 14 and 24 months; type of tooth (first or second molar); side of the mouth (right or left); arch (upper or lower); the treated surface (medial or distal); the presence of antagonist tooth; the presence of adjacent tooth, ICDAS for the restored tooth; caries activity in the restored tooth; and the adjacent tooth restoration (positive or negative  caries activity)</text></passage><passage><infon key="section">secondary_outcome</infon><infon key="lang">pt-br</infon><offset>-1</offset><text>Desfecho secundário esperado: após a avaliação clínica das restaurações aos 6, 12 e aos 24 meses após o tratamento, espera-se que a atividade de cárie no dente adjacente a restauração deva ser inferior nos dentes restaurados com Ketac Molar Easymix, devido à liberação de flúor pelo material, e pelo melhor desempenho clínico deste material  Método usado para verificar o desfecho esperado: será realizada a associação entre falha das restaurações de acordo com os escores de Roeleveld et al. (2006) e fatores associados testados pela Regressão de Cox univariada e múltipla   Apresentação dos parâmetros utilizados para verificar se o desfecho realmente aconteceu: associação entre falha das restaurações e parâmetros como gênero; biofilme na avaliação inicial, 14 e 24 meses; tipo de dente (primeiro ou segundo molar); lado da boca (direito ou esquerdo); arcada (superior ou inferior), superfície tratada (medial ou distal), presença de antagonista, presença de adjacente, ICDAS do dente restaurado; atividade de cárie no dente restaurado e no dente adjacente à restauração (positiva ou negativa)</text></passage><passage><infon key="section">public_title</infon><infon key="lang">pt-br</infon><offset>-1</offset><text>Restaurações de dentes de leite em cavidades múltiplas</text></passage><passage><infon key="section">scientific_title</infon><infon key="lang">pt-br</infon><offset>-1</offset><text>Desempenho clínico de restaurações ocluso-proximais de ART em dentes decíduos: estudo clínico randomizado</text></passage><passage><infon key="section">freetext</infon><infon key="lang">pt-br</infon><offset>-1</offset><text>Grupo controle 1: 75 crianças foram tratadas com tratamento restaurador atraumático (ART), com o material restaurador KetacMolarEasymix®, 3M/ESPE, Seefeld, GE. Grupo experimental 2: 75 crianças foram tratadas com ART, com o material restaurador MaxxionR®, FGM, Joinville, BR. Todas as crianças serão reavaliadas após 6, 12 e 24 meses por uma examinadora treinada e calibrada para verificação da condição clínica do tratamento</text></passage><passage><infon key="section">inclusion_criteria</infon><infon key="lang">pt-br</infon><offset>-1</offset><text>"</text></passage><passage><infon key="section">exclusion_criteria</infon><infon key="lang">pt-br</infon><offset>-1</offset><text>"</text></passage></document></collection>