<?xml version="1.0" encoding="UTF-8"?><!DOCTYPE collection SYSTEM "BioC.dtd"><collection><source></source><date></date><key></key><document><id>RBR-4n73hw</id><passage><infon key="section">public_title</infon><infon key="lang">en</infon><offset>-1</offset><text>Association of massage and surface heat treatment on tension-type headache</text></passage><passage><infon key="section">scientific_title</infon><infon key="lang">en</infon><offset>-1</offset><text>Investigation of association of Manual Therapy and surface heat treatment on Tension-Type Headache</text></passage><passage><infon key="section">freetext</infon><infon key="lang">en</infon><offset>-1</offset><text>Tension-Type Headache, Headache.</text></passage><passage><infon key="section">freetext</infon><infon key="lang">en</infon><offset>-1</offset><text>The research project will last for three months with the participation of 30 female subjects. The first month (control effect) volunteers will be evaluated and will respond to pain diary, marking the headache episodes. In the second month will receive the treatment that will have 50 minutes duration and will be held twice a week for four weeks, and will consist of two intervention groups: Desensitization skin (superficial heat and massage therapy) and inactivation of myofascial trigger points (deep pressure and cross-massage) and muscle stretching. In the third month, they will be accompanied (follow-up) to evaluate the late effects of treatment. They will continue filling the pain diary for 30 days. At the end they will be reevaluated and close their participation in research.</text></passage><passage><infon key="section">inclusion_criteria</infon><infon key="lang">en</infon><offset>-1</offset><text>subjects with muscular origin of headaches (tension-type headache); existence of myofascial trigger points.</text></passage><passage><infon key="section">exclusion_criteria</infon><infon key="lang">en</infon><offset>-1</offset><text>Subjects with migraine diagnosis; face trauma; systemic rheumatological and oncological diseases; sinusitis; rhinitis; as well as patients in orthodontic treatment; illiterate.</text></passage><passage><infon key="section">primary_outcome</infon><infon key="lang">en</infon><offset>-1</offset><text>Pain reduced after quatro weeks of treatment, verify by visual analogic scale, Mcguill pain questionnaire and pain diary, with statistic analysis of data before and after treatment period.</text></passage><passage><infon key="section">primary_outcome</infon><infon key="lang">pt-br</infon><offset>-1</offset><text>Diminuição da dor após quatro semanas de tratamento, verificado pela escala visual analógica de dor, questionário de dor de Mcguill e pelo diário da dor, por meio da comparação estatística  apropriada dos dados pré e pós a aplicação do tratamento.</text></passage><passage><infon key="section">secondary_outcome</infon><infon key="lang">en</infon><offset>-1</offset><text>Improvement of quality of life, sleep and self-medication after 4 weeks of treatment, verify by SF-36, Pittsburgh sleep questionnaire and pain diary with statistic analysis of data before and after treatment period.</text></passage><passage><infon key="section">secondary_outcome</infon><infon key="lang">pt-br</infon><offset>-1</offset><text>Melhora da qualidade de vida, do sono e da automedicação após 4 semanas de tratamento, verificado respectivamente pelo questionário de qualidade de vida SF-36, pelo questionário de sono de Pittsburgh e pelo diário da dor, por meio da comparação estatística  apropriada dos dados pré e pós a aplicação do tratamento.</text></passage><passage><infon key="section">public_title</infon><infon key="lang">pt-br</infon><offset>-1</offset><text>Associação da massagem e do calor por bolsa térmica no tratamento da dor de cabeça tensional</text></passage><passage><infon key="section">scientific_title</infon><infon key="lang">pt-br</infon><offset>-1</offset><text>Investigação dos efeitos da associação da Terapia Manual e do calor superficial no tratamento da Cefaleia Tensional</text></passage><passage><infon key="section">freetext</infon><infon key="lang">pt-br</infon><offset>-1</offset><text>O protocolo de pesquisa terá duração de 3 meses com participação de 30 sujeitos do gênero feminino (único grupo). O primeiro mês (efeito controle) as voluntárias serão avaliadas e responderão ao diário da dor, marcando as crises de cefaleia. No segundo mês receberão o  tratamento que terá duração de 50 minutos e será realizado duas vezes na semana durante quatro semanas, e será composto de 2 grupos de intervenções: Dessensibilização da pele (calor superficial e massoterapia) e inativação dos pontos gatilhos miofasciais (pressão profunda e massagem transversal) e alongamento muscular. No terceiro mês, serão acompanhadas ( período de seguimento) para avaliar os efeitos tardios do tratamento elas continuarão preenchendo o diário da dor por mais 30 dias. Ao final serão novamente reavaliadas e encerram sua participação na pesquisa.</text></passage><passage><infon key="section">inclusion_criteria</infon><infon key="lang">pt-br</infon><offset>-1</offset><text>Sujeitos portadores de dores de cabeça de origem muscular (tensional); existência de pontos gatilhos miofasciais.</text></passage><passage><infon key="section">exclusion_criteria</infon><infon key="lang">pt-br</infon><offset>-1</offset><text>Sujeitos com diagnóstico de enxaqueca; trauma na face; doenças sistêmicas reumatológicas e oncológicas; sinusite; rinite; pacientes em tratamento ortodôntico; analfabetos.</text></passage></document></collection>