<?xml version="1.0" encoding="UTF-8"?><!DOCTYPE collection SYSTEM "BioC.dtd"><collection><source></source><date></date><key></key><document><id>RBR-36d8nf</id><passage><infon key="section">public_title</infon><infon key="lang">en</infon><offset>-1</offset><text>Effect of vibration stimulus in fibromyalgia women</text></passage><passage><infon key="section">scientific_title</infon><infon key="lang">en</infon><offset>-1</offset><text>Acute effect of whole body vibration in neuro endocrine inflammatory parameters in fibromyalgia women</text></passage><passage><infon key="section">freetext</infon><infon key="lang">en</infon><offset>-1</offset><text>Fibromyalgia</text></passage><passage><infon key="section">freetext</infon><infon key="lang">en</infon><offset>-1</offset><text>This is a study with two groups, one consisting of women with FM and another for healthy asymptomatic women (control group), both groups received the intervention (whole body vibration stimulus). In the first session all volunteers were evaluated for physical function, work, well being, pain, quality of life, depression and sleep quality through the application of questionnaires: the FM impact questionnaire, visual analogue scale pain, quality of life questionnaire, Beck Inventory, Pittsburgh sleep quality index. In addition, it will evaluate the functional capacity of the lower limbs through the sit up from the chair test. Also in this session the participants were familiar with the whole body vibration stimulus on the vibration platform, adopting the position adopted during the trial session and received the vibratory stimulus for 40 seconds, to avoid interference in oxygen consumption and heart rate due to anxiety generated by performing a different exercise from conventional. In a second session we performed the experimental protocol consisted of stay for 10 minutes followed by performance of dynamic squat exercise on the vibratory platform (8 series of 40 seconds with 40 seconds of rest between sets. The frequency used was 40 Hz and amplitude of 4 mm (intensity 1). Before and immediately after this protocol, blood sample were collect, as well as measurement of blood pressure, and application of visual analogue pain scale and perceived exertion scale. For characterization of strength of the whole body vibration stimulus, after standing for at least 10 minutes to ensure return to the body homeostasis, the volunteers of both groups performed two vibration exercise protocol with an interval of at least 10 minutes between exercises. A portable gas analyzer was used to measure consumption
oxygen during the whole procedure (intensity 1, 2 and 3). The order of the exercises will be held in a balanc</text></passage><passage><infon key="section">inclusion_criteria</infon><infon key="lang">en</infon><offset>-1</offset><text>Fibromyalgia: present confirmed diagnosis of fibromyalgia by rheumatologist. According to the American College of Rheumatology for the characterization of the disease, the symptoms must persist for at least 3 months.
Control: not present rheumatic disease or serious general health changes and not be inserted in any physical activity program. These women were selected paired form (1:1) according to age and anthropometric variables with fibromyalgia group.</text></passage><passage><infon key="section">exclusion_criteria</infon><infon key="lang">en</infon><offset>-1</offset><text>being a smoker; drinking alcohol; make use of immunosuppressive medication; present any concomitant disease that can be exacerbated by physical activity; pregnancy; orthopedic impairments; respiratory and inflammatory diseases or cardiovascular diseases; be followed up with a psychiatrist, or perform physical activity for the same 2 times a week; Acute hernia; thrombosis; epilepsy; orthopedic injuries; prostheses. The above criteria were used for both groups.</text></passage><passage><infon key="section">primary_outcome</infon><infon key="lang">en</infon><offset>-1</offset><text>Initially it was expected that women presented with fibromyalgia neuro-endocrine higher concentrations of inflammatory markers compared with asymptomatic women at rest. In addition, it was expected that the whole body vibration stimulus to reduce the concentration of these biomarkers demonstrating the beneficial effect of this intervention. That is, it was expected modulation of neuroendocrine-inflammatory parameters by acute exercise of whole body vibration and increased oxygen consumption and heart rate by acute exercise of whole body vibration.</text></passage><passage><infon key="section">primary_outcome</infon><infon key="lang">pt-br</infon><offset>-1</offset><text>Inicialmente esperava-se que mulheres com fibromialgia apresentassem maiores concentrações de marcadores neuro endócrino inflamatórios comparados com mulheres assintomáticas em repouso. Além disso, esperava-se que o estímulo de vibração de corpo inteiro reduzisse a concentração desses biomarcadores demonstrando o efeito benéfico dessa intervenção.  Ou seja, esperava-se uma modulação dos parâmetros neuro-endócrino-inflamatórios pelo exercício agudo de vibração de corpo inteiro bem como aumento do consumo de oxigênio e frequência cardíaca pelo exercício agudo de vibração de corpo inteiro.  </text></passage><passage><infon key="section">primary_outcome</infon><infon key="lang">en</infon><offset>-1</offset><text>After the study of end results showed that individuals with fibromyalgia have an "status inflammatory" inherent disease and acute stimulation of whole body vibration (low intensity and short duration), seem to be enough to cause interaction (disease versus stimulus) and thus, modulation of inflammatory markers in order to fit inflammation homeostasis. Also the acute stimulation of whole body vibration promoted an increase in oxygen consumption and heart rate in a manner similar between groups.</text></passage><passage><infon key="section">primary_outcome</infon><infon key="lang">pt-br</infon><offset>-1</offset><text>Após o término do estudo os resultados evidenciaram que indivíduos com fibromialgia apresentam um "estado inflamatório" inerente a doença e o estímulo agudo de vibração de corpo inteiro (baixa intensidade e curta duração), parece ser suficiente para causar interação (doença versus estímulo) e, consequentemente, modulação de marcadores inflamatórios, no sentido de ajuste da homeostase da inflamação. Além disso o estímulo agudo de vibração de corpo inteiro promoveu um aumento do consumo de oxigênio e frequência cardíaca de maneira similar entre os grupos. </text></passage><passage><infon key="section">secondary_outcome</infon><infon key="lang">en</infon><offset>-1</offset><text>To characterize the sample it was expected that women with fibromyalgia presented lower scores compared with the group of asymptomatic women, the evaluated questionnaires, such as above 70 scores on the fibromyalgia impact questionnaire, rating depression by Depression Inventory Beck with scores above 20, more than 11 tender points, and worse performance in the test and sit up from his chair.</text></passage><passage><infon key="section">secondary_outcome</infon><infon key="lang">pt-br</infon><offset>-1</offset><text>Para a caracterização da amostra esperava-se que mulheres com fibromialgia apresentassem piores escores, quando comparadas com o grupo de mulheres assintomáticas, nos questionários avaliados, como: pontuações acima de 70 no questionário de impacto da fibromialgia, classificação de depressão pelo inventário de depressão de Beck com pontuações acima de 20, mais de 11 pontos dolorosos, bem como pior desempenho no teste de sentar e levantar da cadeira. </text></passage><passage><infon key="section">secondary_outcome</infon><infon key="lang">en</infon><offset>-1</offset><text>After the study results demonstrate that women with fibromyalgia have an average score of 75.58 on the impact questionnaire fibromyalgia. Ratings in this questionnaire above 70 on a scale of zero to 100 are considered severe impact of the disease. Regarding the Beck Depression Inventory showed a score of 22.10 and the women in the control group showed score 10.90. Scores above 17 are classified as having depression. Also women with fibromyalgia had an average of 14.1 points painful, since the women in the control group 0.85. It was also identified worst performance on the sit and up from a chair test of the fibromyalgia group with an average of 8 reps while asymptomatic women performed 12 repetitions on average.</text></passage><passage><infon key="section">secondary_outcome</infon><infon key="lang">pt-br</infon><offset>-1</offset><text>Após a realização do estudo os resultados demonstram que as mulheres com fibromialgia apresentam um escore médio no questionário de impacto da fibromialgia de 75,58. Pontuações neste questionário acima de 70 na escala de zero a 100 são consideradas impacto severo da doença. Com relação ao inventário de depressão de Beck apresentaram uma pontuação de 22,10 e as mulheres do grupo controle apresentaram pontuação 10,90. Pontuações acima de 17 são classificadas como presença de depressão. Além disso as mulheres com fibromialgia apresentaram uma média de 14,1 pontos dolorosos, já as mulheres do grupo controle 0,85. Foi identificado também pior desempenho no teste se setar e levantar da cadeira no grupo fibromialgia com uma média de 8 repetições enquanto mulheres assintomáticas realizaram 12 repetições em média. </text></passage><passage><infon key="section">public_title</infon><infon key="lang">pt-br</infon><offset>-1</offset><text>Efeito do estímulo vibratório em mulheres com fibromialgia</text></passage><passage><infon key="section">scientific_title</infon><infon key="lang">pt-br</infon><offset>-1</offset><text>Efeito agudo do estímulo de vibração de todo corpo em parâmetros neuro endócrino
inflamatórios em mulheres com fibromialgia</text></passage><passage><infon key="section">freetext</infon><infon key="lang">pt-br</infon><offset>-1</offset><text>Trata-se de um estudo com dois grupos, um constituído por 20 mulheres com fibromialgia e outro por 20 mulheres saudáveis assintomáticas (grupo controle), ambos os grupos receberam a intervenção (estímulo de vibração de corpo inteiro). Na primeira sessão, todas as voluntárias foram avaliadas quanto à função física, trabalho, bem estar geral, dor, qualidade de vida, depressão e qualidade do sono, por meio da aplicação dos questionários: questionário de impacto da FM, escala visual analógica de dor, questionário de qualidade de vida, Inventário de Beck,Índice de qualidade de sono de Pittsburg. Além disso, foi avaliada a capacidade funcional dos membros inferiores por meio do teste de sentar e levantar da cadeira. Ainda nessa sessão as voluntárias foram familiarizadas com o estímulo de vibração de corpo inteiro na plataforma vibratória, adotando o posicionamento adotado durante a sessão experimental, bem como receberam o estímulo vibratório por 40 segundos, para evitar interferências no consumo de oxigênio e frequência cardíaca devido à ansiedade gerada pela realização de um exercício diferente dos convencionais. Em uma segunda sessão foi realizado o protocolo experimental que consistiu na permanência durante 10 minutos em repouso seguido da realização do exercício de agachamento dinâmico sobre a plataforma vibratória (8 séries de 40 segundos com 40 segundos de repouso entre as séries. A frequência utilizada foi de 40 Hz e amplitude de 4 mm (intensidade 1). Antes e imediatamente após este protocolo, foi realizada coleta sanguínea, aferição da pressão arterial, aplicação da escala visual analógica de dor e escala da percepção subjetiva de esforço. Para a caracterização da intensidade do estímulo de vibração de corpo inteiro, após repouso de pelo menos 10 minutos a fim de garantir retorno à homeostase corporal, as voluntárias de ambos os grupos foram submetidas a outros dois protocolos de  exercícios de vibração de todo o corpo, com intervalo de pelo menos 10 minutos entre os exercícios. Foi utilizado um analisador portátil de gases para mensurar o consumo de oxigênio durante todo o procedimento (intensidade 1, 2 e 3). A ordem dos exercícios será realizada de forma balanceada e aleatorizada. [intensidade 2 – exercício de vibração de todo corpo constituídos por 6 séries de 20 segundos e 20 segundos de repouso entre as séries (35 Hz de frequência e 4mm de amplitude) e intensidade 3 – exercício de vibração de todo corpo constituídos por 8 séries de 40 segundos e 25 segundos de repouso entre as séries (40 Hz de frequência e 4 mm de amplitude)].Os parâmetros neuro-endocrinoinflamatórios foram avaliados por meio da dosagem das concentrações  plasmáticas das citocinas pró inflamatórias, anti-inflamatória, das quimiocinas, bem como sobre o fator neurotrófico derivado do cérebro (BDNF) e concentrações séricas de cortisol em ambos os grupos (mulheres com fibromialgia e grupo de mulheres assintomáticas). Espera-se que os parâmetros neuro-endócrino-inflamatórios possam ser modulados pelo exercício após protocolo agudo de vibração de corpo inteiro e que a definição da intensidade do exercício de vibração de corpo inteiro possa contribuir como parâmetro para prescrição de exercícios na plataforma vibratória.</text></passage><passage><infon key="section">inclusion_criteria</infon><infon key="lang">pt-br</infon><offset>-1</offset><text>Fibromialgia: apresentar diagnóstico confirmado de fibromialgia por médico reumatologista. De acordo com o Colégio Americano de reumatologia para a caracterização da doença, os sintomas devem persistir a pelo menos 3 meses. 
Controle: não apresentar qualquer doença reumática ou altera</text></passage><passage><infon key="section">exclusion_criteria</infon><infon key="lang">pt-br</infon><offset>-1</offset><text>ser tabagista; ingerir bebidas alcoólicas; fazer uso de medicação imunossupressora; apresentar alguma doença concomitante que possa ser exacerbada pela atividade física; gravidez; limitações ortopédicas; doenças inflamatórias e respiratórias ou doenças cardiovasculares; estar em acompanhamento com psiquiatra, ou que realizar atividade física pelo mesmo 2 vezes por semana; hérnia aguda; trombose; epilepsia; lesões ortopédicas; próteses. Os critérios acima descritos foram utilizados para ambos os grupos.</text></passage></document></collection>