<?xml version="1.0" encoding="UTF-8"?><!DOCTYPE collection SYSTEM "BioC.dtd"><collection><source></source><date></date><key></key><document><id>RBR-2gykb2</id><passage><infon key="section">public_title</infon><infon key="lang">en</infon><offset>-1</offset><text>Effects of clown intervention on the psychological stress and fatigue in children and adolescents with cancer receiving chemotherapy</text></passage><passage><infon key="section">scientific_title</infon><infon key="lang">en</infon><offset>-1</offset><text>Correlations between immunological biomarkers and response to fatigue and psychological stress in children and adolescents with cancer undergoing chemotherapy submitted to clown intervention </text></passage><passage><infon key="section">freetext</infon><infon key="lang">en</infon><offset>-1</offset><text>neoplasms. fatigue. stress, psychological.</text></passage><passage><infon key="section">freetext</infon><infon key="lang">en</infon><offset>-1</offset><text>Experimental group: 40 children and adolescents aged 2 to 18 years; of both sexes; diagnosed with malignant neoplasm receiving chemotherapy during the collection of biological material (saliva); and submitted to clown intervention

Control group: 40 healthy children and adolescents aged 2 to 18 years; of both sexes; with no history of chronic disease / autoimmune / psychiatric disease; in followed up in one of the 5 Family Health Unitis, and presenting recent normal blood count; and without being submitted to clown intervention</text></passage><passage><infon key="section">inclusion_criteria</infon><infon key="lang">en</infon><offset>-1</offset><text>Experimental group;Children and adolescents aged 2 to 18 years; of both sexes; diagnosed with malignant neoplasm; in any phase of chemotherapy; who present conscious, able to communicate verbally, reading and writing; Control group;Children and adolescents aged 2 to 18 years; with no history of chronic disease or autoimmune disease or psychiatric illness; followed up in one of the 5 Family Health Unitis; not be receiving medication at the time of selection or collection of biological samples; who present conscious, able to communicate verbally, reading and writing; presenting recent blood count data in normal levels;
</text></passage><passage><infon key="section">exclusion_criteria</infon><infon key="lang">en</infon><offset>-1</offset><text>Experimental group;Patients with a history of chronic disease or autoimmune disease or psychiatric disease; patients receiving radiotherapy; patients in palliative care; patients using antidepressants or drugs which altering the mood; patients with clownfobia; patients with infectious conditions in activity; patients in the immediate postoperative period; Control group;Children and adolescents with infectious conditions in course; presence of fever in the last 48 hours; in use of systemic corticosteroids, inhaled or topical in the last 15 days;</text></passage><passage><infon key="section">primary_outcome</infon><infon key="lang">en</infon><offset>-1</offset><text>Decrease of stress levels and cancer-related fatigue after the clown intervention, verified by changes in the circadian rhythm of cortisol, alpha-amylase and pro inflammatory cytokines, from the observation of a range of at least 5% in the pre and post intervention measurements.</text></passage><passage><infon key="section">primary_outcome</infon><infon key="lang">pt-br</infon><offset>-1</offset><text>Diminuição dos níveis de estresse de fadiga-relacionada ao câncer após a intervenção dos clowns, verificado por meio de alterações no ritmo circadiano do cortisol, alfa-amilase  e de citocinas pró inflamatórias, a partir da constatação de uma variação de pelo menos 5% nas medições pré e pós intervenção.   </text></passage><passage><infon key="section">secondary_outcome</infon><infon key="lang">en</infon><offset>-1</offset><text>Secondary outcomes are not expected </text></passage><passage><infon key="section">secondary_outcome</infon><infon key="lang">pt-br</infon><offset>-1</offset><text>Não são esperados desfechos secundários  </text></passage><passage><infon key="section">public_title</infon><infon key="lang">pt-br</infon><offset>-1</offset><text>Efeitos da intervenção da arte do teatro de palhaços sobre o estresse psicológico e a fadiga em crianças e adolescentes com câncer recebendo quimioterapia</text></passage><passage><infon key="section">scientific_title</infon><infon key="lang">pt-br</infon><offset>-1</offset><text>Correlações entre biomarcadores imunológicos e a resposta à fadiga e ao estresse psicológico em crianças e adolescentes com câncer em tratamento quimioterápico submetidos à intervenção terapêutica da arte de teatro clown</text></passage><passage><infon key="section">freetext</infon><infon key="lang">pt-br</infon><offset>-1</offset><text>Grupo experimental: 40 crianças e adolescentes entre 2  e 18 anos de idade; de ambos o sexos; com diagnóstico de neoplasia maligna; recebendo quimioterapia durante a coleta de material biológico (saliva); e submetidos a intervenção dos doutores da alegria

Grupo controle: 40 crianças e adolescentes saudáveis entre 2  e 18 anos de idade; de ambos o sexos; sem história prévia de doença crônica/doença autoimune/doença psiquiátrica; que estejam em seguimento em um dos 5 Núcleos de Saúde da Família e apresentando dados de hemograma recente em níveis de normalidade; e sem ser submetidos a intervenção dos doutores da alegria</text></passage><passage><infon key="section">inclusion_criteria</infon><infon key="lang">pt-br</infon><offset>-1</offset><text>Grupo experimental;Crianças e adolescentes entre 2  e 18 anos de idade; de ambos os sexos; com diagnóstico de neoplasia maligna; que esteja em qualquer fase do tratamento quimioterápico; que se apresentem conscientes, sem qualquer condição comprometedora da faculdade de compreensão, aptos a comunicar-se verbalmente, ler e escrever; Grupo controle;Crianças e adolescentes entre 2 e 18 anos de idade; sem história prévia de doença crônica ou doença autoimune ou doença psiquiátrica; em seguimento em um dos 5 Núcleos de Saúde da Família; não estar recebendo medicação no momento da seleção ou da coleta de amostras biológicas; que se apresentem conscientes, sem qualquer condição comprometedora da faculdade de compreensão, aptos a comunicar-se verbalmente, ler e escrever; apresentando dados de hemograma recente em níveis de normalidade;

</text></passage><passage><infon key="section">exclusion_criteria</infon><infon key="lang">pt-br</infon><offset>-1</offset><text>Grupo experimental;Pacientes com história prévia de doença crônica ou doença autoimune ou doença psiquiátrica; pacientes recebendo radioterapia; pacientes em cuidados paliativos; pacientes em uso de antidepressivos ou de drogas que alteram o humor; pacientes com potencial clownfobia; pacientes com quadros infecciosos em atividade; pacientes em pós-operatório imediato. Grupo controle;Crianças e adolescentes, com quadros infecciosos em atividade; presença de febre nas últimas 48h; em uso de corticoide sistêmico, inalatório ou tópico, nos últimos 15 dias;
</text></passage></document></collection>