<?xml version="1.0" encoding="UTF-8"?><!DOCTYPE collection SYSTEM "BioC.dtd"><collection><source></source><date></date><key></key><document><id>RBR-3phy2q</id><passage><infon key="section">public_title</infon><infon key="lang">en</infon><offset>-1</offset><text>ketorolac antiinflammatory effect associated with a combination of analgesic tramadol/acetaminophen after third molars surgery</text></passage><passage><infon key="section">scientific_title</infon><infon key="lang">en</infon><offset>-1</offset><text>Analgesic effectiveness of oral ketorolac associated with a combination of analgesics tramadol/acetaminophen after impacted third molars surgery: randomized and double-blind clinical trial</text></passage><passage><infon key="section">freetext</infon><infon key="lang">en</infon><offset>-1</offset><text>Stomatognathic Diseases; Ketorolac Tromethamine; Postoperative pain; Tramadol; Tooth, Unerupted</text></passage><passage><infon key="section">freetext</infon><infon key="lang">en</infon><offset>-1</offset><text>51 volunteers with two third molars, with indication for dental extraction, will be selected. Each side from the same patient, to be operated, will be allocated to one of the groups of research: 
-Group ketorolac 10 mg (Group A) - a pill of ketorolac 10 mg will be administered sublingualmente associated to a capsule of inert substance (placebo) to be administered orally one hour before surgery; after taking the first dose, this medication will be repeated every 6 hours for 2 days. </text></passage><passage><infon key="section">inclusion_criteria</infon><infon key="lang">en</infon><offset>-1</offset><text>"</text></passage><passage><infon key="section">exclusion_criteria</infon><infon key="lang">en</infon><offset>-1</offset><text>"</text></passage><passage><infon key="section">primary_outcome</infon><infon key="lang">en</infon><offset>-1</offset><text>Expected outcome: pain intensity.  Patients will be instructed to write down the intensity of pain immediately, 3h, 6h, 9h, 12h, 24h and 48h after surgery on a VAS scale from 0 to 100 mm, in which  0 = no pain and 100 = worst pain possible. The VAS measures will be recorded over the period of research and compiled into a graph of pain (mm) versus time (in hours). The area under the graph (AUC) was measured using the trapezoidal method and recorded as AUC 0-24. This measure makes a global assessment of each patient's  pain experience throughout the investigation time periods. Additionally, the worst measure of pain reported by patients in the trial period will be used to compare the groups. The worst score of pain intensity (obtained in different times) and the area under the graph in the two groups will be compared using a paired Student’s t-test. The comparison between the pain intensity  in different times and groups were performed using an analysis of variance of two factors repeated measure. It was calculated the effect size (average difference), and the 95% confidence intervals.</text></passage><passage><infon key="section">primary_outcome</infon><infon key="lang">pt-br</infon><offset>-1</offset><text>Desfecho esperado: intensidade da dor.  Os pacientes serão instruídos a anotar a intensidade da dor imediatamente, 3h, 6h, 9h, 12h, 24h e 48h após a cirurgia, em uma escala VAS de 0 a 100 mm, em que 0 = nenhuma dor e 100 = pior dor possível. As medidas da VAS serão registadas ao longo dos períodos de investigação e compilados em um gráfico de dor (milímetros) em função do tempo (em horas). A área sob o gráfico (ASC) será medida utilizando o método trapezoidal e registada como ASC 0-24. Tal medida faz uma avaliação global da experiência de dor de cada paciente durante os períodos de investigação. Adicionalmente, a pior medida de dor relatada pelo paciente no período de avaliação será usada para comparação entre os grupos. O pior escore de intensidade de dor (obtido nos diferentes tempos) e a área sob o gráfico nos dois grupos serão comparadas através de um teste t de Student para dados pareados. A comparação entre a intensidade de dor nos diferentes tempos e grupos será realizada através de uma análise de variância de dois fatores de medidas repetidas. Será calculado o tamanho do efeito (diferença de médias) e o intervalo de confiança de 95%.  </text></passage><passage><infon key="section">secondary_outcome</infon><infon key="lang">en</infon><offset>-1</offset><text>Expected outcome : Average time for the rescue medication. It will be defined as the time from the end of the surgery until the time that the patient takes  the rescue medication (paracetamol 500 mg). Patients will be instructed to record the time and check the pain intensity on the visual analogue score (VAS 100 mm) when taking the rescue medication. The data recorded in the two groups will be compared using a paired Student's t test. The effect size (average difference), and the 95% confidence intervals will be calculated similarly.</text></passage><passage><infon key="section">secondary_outcome</infon><infon key="lang">pt-br</infon><offset>-1</offset><text>Desfecho esperado: Tempo médio para a medicação de resgate. Será definido como o tempo desde o fim da cirurgia até o momento em que o paciente consumirá a medicação de resgate (paracetamol 500 mg). Os pacientes serão orientados a anotar o horário e a marcar a intensidade da dor na escala visual analógica (VAS 100 mm) quando tomar o medicamento de resgate. Os dados anotados nos dois grupos serão comparados através de um teste t de Student para dados pareados. De forma semelhante, será calculado o tamanho do efeito (diferença de médias) e o intervalo de confiança de 95%. </text></passage><passage><infon key="section">secondary_outcome</infon><infon key="lang">en</infon><offset>-1</offset><text>Expected outcome : Total amount of analgesic. Total amount of analgesic (acetaminophen tablets) consumed during the full recovery period (48 hs) was recorded.Every need of the intake of rescue medication, the patient will be instructed to note in his diary on a visual analog scale the pain intensity felt at that moment. The data recorded in the two groups will be compared using a  paired Student’s t-test. The effect size (mean difference), and the 95% confidence intervals will be calculated similarly </text></passage><passage><infon key="section">secondary_outcome</infon><infon key="lang">pt-br</infon><offset>-1</offset><text>Desfecho esperado: Consumo total de analgésico.  A quantidade total de comprimidos de paracetamol consumido durante o período de avaliação (48 h). A cada necessidade da ingestão da medicação resgate, o paciente será orientado a anotar em seu diário em uma escala visual analógica a intensidade da dor sentida naquele momento. Os dados anotados nos dois grupos serão comparados através de um teste t de Student para dados pareados. De forma semelhante, será calculado o tamanho do efeito (diferença de médias) e o intervalo de confiança de 95%.</text></passage><passage><infon key="section">secondary_outcome</infon><infon key="lang">en</infon><offset>-1</offset><text>Expected outcome: global effect  assessment. Patients should provide an overall evaluation of the pain experience during the after-surgery visits, 48 hours after it. They should also provide a general perception of pain experience on a five-point categorical scale during the after-surgery visits 48 ours after the surgery. They  will tell their opinion about this treatment for pain used in the surgery in a scale were 0=poor, 1=fair, 2=good, 3=very good and 4=excellent. The global effect assessment data will be compared by nonparametric statistics with the paired Wilcoxon Signed Rank's test. </text></passage><passage><infon key="section">secondary_outcome</infon><infon key="lang">pt-br</infon><offset>-1</offset><text>Desfecho esperado: Avaliação do efeito global.  Os pacientes deverão fornecer uma percepção global da experiência de dor durante a visita de avaliação pós-cirúrgica, 48 h após a cirurgia. Fornecer uma percepção global da experiência de dor em uma escala categórica de 5 pontos durante a visita de avaliação pós-cirúrgica 48 h após a cirurgia. Pacientes informarão  o que acharam deste tratamento para a dor, empregado nesta cirurgia em uma escala categórica de 5 pontos, onde 0= ruim; 1= razoável; 2= Bom; 3= Muito bom; 4= Excelente. Os dados de avaliação do efeito global serão comparados através de estatística não paramétrica com o teste de Wilcoxon Signed Rank test para dados pareados. </text></passage><passage><infon key="section">secondary_outcome</infon><infon key="lang">en</infon><offset>-1</offset><text>Expected outcome: Assessment of medicine adverse effects.  The patients will be asked to fill in their  diary (paper note) the occurrence of some kind of adverse effects such as nausea, vomiting, diarrhea, dizziness, drowsiness and headache. These occurrences will be explicitly described in a form participants will have to fill in. They will also be instructed to record any other more uncommon occurrences as the long  bleeding after surgery, kidney failure, and other gastrointestinal alterations. </text></passage><passage><infon key="section">secondary_outcome</infon><infon key="lang">pt-br</infon><offset>-1</offset><text>Desfecho esperado: Avaliação dos efeitos adversos dos medicamentos.  Os pacientes serão orientados a preencher em seu diário (ficha de anotação) a ocorrência de algum tipo dos efeitos adversos como náusea, vômito, diarreia, tontura, sonolência e dor de cabeça. Estas ocorrências estarão descritas explicitamente na ficha que os participantes terão que preencher. Os mesmos também serão instruídos a anotar quaisquer outras ocorrências mais raras como o sangramento prolongado após a cirurgia, insuficiência renal, e outras alterações gastrointestinais.</text></passage><passage><infon key="section">secondary_outcome</infon><infon key="lang">en</infon><offset>-1</offset><text>Expected outcome: Oral surgery self-perception assessment.  This instrument interprets disturbances, perceptions and feelings of the patient during oral surgery. The evaluation of the self-perception of oral surgery has 20 questions to be answered on a scale of 0 (zero) to 10 (ten), where zero is no discomfort and ten the discomfort was extreme. </text></passage><passage><infon key="section">secondary_outcome</infon><infon key="lang">pt-br</infon><offset>-1</offset><text>Desfecho esperado: Avaliação da auto-percepção da cirurgia bucal.  Este instrumento interpreta os incômodos, percepções e sensações do paciente durante o procedimento cirúrgico bucal. A avaliação da auto-percepção da cirurgia bucal compreende 20 perguntas que devem ser respondidos numa escala de 0 (zero) a 10 (dez), sendo que zero representa que não houve incômodo e dez o que incomodou muito/demais ou um absurdo.</text></passage><passage><infon key="section">public_title</infon><infon key="lang">pt-br</infon><offset>-1</offset><text>Efeito do anti-inflamatório cetorolaco associado a uma combinação de analgésicos tramadol/paracetamol após cirurgia de terceiros molares inclusos</text></passage><passage><infon key="section">scientific_title</infon><infon key="lang">pt-br</infon><offset>-1</offset><text>Efetividade da analgesia do cetorolaco associado a uma combinação de analgésicos tramadol/paracetamol após cirurgia de terceiros molares inclusos: ensaio clínico randomizado e duplo-cego</text></passage><passage><infon key="section">freetext</infon><infon key="lang">pt-br</infon><offset>-1</offset><text>51 voluntários possuindo dois terceiros molares inferiores, com indicação para exodontia, serão selecionados. Cada lado a ser operado, do mesmo paciente, será alocado em um dos grupos da pesquisa: 
-Grupo cetorolaco 10 mg (Grupo A) – um comprimido de cetorolaco 10 mg será administrado sublingualmente associado a uma cápsula de substância inerte (placebo) para ser administrado via oral, uma hora antes do procedimento cirúrgico, sendo que esta medicação será repetida de 6 em 6 horas após a tomada da primeira dose por 2 dias.</text></passage><passage><infon key="section">inclusion_criteria</infon><infon key="lang">pt-br</infon><offset>-1</offset><text>"</text></passage><passage><infon key="section">exclusion_criteria</infon><infon key="lang">pt-br</infon><offset>-1</offset><text>"</text></passage></document></collection>