<?xml version="1.0" encoding="UTF-8"?><!DOCTYPE collection SYSTEM "BioC.dtd"><collection><source></source><date></date><key></key><document><id>RBR-27sdv5</id><passage><infon key="section">public_title</infon><infon key="lang">en</infon><offset>-1</offset><text>Anti-human globulin Rh D drug from effectiveness from review after vaccination in women with postpartum negative factor blood and with complications risk in newborns</text></passage><passage><infon key="section">scientific_title</infon><infon key="lang">en</infon><offset>-1</offset><text>Evaluation of clinical efficacy of Kamrho-D® drug (anti-human globulin Rh D - Panamerican) in postpartum women Rh negative immunization, coombs indirect negative and sensitization risk</text></passage><passage><infon key="section">freetext</infon><infon key="lang">en</infon><offset>-1</offset><text>postpartum women with blood type negative Rh and indirect coombs test negative, whose newborn is positive Rh</text></passage><passage><infon key="section">freetext</infon><infon key="lang">en</infon><offset>-1</offset><text>Study multicenter, prospective and non-comparative. They will be selected 232 female participants, puerperae with a negative Rh factor. The participants will receive a single dose of the drug (anti-Rh D human immunoglobulin), administered intramuscularly within 72 hours of birth at a concentration of 300 mcg / 2 mL. Participants will be followed for a period of approximately six months after administration of the drug, for verification of their clinical conditions and monitoring of immunization.</text></passage><passage><infon key="section">inclusion_criteria</infon><infon key="lang">en</infon><offset>-1</offset><text>Postpartum women who agreed to participate and sign and date back to the Informed Consent (IC);
Postpartum women over the age of 18;</text></passage><passage><infon key="section">exclusion_criteria</infon><infon key="lang">en</infon><offset>-1</offset><text>Simultaneously be participating or have participated in another clinical study within the last 12 months;
postpartum women allergy sufferers to any of the components of the formula;</text></passage><passage><infon key="section">primary_outcome</infon><infon key="lang">en</infon><offset>-1</offset><text>It is hoped that the study drug (anti-Rh D human immunoglobulin) is effective in maintaining the negative result for the consideration of indirect Coombs, 06 months after birth, measured by the indirect Coombs test. The indirect Coombs test uses the agglutination gel method due to its higher sensitivity than the conventional method of agglutination plate. Product efficacy will be assessed by the prevalence of the disease in the study, compared to the data available in the literature (bi-nominal testing)</text></passage><passage><infon key="section">primary_outcome</infon><infon key="lang">pt-br</infon><offset>-1</offset><text>Espera-se que o medicamento em estudo (imunoglobulina humana anti-Rh D) seja eficaz na manutenção do resultado negativo para o exame de coombs indireto 06 meses após o parto, avaliado através do teste de coombs indireto. O teste de coombs indireto utilizará o método de aglutinação em gel devido a sua maior sensibilidade que o método convencional de aglutinação em placa. A eficácia do produto será avaliada através da prevalência da doença no estudo, comparado aos dados disponíveis na literatura (teste bi-nominal)</text></passage><passage><infon key="section">secondary_outcome</infon><infon key="lang">en</infon><offset>-1</offset><text>It is hoped that the study drug is safe for administration to women in the postpartum period. The safety of the drug will be evaluated through quantitative and qualitative parameters (type, frequency and intensity) related adverse events presented by the patients during the study, obtained through clinical, laboratory tests and reports of the participants. The data obtained at the end of the survey will be analyzed and presented to statistical study</text></passage><passage><infon key="section">secondary_outcome</infon><infon key="lang">pt-br</infon><offset>-1</offset><text>Espera-se que o medicamento em estudo seja seguro para administração em mulheres no período pós-parto. A segurança do medicamento será avaliada através dos parâmetros quantitativos e qualitativos (tipo, frequência e intensidade) relacionados aos eventos adversos apresentados pelas pacientes no decorrer do estudo, obtidos através de exames clínicos, laboratoriais e de relatos dos participantes. Os dados obtidos ao final da pesquisa serão analisados e apresentados pelo estatístico do estudo</text></passage><passage><infon key="section">public_title</infon><infon key="lang">pt-br</infon><offset>-1</offset><text>Avaliação da eficácia do medicamento imunoglobulina humana anti-Rh D após vacinação de mulheres no pós parto com fator sanguíneo negativo e com risco de complicações ao recém-nascido</text></passage><passage><infon key="section">scientific_title</infon><infon key="lang">pt-br</infon><offset>-1</offset><text>Avaliação da eficácia clínica do medicamento Kamrho-D® (imunoglobulina humana anti-Rh D - Panamerican) na imunização de puérperas Rh negativo, coombs indireto negativo e com risco de sensibilização</text></passage><passage><infon key="section">freetext</infon><infon key="lang">pt-br</infon><offset>-1</offset><text>Estudo multicêntrico, prospectivo e não comparativo. Serão selecionados 232 participantes do sexo feminino, puérperas e que possuam fator Rh negativo. As participantes receberão uma única dose do medicamento (imunoglobulina humana anti-Rh D), administrado por via intramuscular, até 72 horas após o parto em uma concentração de 300 mcg/2 mL. As participantes serão acompanhadas por um período de aproximadamente 6 meses após a administração do medicamento, para a verificação da suas condições clínicas e monitoramento da imunização.</text></passage><passage><infon key="section">inclusion_criteria</infon><infon key="lang">pt-br</infon><offset>-1</offset><text>Puérperas que concordem em participar do estudo e assinem e datem o Termo de Consentimento Livre e Esclarecido (TCLE);
Puérperas com idade acima de 18 anos; </text></passage><passage><infon key="section">exclusion_criteria</infon><infon key="lang">pt-br</infon><offset>-1</offset><text>Estar participando simultaneamente ou ter participado de outro estudo clínico dentro dos últimos 12 meses;
Puérperas portadores de sensibilidade a algum dos componentes da fórmula;</text></passage></document></collection>