<?xml version="1.0" encoding="UTF-8"?><!DOCTYPE collection SYSTEM "BioC.dtd"><collection><source></source><date></date><key></key><document><id>RBR-4twfv7</id><passage><infon key="section">public_title</infon><infon key="lang">en</infon><offset>-1</offset><text>Influence of Bacterial Growing Properties in Treatment of Acute Exacerbation Chronic  Sinusitis</text></passage><passage><infon key="section">scientific_title</infon><infon key="lang">en</infon><offset>-1</offset><text>Influence of Bacterial Biofilms in Clinical Treatment of Patients with Acute Exacerbation Chronic  Rhinossinusitis</text></passage><passage><infon key="section">freetext</infon><infon key="lang">en</infon><offset>-1</offset><text>Chronic rhinosinusitis</text></passage><passage><infon key="section">freetext</infon><infon key="lang">en</infon><offset>-1</offset><text>Experimental group: 11 subjects treated with nasal washing with 0,9% saline and amoxicillin/clavulanate tablets each 8 hour for 14 days.
Control group: 11 subjects treated with nasal washing with 0,9% saline and placebo tablets each 8 hour for 14 days.</text></passage><passage><infon key="section">inclusion_criteria</infon><infon key="lang">en</infon><offset>-1</offset><text>Subjects of both genders, adults (older than 18 years) routine followed by outpatient management with clinical signs and symptoms compatible with acute exacerbation of chronic rhinosinusitis. Voluntarily agree to participate in the study and signed an informed consent and informed.</text></passage><passage><infon key="section">exclusion_criteria</infon><infon key="lang">en</infon><offset>-1</offset><text>Patients who have used oral or topical antibiotics in the last 30 days; systemic corticosteroids in the past 30 days, who are using systemic antihistamine, systemic or topical decongestants. Patients younger than 18 years, pregnant women, patients with allergy to any component of amoxicillin-clavulanate or carrying any serious disease.</text></passage><passage><infon key="section">primary_outcome</infon><infon key="lang">en</infon><offset>-1</offset><text>Expected: To evaluate whether antibiotic therapy modifies the evolution of acute exacerbation of chronic sinusitis and if there is a relationship between the clinical condition and the presence of a biofilm-forming bacteria by comparisson of questionnaires daily symptoms, quality of life scores, nasal endoscopy and the detection of biofilm forming bacteria in nasal swab cultures by Calgary modified assay.</text></passage><passage><infon key="section">primary_outcome</infon><infon key="lang">pt-br</infon><offset>-1</offset><text>Esperado: Avaliar se a antibioticoterapia modifica a evolução da exacerbação aguda de rinossinusite crônica e se há relação do quadro clínico com a presença de uma bactéria formadora de biofilme através da comparação entre os questionários de sintomas diários, escores de qualidade de vida, nasofibroscopia e a detecção de bactéria formadoras de biofilme nas culturas de swab nasal pelo Ensaio de Calgary modificado.</text></passage><passage><infon key="section">primary_outcome</infon><infon key="lang">en</infon><offset>-1</offset><text>Found: Different methods of evaluation were concordant  that patients treated with amoxicillin-clavulanate had clinical improvement, although there was no bacteriological cure at the end of treatment in most cases. Higher frequency of exacerbation and bad clinical outcome were associated with biofilm-forming bacteria.</text></passage><passage><infon key="section">primary_outcome</infon><infon key="lang">pt-br</infon><offset>-1</offset><text>Encontrado: Houve concordância entre os diversos métodos de avaliação na melhora clínica em indivíduos tratados com amoxicilina-clavulanato em curto prazo, apesar de não haver cura bacteriológica ao final do tratamento na maioria dos casos. Episódios mais frequentes de reagudizações e má resposta clínica foram associados a bactérias formadoras de biofilme.</text></passage><passage><infon key="section">secondary_outcome</infon><infon key="lang">en</infon><offset>-1</offset><text>Expected: To identify the prevalence of biofilm-forming bacteria in patients with acute exacerbation chronic rhinosinusitis and to compare the difference between minimum inhibitory concentration to antibiotics of planktonic forms and inhibitory concentration of biofilms to antibiotics of biofilm-forming bacteria by Calgary modified assay.</text></passage><passage><infon key="section">secondary_outcome</infon><infon key="lang">pt-br</infon><offset>-1</offset><text>Esperado: Identificar a prevalência de bactérias formadoras de biofilmes em pacientes com rinossinusite crônica agudizada e comparar a diferença da concentração inibitória mínima de antibióticos das formas planctônicas em relação à concentração inibitória de biofilmes das bactérias formadoras de biofilme através do ensaio de Calgary modificado.</text></passage><passage><infon key="section">secondary_outcome</infon><infon key="lang">en</infon><offset>-1</offset><text>Found: Inhibitory concentration for biofilm-forming bacteria showed high rates of resistance to amoxicillin and clarithromycin for gram-negative bacteria, although amoxicillin-clavulanate and levofloxacin were effective inhibiting the growth of all bacteria.</text></passage><passage><infon key="section">secondary_outcome</infon><infon key="lang">pt-br</infon><offset>-1</offset><text>Encontrado: A concentração inibitória mínima para biofilme mostrou que predominantemente bactérias gram-negativas mostraram altos índices de resistência a amoxicilina e claritromicina, enquanto que amoxicilina-clavulanato e levofloxacina foram efetivos em inibir o crescimento de todas as bactérias.</text></passage><passage><infon key="section">public_title</infon><infon key="lang">pt-br</infon><offset>-1</offset><text>Influência das Características de Crescimento das Bactérias no Tratamento da Sinusite Crônica</text></passage><passage><infon key="section">scientific_title</infon><infon key="lang">pt-br</infon><offset>-1</offset><text>Influência dos Biofilmes Bacterianos no Tratamento Clínico de Pacientes com Rinossinusite Crônica Agudizada</text></passage><passage><infon key="section">freetext</infon><infon key="lang">pt-br</infon><offset>-1</offset><text>Grupo experimental: 11 indivíduos foram tratados com lavagem nasal com soro fisiológico 0,9% e comprimidos de Amoxicilina/Clavulanato 500mg/125mg de 8 em 8 horas por 14 dias.
Grupo controle: 11 indivíduos foram tratados com lavagem nasal com soro fisiológico 0,9% e comprimidos placebo de 8 em 8 horas por 14 dias.</text></passage><passage><infon key="section">inclusion_criteria</infon><infon key="lang">pt-br</infon><offset>-1</offset><text>Indivíduos de ambos os sexos, adultos (maiores de 18 anos)em seguimento ambulatorial de rotina com quadro clínico com sinais e sintomas compatíveis com exacerbação aguda de rinossinusite crônica. Concordar voluntariamente em a participar do estudo e assinado termo de consentimento livre e esclarecido.</text></passage><passage><infon key="section">exclusion_criteria</infon><infon key="lang">pt-br</infon><offset>-1</offset><text>Pacientes que utilizaram antibiótico por via oral ou tópico nos últimos 30 dias; corticosteróide sistêmico nos últimos 30 dias, que estejam utilizando anti-histamínico por via oral ou que façam uso de descongestionantes sistêmicos ou tópicos. Pacientes menores de 18 anos, gestantes, pacientes com alergia a qualquer componente da amoxicilina-clavulanato ou portador de qualquer doença grave.</text></passage></document></collection>