<?xml version="1.0" encoding="UTF-8"?><!DOCTYPE collection SYSTEM "BioC.dtd"><collection><source></source><date></date><key></key><document><id>RBR-39247h</id><passage><infon key="section">public_title</infon><infon key="lang">en</infon><offset>-1</offset><text>Validation for the portuguese fatigue assessment questionnaire in patients with cancer: Cancer Fatigue Scale (CFS)</text></passage><passage><infon key="section">scientific_title</infon><infon key="lang">en</infon><offset>-1</offset><text>Brazilian version of the Cancer Fatigue Scale (CFS): study of the validity and reproducibility</text></passage><passage><infon key="section">freetext</infon><infon key="lang">en</infon><offset>-1</offset><text>breast neoplasms; neoplasms; fatigue</text></passage><passage><infon key="section">freetext</infon><infon key="lang">en</infon><offset>-1</offset><text>A prospective cross-sectional observational study  for translation and validation of a fatigue assessment questionnaire in 100 women diagnosed with breast cancer, aged between 18-65 years.</text></passage><passage><infon key="section">inclusion_criteria</infon><infon key="lang">en</infon><offset>-1</offset><text>Physical therapy patients 18-65 years of age; in outpatient treatment for primary breast cancer; individuals with communication skills and understanding preserved.</text></passage><passage><infon key="section">exclusion_criteria</infon><infon key="lang">en</infon><offset>-1</offset><text>Pregnant women will be excluded; patients with psychiatric disorders and / or neurological; patients with decompensated heart disease; patients with chronic lung disease; individuals unable to answer the evaluation questionnaires (such as illiterate and speech/writing disorders).</text></passage><passage><infon key="section">primary_outcome</infon><infon key="lang">en</infon><offset>-1</offset><text>It is expected to review the questionnaire Cancer Fatigue Scale, based on cross-cultural adaptation guide Beaton et al. (2000), and make it reproducible fatigue as assessment tool to aid in the diagnosis and treatment of fatigue reported in patients with breast cancer.</text></passage><passage><infon key="section">primary_outcome</infon><infon key="lang">pt-br</infon><offset>-1</offset><text>Espera-se validar o questionário Cancer Fatigue Scale, baseados no guia de adaptação transcultural de Beaton et al. (2000), e torná-lo reprodutível  como instrumento avaliativo da fadiga para auxiliar no diagnóstico e tratamento de fadiga relatada em pacientes com câncer de mama. </text></passage><passage><infon key="section">secondary_outcome</infon><infon key="lang">en</infon><offset>-1</offset><text>It is also expected to relate (correlation greater than 0.03) instrument with other clinical parameters related to the same construct evaluated, as follows: functional capability (performance status) through the Karnofsky scale; presence of pain through the Brief Pain Inventory and algometer; depression and sleep disorders through the Beck Depression Inventory (BDI).</text></passage><passage><infon key="section">secondary_outcome</infon><infon key="lang">pt-br</infon><offset>-1</offset><text>Espera-se também correlacionar (correlação maior que 0,03) o instrumento com outros parâmetros clínicos relacionados ao mesmo construto avaliado, sendo: capacidade funcional (performance Status) por meio da escala de Karnofsky; presença de dor por meio do Brief Pain Inventory e algômetro; depressão e distúrbio do sono por meio do inventário de Depressão Beck (IDB).</text></passage><passage><infon key="section">public_title</infon><infon key="lang">pt-br</infon><offset>-1</offset><text>Validação para o português de questionário de avaliação de fadiga em pacientes com câncer: Cancer Fatigue Scale (CFS)</text></passage><passage><infon key="section">scientific_title</infon><infon key="lang">pt-br</infon><offset>-1</offset><text>Versão brasileira da Cancer Fatigue Scale (CFS): estudo da validade e reprodutibilidade</text></passage><passage><infon key="section">freetext</infon><infon key="lang">pt-br</infon><offset>-1</offset><text>Estudo transversal prospectivo observacional para tradução e validação de um questionário de avaliação de fadiga em 100 mulheres com diagnóstico de câncer de mama, com idade variando entre 18 a 65 anos. 
</text></passage><passage><infon key="section">inclusion_criteria</infon><infon key="lang">pt-br</infon><offset>-1</offset><text>Pacientes da fisioterapia de 18 a 65 anos de idade; em tratamento ambulatorial para câncer primário de mama; indivíduos com capacidade de comunicação/compreensão preservadas. </text></passage><passage><infon key="section">exclusion_criteria</infon><infon key="lang">pt-br</infon><offset>-1</offset><text>Serão excluídas mulheres grávidas; pacientes com distúrbios psiquiátricos e/ou neurológicos; cardiopatas descompensados; indivíduos com doença pulmonar crônica; indivíduos incapazes de responder os questionários de avaliação (como analfabetas e distúrbios da fala/escrita).</text></passage></document></collection>