<?xml version="1.0" encoding="UTF-8"?><!DOCTYPE collection SYSTEM "BioC.dtd"><collection><source></source><date></date><key></key><document><id>RBR-5pc43m</id><passage><infon key="section">public_title</infon><infon key="lang">en</infon><offset>-1</offset><text>Auriculotherapy to reduce pain, anxiety and improving the quality of life</text></passage><passage><infon key="section">scientific_title</infon><infon key="lang">en</infon><offset>-1</offset><text>Effectiveness of auriculotherapy to reduce pain and anxiety and improving the quality of life of nursing professionals: a randomized clinical trial</text></passage><passage><infon key="section">freetext</infon><infon key="lang">en</infon><offset>-1</offset><text>musculoskeletal pain, anxiety</text></passage><passage><infon key="section">freetext</infon><infon key="lang">en</infon><offset>-1</offset><text>31 patients will be the control group (no treatment), 35 patients will be submitted to the auricular group with seeds (10 sessions, twice a week), 34 patients will be submitted to the auricular group with semi-permanent needles (10 sessions, twice a week) and 33 patients will be submitted to the placebo group with adhesive tape (10 sessions, twice a week)</text></passage><passage><infon key="section">inclusion_criteria</infon><infon key="lang">en</infon><offset>-1</offset><text>The subjects of the nursing staff (auxiliaries, technicians and nurses) that present a score above 33 points according to the State-Trait Anxiety Inventory (middle and high level of anxiety) and those who have availability of time for submission to the sessions.</text></passage><passage><infon key="section">exclusion_criteria</infon><infon key="lang">en</infon><offset>-1</offset><text>Pregnant women; subjects who go on vacation or sick leave during the research period; those who begin to use allopathic medicines for anxiety and antidepressants during the period of research; those who have metal and adesive tape allergy and who initiate other complementary therapies (acupuncture, massage, herbal medicine, Reiki, Flower therapy etc.) for anxiety control during the period.</text></passage><passage><infon key="section">primary_outcome</infon><infon key="lang">en</infon><offset>-1</offset><text>Reduction of anxiety levels after 5 weeks of treatment. It will be used two instruments to assess anxiety levels (Trait-State Anxiety Inventory and Hamilton Inventory). For finding the expected outcome, a variation of at least 5% will be considered at each scale before and after treatment.</text></passage><passage><infon key="section">primary_outcome</infon><infon key="lang">pt-br</infon><offset>-1</offset><text>Redução dos níveis de ansiedade após 5 semanas de tratamento. Para isso serão utilizados dois instrumentos para avaliar os níveis de Ansiedade (Inventário de Ansiedade Traço-Estado e o Inventário de Hamilton). Para constatação do desfecho esperado, será considerada uma variação de pelo menos 5% em cada escala antes e após o tratamento. </text></passage><passage><infon key="section">secondary_outcome</infon><infon key="lang">en</infon><offset>-1</offset><text>Pain after 5 weeks of treatment evaluated from the Analog Visual Scale. For finding the expected outcome, a variation of at least 5% will be considered at the scale before and after treatment.</text></passage><passage><infon key="section">secondary_outcome</infon><infon key="lang">pt-br</infon><offset>-1</offset><text>Dor após 5 semanas de tratamento avaliados a partir da Escala Visual Analógica. Para constatação do desfecho esperado será considerada uma variação de pelo menos 5%, questionário e escala utilizados pré e pós intervenção</text></passage><passage><infon key="section">secondary_outcome</infon><infon key="lang">en</infon><offset>-1</offset><text>Quality of Life Improvement of physical and mental aspects after 5 weeks of treatment. It will be used the quality of life instrument (SF12v2).For finding the expected outcome, a variation of at least 5% will be considered at each scale before and after treatment.</text></passage><passage><infon key="section">secondary_outcome</infon><infon key="lang">pt-br</infon><offset>-1</offset><text>Melhoria da Qualidade de Vida dos aspectos físicos e mentais após 5 semanas de tratamento a partir do instrumento de qualidade de vida SF12v2. Para constatação do desfecho esperado será considerada uma variação de pelo menos 5%, questionário e escala utilizados pré e pós intervenção.</text></passage><passage><infon key="section">public_title</infon><infon key="lang">pt-br</infon><offset>-1</offset><text>Auriculoterapia para redução de dor, ansiedade e melhoria de qualidade de vida</text></passage><passage><infon key="section">scientific_title</infon><infon key="lang">pt-br</infon><offset>-1</offset><text>Eficácia da auriculoterapia para redução de dor e ansiedade e melhoria de qualidade de vida de profissionais de enfermagem: Ensaio clínico randomizado</text></passage><passage><infon key="section">freetext</infon><infon key="lang">pt-br</infon><offset>-1</offset><text>31 pacientes serão do Grupo controle (sem nenhum tratamento), 35 pacientes serão submetidos ao Grupo de auriculoterapia com sementes(10 sessões, duas vezes por semana),34 pacientes serão submetidos ao Grupo auriculoterapia com agulhas semipermanentes(10 sessões, duas vezes por semana) e 33 pacientes serão submetidos ao Grupo placebo com esparadrapo (10 sessões, duas vezes por semana)
</text></passage><passage><infon key="section">inclusion_criteria</infon><infon key="lang">pt-br</infon><offset>-1</offset><text>Os sujeitos da equipe de enfermagem (auxiliares, técnicos e enfermeiros) que apresentarem um escore acima de 33 pontos de ansiedade-estado do IDATE (médio e alto nível de ansiedade) e os que tiverem disponibilidade de horário para submissão às sessões.</text></passage><passage><infon key="section">exclusion_criteria</infon><infon key="lang">pt-br</infon><offset>-1</offset><text>Gestantes; funcionários em férias no período da pesquisa; em licença médica; aqueles que começarem a fazer uso de ansiolíticos e antidepressivos durante a pesquisa; aqueles que tiverem alergia à metal e à fita adesiva; aqueles que iniciarem outras práticas complementares (acupuntura, massagem, fitoterapia, Reiki, Terapia floral etc) para controle de ansiedade durante o período.</text></passage></document></collection>