<?xml version="1.0" encoding="UTF-8"?><!DOCTYPE collection SYSTEM "BioC.dtd"><collection><source></source><date></date><key></key><document><id>RBR-2c236v</id><passage><infon key="section">public_title</infon><infon key="lang">en</infon><offset>-1</offset><text>Lower third molar removal with 2% articaine.</text></passage><passage><infon key="section">scientific_title</infon><infon key="lang">en</infon><offset>-1</offset><text>Evaluation of the anesthetic efficacy and
hemodynamic effects in the use of 2% and</text></passage><passage><infon key="section">freetext</infon><infon key="lang">en</infon><offset>-1</offset><text>Local anesthesia during lower third molar
removals.</text></passage><passage><infon key="section">freetext</infon><infon key="lang">en</infon><offset>-1</offset><text>Group I: 50 patients, after randomization of the local anesthetic solution, will undergo unilateral lower third molar extraction with 2% or 4% articaine (with 1:200,000 epinephrine), in the dose of 54 mg or 108 mg, respectively (one and a half cartridge), in a double-blind manner.
Group II: One to two months after the first</text></passage><passage><infon key="section">inclusion_criteria</infon><infon key="lang">en</infon><offset>-1</offset><text>Precise indication of removal of the two
lower third molars in similar positions in the same volunteer, as observed on panoramic radiograph;</text></passage><passage><infon key="section">exclusion_criteria</infon><infon key="lang">en</infon><offset>-1</offset><text>Presence of systemic diseases;
Presence of local inflammation and/or</text></passage><passage><infon key="section">primary_outcome</infon><infon key="lang">en</infon><offset>-1</offset><text>For each surgical procedure the following parameters will be assessed: Total volume of anesthetic solution used during the surgery (in mL). Onset of anesthetic agent action (latency, in minutes), as determined by the loss of sensibility of the inferior lip, the corresponding half of the tongue, and the mucosa as reported by the patient. Quality of the anesthesia provided by the local anesthetic during the surgery and evaluated by the surgeon, according to a modification of the method described by Sisk (1986), based on a 3-point category rating scale: 1) no discomfort reported by the patient during the surgery; 2) any discomfort reported by patient during the surgery, without the need for additional anesthesia; and 3) any discomfort reported by patient during the surgery, with the need of additional anesthesia. Difficulty of the surgery according to the surgical trauma, rated by the surgeon at the completion of each extraction, according to a 3-point category rating scale: 1: easy; 2: normal; 3: complicated. Duration of the surgery (in minutes), corresponding to the period between the first incision and the final suture. Duration of postoperative analgesia (in minutes), as determined by the difference between the time at the end of the surgery and that at ingestion of the first piroxicam capsule for pain relief, recorded by the patient in a specific chart that will be provided. Duration of postoperative anesthesia (in minutes), represented by the lack of sensibility of the mucosa, tongue, and inferior lip after the surgery. Patients will record the moment that the anesthetic had worn off in a specific chart that will be provided. Intraoperative bleeding, rated by the surgeon according to a 3-point category rating scale (1: minimal bleeding; 2: normal bleeding; 3: excessive bleeding) (Sisk, 1986), immediately after the following steps: injection of the first cartridge of articaine, tissue incision, flap reflection, osteotomy, tooth sectioning, extraction, cleaning of the surgical place and stitches. Systolic, diastolic, and mean arterial pressure; heart rate; and oxygen saturation, measured before the surgery and immediately after the steps described in item 8. All of the measurements will be automated and noninvasive, performed with a device for monitoring hemodynamic parameters (DX2010; Dixtal Biomédica Ind e Com Ltda, Marília/SP, Brazil) according to the manufacturer's instructions.</text></passage><passage><infon key="section">primary_outcome</infon><infon key="lang">pt-br</infon><offset>-1</offset><text>Para cada procedimento cirúrgico, serão avaliados os seguintes parâmetros: Volume total (em mL) de anestésico local utilizado durante a cirurgia. Início da ação do agente anestésico (latência, em minutos), considerado como o tempo decorrido entre a primeira inserção da agulha para realização da anestesia local até o momento da perda da sensibilidade do lábio inferior, metade correspondente da língua e mucosa. Qualidade da anestesia proporcionada pelo anestésico local durante a cirurgia (avaliada pela cirurgiã, de acordo com uma modificação do método descrito por Sisk (1986), com base em uma escala de categoria de 3 pontos: 1) nenhum desconforto relatado pelo paciente durante a cirurgia; 2) algum desconforto relatado pelo paciente durante a cirurgia, sem necessidade de complementação da anestesia; 3) algum desconforto relatado pelo paciente durante a cirurgia, com necessidade de complementação da anestesia. Dificuldade da cirurgia de acordo com o trauma cirúrgico (avaliada pela cirurgiã ao término de cada exodontia, de acordo com uma escala de categorias de 3 pontos: 1 = fácil, 2 = normal e 3 = complicada). Duração da cirurgia (em minutos), após a obtenção de anestesia adequada, que corresponderá ao período entre a primeira incisão cirúrgica com lâmina de bisturi e o término da realização da sutura. Duração da analgesia pós-cirúrgica (em minutos) proporcionada pelo anestésico local, que será determinada pela diferença entre o horário de término da realização da sutura e aquele para ingestão da primeira cápsula de piroxicam para o alívio do desconforto após a cirurgia, anotado pelo paciente em ficha que lhe será fornecida. Duração da anestesia pós-cirúrgica (em minutos) sobre os tecidos moles proporcionada pelo anestésico local, representada pela ausência de sensibilidade na mucosa, língua e lábio inferior após a realização da cirurgia. O próprio paciente anotará o horário em que este fenômeno acontecerá na ficha que lhe será fornecida. Sangramento intraoral que será avaliado pelo cirurgião de acordo com uma escala de 3 pontos (1:sangramento mínimo, 2:sangrameto normal e 3:sangramento máximo) (Sisk, 1986), imediatamente após os seguintes passos: injeção do primeiro tubete de aestesia, incisão, descolamento mucoperiosteal, ostectomia, odontossecção, extração, limpeza e sutura. Pressão arterial sistólica, média e diastólica, freqüência cardíaca e saturação de oxigênio, a serem aferidas e registradas nos seguintes momentos: antes da cirurgia e logo após a cada etapa descrita no item 8. Todas as medidas serão realizadas com o auxílio de um sistema para monitoração de parâmetros hemodinâmicos (DX2010; Dixtal Biomédica Ind e Com Ltda, Marília/SP, Brasil), seguindo-se as instruções do fabricante.</text></passage><passage><infon key="section">public_title</infon><infon key="lang">pt-br</infon><offset>-1</offset><text>Extração de dentes do ciso com articaína 2%.</text></passage><passage><infon key="section">scientific_title</infon><infon key="lang">pt-br</infon><offset>-1</offset><text>Avaliação da eficácia anestésica e dos
efeitos hemodinâmicos no uso da articaína</text></passage><passage><infon key="section">freetext</infon><infon key="lang">pt-br</infon><offset>-1</offset><text>Grupo I: 50 pacientes, após randomização
da solução anestésica local, serão</text></passage><passage><infon key="section">inclusion_criteria</infon><infon key="lang">pt-br</infon><offset>-1</offset><text>Indicação precisa de exodontia dos 2
terceiros molares inferiores no mesmo</text></passage><passage><infon key="section">exclusion_criteria</infon><infon key="lang">pt-br</infon><offset>-1</offset><text>Presença de doenças sistêmicas;
Presença de inflamação e/ou infecção</text></passage></document></collection>