<?xml version="1.0" encoding="UTF-8"?><!DOCTYPE collection SYSTEM "BioC.dtd"><collection><source></source><date></date><key></key><document><id>RBR-2jyhqp</id><passage><infon key="section">public_title</infon><infon key="lang">en</infon><offset>-1</offset><text>Evaluating an intervention program to help parents raise their children 
</text></passage><passage><infon key="section">scientific_title</infon><infon key="lang">en</infon><offset>-1</offset><text>Evaluating the efficacy of a preventive intervention in parenting practices </text></passage><passage><infon key="section">freetext</infon><infon key="lang">en</infon><offset>-1</offset><text>violence and maltreatment prevention against children </text></passage><passage><infon key="section">freetext</infon><infon key="lang">en</infon><offset>-1</offset><text>Both groups (intervention and waiting list control) will participate in the  ACT Raising Safe Kids Program, developed by the American Psychological Association. The ACT program is an universal intervention to improve positive parenting practices and to prevent violence and child maltreatment.  These program consists of eight two hours sessions  once a week. The sessions will be disseminated knowledge and skills to parents on child development and education of children, and how to prevent child maltreatment. The curriculum is organized in eight modules as following:1)
understanding Children’s Behaviors; 2)young children’s exposure to violence; 3) understanding and controlling parents’ anger; 4) understanding and helping angry children; 5)children and electronic Media; 6) discipline and parenting styles; 7) discipline for positive behaviors; 8) take ACT to your home and community. The intervention group will participate on three assessments (before and after the program and three months after the program ends), lasting a maximum of one hour and a half each, in which  participants answer to instruments. These instruments are about participant history of life, child behavior, and how they educate their children. The waiting list group will also participate in these assessments, but only participate in the intervention after the intervention group finished. The mothers of these group will follow the schedule: 1st evaluation; </text></passage><passage><infon key="section">inclusion_criteria</infon><infon key="lang">en</infon><offset>-1</offset><text>Mothers of children at 3 to 8 years of age, belonging to families living in Ribeirão Preto (SP), Brazil. The inclusion criteria are the following: biological mothers, adoptive mothers or caregivers with custody of the child carrying the maternal function (e.g., grandparents with custody of the child); residents in Ribeirão Preto. 

</text></passage><passage><infon key="section">exclusion_criteria</infon><infon key="lang">en</infon><offset>-1</offset><text>mothers of children with mental illness or disabling physical illness; mothers with apparent cognitive impairment, leading to the loss in understanding instructions; and mothers who are participating in some other kind of guidance on parenting practices.</text></passage><passage><infon key="section">primary_outcome</infon><infon key="lang">en</infon><offset>-1</offset><text>increase parenting practices scores of  mothers participants in the intervention program. To evaluate the parenting practices  will be used the ACT Evaluation Questionnaire including the parental style, electronic media and parental behavior scales (Silva, 2009). For realization of the expected outcomes will be considered statistically significant increase in ACT questionnaire scores from  pre- to post-intervention, in the intervention group compared with the waiting list control group, indicating an improvement of parenting practices in the intervention group .</text></passage><passage><infon key="section">primary_outcome</infon><infon key="lang">pt-br</infon><offset>-1</offset><text>aumento nos escores referente as práticas educativas das mães participantes do programa de intervenção. Para avaliação das práticas educativas, será utilizada o questionário de avaliação ACT, que inclui as escalas de estilo parental, meios eletronicos e comportamento parental (Silva, 2009). Para constatação dos desfechos esperados serão considerados aumento estatisticamente significativo nos escores do questionário ACT do momento pré para o pós-intervenção do grupo de intervenção comparado com o grupo controle de lista de espera, indicando melhora das práticas educativas do grupo de intervenção.</text></passage><passage><infon key="section">secondary_outcome</infon><infon key="lang">en</infon><offset>-1</offset><text>increase in child behavior scores of sons of  mothers participants in the intervention program. To evaluate the child behavior will be used the the SDQ questionnaire (Goodman , 2005).For realization of the expected outcomes will be considered statistically significant decrease in SDQ scores, from pre- to post intervention, in the intervention group compared with the waiting list control group, indicating decrease in child behavior problems in the intervention group. </text></passage><passage><infon key="section">secondary_outcome</infon><infon key="lang">pt-br</infon><offset>-1</offset><text>aumento nos escores referente aos comportamentos das crianças, filhos das participantes do programa de intervenção. Para avaliação do comportamento da criança será utilizado o questionário SDQ (Goodman, 2005). Para constatação dos desfechos esperados serão considerados diminuição estatisticamente significativa dos escores do SDQ, do momento pré para o pós-intervenção do grupo de intervenção comparado com o grupo controle de lista de espera, indicando diminuição dos problemas de comportamento das crianças do grupo de intervenção. </text></passage><passage><infon key="section">public_title</infon><infon key="lang">pt-br</infon><offset>-1</offset><text>Avaliação de um programa de intervenção para ajudar os pais na educação dos filhos


</text></passage><passage><infon key="section">scientific_title</infon><infon key="lang">pt-br</infon><offset>-1</offset><text>Avaliação da eficácia de um programa de intervenção preventiva em práticas educativas parentais </text></passage><passage><infon key="section">freetext</infon><infon key="lang">pt-br</infon><offset>-1</offset><text>Ambos os grupos de intervenção e controle de lista de espera participarão do Programa ACT - Para Educar Crianças em Ambientes Seguros, que 
é um programa de intervenção universal preventivo para promover práticas educativas parentais positivas e prevenir violência e maus-tratos contra a criança, </text></passage><passage><infon key="section">inclusion_criteria</infon><infon key="lang">pt-br</infon><offset>-1</offset><text>Mães de crianças de 3 a 8 anos, pertencentes a famílias residentes em Ribeirão Preto. Os critérios de inclusão estabelecidos para a composição da amostra de mães foram os seguintes: mães biológicas, mães adotivas ou cuidadoras com a guarda da criança de 3 a 8 anos que exerçam a função materna (exemplo avós com a guarda da criança); residentes em Ribeirão Preto.</text></passage><passage><infon key="section">exclusion_criteria</infon><infon key="lang">pt-br</infon><offset>-1</offset><text>mães de crianças com doenças mentais ou doenças físicas incapacitantes; mães com deficiência cognitiva aparente, que leve ao prejuízo na compreensão das instruções; e mães que estejam participando de algum outro tipo de orientação sobre práticas parentais.  </text></passage></document></collection>