<?xml version="1.0" encoding="UTF-8"?><!DOCTYPE collection SYSTEM "BioC.dtd"><collection><source></source><date></date><key></key><document><id>RBR-25tcrt</id><passage><infon key="section">public_title</infon><infon key="lang">en</infon><offset>-1</offset><text>Effects of electrical stimulation and ventilatory muscle training in patients with kidney disease on hemodialysis</text></passage><passage><infon key="section">scientific_title</infon><infon key="lang">en</infon><offset>-1</offset><text>Effects of functional electrical stimulation and inspiratory muscle training on quality of life and functional capacity of patients with end-stage renal disease on hemodialysis: a randomized clinical trial</text></passage><passage><infon key="section">freetext</infon><infon key="lang">en</infon><offset>-1</offset><text>End-stage renal disease</text></passage><passage><infon key="section">freetext</infon><infon key="lang">en</infon><offset>-1</offset><text>Functional Electrical Stimulation (n=15): FES will be applied at 15 Hz, 0.4 ms pulse width, 10-s contraction time, 50-s resting time and maximum tolerable intensity, 3 sessions per week, for 12 weeks. Extensor knee muscle will be stimulated.

 Inspiratory muscle training (n=15): IMT will be performed for 12 weeks, 5 sessions per week, with an intensity of 30% of maximal inspiratory pressure</text></passage><passage><infon key="section">inclusion_criteria</infon><infon key="lang">en</infon><offset>-1</offset><text>Patients with ESRD undergoing hemodialysis more than 3 months; Urea clearance during hemodialysis (Kt / V) </text></passage><passage><infon key="section">exclusion_criteria</infon><infon key="lang">en</infon><offset>-1</offset><text>Patients with recent stroke, disabling osteoarticular or musculoskeletal disease, uncontrolled hypertension (SBP </text></passage><passage><infon key="section">primary_outcome</infon><infon key="lang">en</infon><offset>-1</offset><text>Quality of life assessed by the questionnaire for kidney disease "Kidney Disease and Quality of Life - Short Form" </text></passage><passage><infon key="section">primary_outcome</infon><infon key="lang">pt-br</infon><offset>-1</offset><text>Qualidade de vida avaliado pelo questionário de Qualidade de Vida para doença renal "Kidney Disease and Quality of Life - Short Form" </text></passage><passage><infon key="section">primary_outcome</infon><infon key="lang">en</infon><offset>-1</offset><text>Functional capacity assessed by distance walked in 6-Minute Walk Test</text></passage><passage><infon key="section">primary_outcome</infon><infon key="lang">pt-br</infon><offset>-1</offset><text>Capacidade funcional avaliada pela distância caminhada no Teste de Caminha de 6 Minutos</text></passage><passage><infon key="section">secondary_outcome</infon><infon key="lang">en</infon><offset>-1</offset><text>Peripheral muscle resistance assessed by the number of repetitions in Sit-to-Stand test</text></passage><passage><infon key="section">secondary_outcome</infon><infon key="lang">pt-br</infon><offset>-1</offset><text>Resistência muscular periférica avaliado pelo número de repetições no Teste de Sentar-e-Levantar</text></passage><passage><infon key="section">secondary_outcome</infon><infon key="lang">en</infon><offset>-1</offset><text>Lung function measured by spirometry</text></passage><passage><infon key="section">secondary_outcome</infon><infon key="lang">pt-br</infon><offset>-1</offset><text>Função pulmonar avaliada por espirometria</text></passage><passage><infon key="section">secondary_outcome</infon><infon key="lang">en</infon><offset>-1</offset><text>Respiratory muscle strength assessed by manometer</text></passage><passage><infon key="section">secondary_outcome</infon><infon key="lang">pt-br</infon><offset>-1</offset><text>Força muscular respiratória avaliados por manovacuometria</text></passage><passage><infon key="section">secondary_outcome</infon><infon key="lang">en</infon><offset>-1</offset><text>Autonomic control by frequency counter</text></passage><passage><infon key="section">secondary_outcome</infon><infon key="lang">pt-br</infon><offset>-1</offset><text>Controle autonômico através de frequencímetro</text></passage><passage><infon key="section">secondary_outcome</infon><infon key="lang">en</infon><offset>-1</offset><text>Oxidative stress  </text></passage><passage><infon key="section">secondary_outcome</infon><infon key="lang">pt-br</infon><offset>-1</offset><text>Estresse oxidativo</text></passage><passage><infon key="section">secondary_outcome</infon><infon key="lang">en</infon><offset>-1</offset><text>Percentage of body fat by skinfold</text></passage><passage><infon key="section">secondary_outcome</infon><infon key="lang">pt-br</infon><offset>-1</offset><text>Percentual de gordura corporal pelas dobras cutâneas</text></passage><passage><infon key="section">secondary_outcome</infon><infon key="lang">en</infon><offset>-1</offset><text>Hand-grip strength by dynamometry</text></passage><passage><infon key="section">secondary_outcome</infon><infon key="lang">pt-br</infon><offset>-1</offset><text>Força de preensão manual por dinamometria</text></passage><passage><infon key="section">public_title</infon><infon key="lang">pt-br</infon><offset>-1</offset><text>Efeitos da estimulação elétrica e do treinamento muscular ventilatório em pacientes com doença renal em hemodiálise</text></passage><passage><infon key="section">scientific_title</infon><infon key="lang">pt-br</infon><offset>-1</offset><text>Efeitos da eletroestimulação funcional e do treinamento muscular inspiratório sobre a qualidade de vida e capacidade funcional de pacientes com insuficiência renal terminal em hemodiálise: ensaio clínico randomizado</text></passage><passage><infon key="section">freetext</infon><infon key="lang">pt-br</infon><offset>-1</offset><text>Eletroestimulação Funcional (EEF n=15): será aplicado em uma frequência de 15HZ, largura de pulso de 0,4 ms, tempo de contração de 10 seg e de relaxamento de 50 seg dependendo da tolerância do paciente. Será realizado no período de 12 semanas com frequência de 3x/semana. A musculatura extensora do joelho será estimulada.

Treinamento muscular inspiratório (TMI n=15): será realizado por 12 semanas, 5x/semana, com intensidade de 30% da pressão inspiratória máxima.</text></passage><passage><infon key="section">inclusion_criteria</infon><infon key="lang">pt-br</infon><offset>-1</offset><text>Pacientes com Insuficiência Renal Terminal em hemodiálise por mais de 3 meses;
Clearance da uréia durante a hemodiálise (Kt/V) </text></passage><passage><infon key="section">exclusion_criteria</infon><infon key="lang">pt-br</infon><offset>-1</offset><text>Pacientes com recente acidente vascular encefálico; Doença osteoarticular ou musculoesquelética incapacitante;
Hipertensão não-controlada (PAS </text></passage></document></collection>