<?xml version="1.0" encoding="UTF-8"?><!DOCTYPE collection SYSTEM "BioC.dtd"><collection><source></source><date></date><key></key><document><id>RBR-55mp5z</id><passage><infon key="section">public_title</infon><infon key="lang">en</infon><offset>-1</offset><text>Comparison of two drugs to prevent nausea and vomiting after surgery for reducing the stomach</text></passage><passage><infon key="section">scientific_title</infon><infon key="lang">en</infon><offset>-1</offset><text>Palonosetron versus ondansetron for postoperative nausea and vomiting prophylaxis in laparoscopic gastroplasty in morbid obese patients - a randomized controlled noninferiority trial</text></passage><passage><infon key="section">freetext</infon><infon key="lang">en</infon><offset>-1</offset><text>Obesity, Postoperative Nausea and Vomiting</text></passage><passage><infon key="section">freetext</infon><infon key="lang">en</infon><offset>-1</offset><text>Experimental group: 83 patients undergoing bariatric surgery will be given intravenous palonosetron 0.075 mg, before anesthesia induction. Control group: 83 patients undergoing bariatric surgery will be given intravenous ondansetron 8 mg, before the induction of anesthesia and 8 and 16 hours after the surgery. The drugs will be given after randomization, according to aleatory distribution in the groups</text></passage><passage><infon key="section">inclusion_criteria</infon><infon key="lang">en</infon><offset>-1</offset><text>Adult patients undergoing elective laparoscopic gastroplasty; both sexes; 20 to 65 years old; physical state I and II according to American Society of Anesthesiology (ASA); body mass index equal or higher than 35 kg/m2</text></passage><passage><infon key="section">exclusion_criteria</infon><infon key="lang">en</infon><offset>-1</offset><text>Use of antiemetics for 48 hs before surgery; those with hiatal hernia</text></passage><passage><infon key="section">primary_outcome</infon><infon key="lang">en</infon><offset>-1</offset><text>Postoperative nausea and/or vomiting incidence, verified by clinical observation and reported as yes or no, according to the presence of the symptom. Expected incidence of nausea and/or vomiting is 25% of patients in each group.</text></passage><passage><infon key="section">primary_outcome</infon><infon key="lang">pt-br</infon><offset>-1</offset><text>Incidência de náuseas e/ou vômitos pós-operatórios, verificada pela observação clínica e constatada pela presença do sintoma (sim ou não).  Espera-se incidência de náusea e/ou vômitos em 25% do pacientes de cada grupo.</text></passage><passage><infon key="section">secondary_outcome</infon><infon key="lang">en</infon><offset>-1</offset><text>Total dose of dimenhydrinate (rescue medication) used, verified by its administration (yes or no), reported as the need of use. It is expected that 40 doses of dimenhydrinate in each group will be administered.</text></passage><passage><infon key="section">secondary_outcome</infon><infon key="lang">pt-br</infon><offset>-1</offset><text>Número absoluto de doses da solução contendo dimenidrinato (medicação de resgate) empregadas, verificada conforme administração (sim ou não), constatada apenas pela necessidade de uso. Espera-se que o número absoluto de doses de dimenidrinato seja 40 em cada grupo.</text></passage><passage><infon key="section">public_title</infon><infon key="lang">pt-br</infon><offset>-1</offset><text>Comparação de dois medicamentos para prevenir náuseas e vômitos após cirurgias para redução do estômago</text></passage><passage><infon key="section">scientific_title</infon><infon key="lang">pt-br</infon><offset>-1</offset><text>Palonosetrona versus ondansetrona para profilaxia de náuseas e vômitos pós-operatórios em gastroplastia laparoscópica de obesos mórbidos - estudo controlado randomizado de não-inferioridade</text></passage><passage><infon key="section">freetext</infon><infon key="lang">pt-br</infon><offset>-1</offset><text>Grupo experimental: 83 pacientes que serão submetidos à cirurgia bariátrica receberão palonosetrona 0,075 mg via endovenosa, antes da indução da anestesia. Grupo controle: 83 pacientes que serão submetidos à cirurgia bariátrica receberão ondansetrona 8 mg via endovenosa, antes da indução da anestesia, 8 e 16 horas após a cirurgia. Os medicamentos serão administrados após sorteio, em distribuição aleatória por grupos</text></passage><passage><infon key="section">inclusion_criteria</infon><infon key="lang">pt-br</infon><offset>-1</offset><text>Pacientes adultos que serão submetidos à gastroplastia laparoscópica eletiva; ambos os gêneros; idade entre 20 e 65 anos; estado físico segundo a American Society of Anesthesiology (ASA) I e II; índice de massa corporal maior ou igual a 35 kg/m2</text></passage><passage><infon key="section">exclusion_criteria</infon><infon key="lang">pt-br</infon><offset>-1</offset><text>Uso de antieméticos nas 48 horas que antecedem a cirurgia; portadores de hérnia hiatal</text></passage></document></collection>