<?xml version="1.0" encoding="UTF-8"?><!DOCTYPE collection SYSTEM "BioC.dtd"><collection><source></source><date></date><key></key><document><id>RBR-5sj53s</id><passage><infon key="section">public_title</infon><infon key="lang">en</infon><offset>-1</offset><text>Multicenter Study of the Accuracy and Feasibility of the Xpert Ultra Test</text></passage><passage><infon key="section">scientific_title</infon><infon key="lang">en</infon><offset>-1</offset><text>Multicenter Study of the Accuracy and Feasibility of the Xpert Ultra Test
</text></passage><passage><infon key="section">freetext</infon><infon key="lang">en</infon><offset>-1</offset><text>Tuberculosis</text></passage><passage><infon key="section">freetext</infon><infon key="lang">en</infon><offset>-1</offset><text>Observational, longitudinal, prospective follow-up, which is expected in Brazil, about 250 people participate in this study. 230 are listed in </text></passage><passage><infon key="section">inclusion_criteria</infon><infon key="lang">en</infon><offset>-1</offset><text>Inclusion Criteria for Case Detection Group
• Age 18 years or above;</text></passage><passage><infon key="section">exclusion_criteria</infon><infon key="lang">en</infon><offset>-1</offset><text>Exclusion Criteria for Case Detection Group
• Receipt of more than two doses (two days) of TB treatment within 6 months prior to enrollment;</text></passage><passage><infon key="section">primary_outcome</infon><infon key="lang">en</infon><offset>-1</offset><text>A single Xpert Ultra test will have sensitivity that is non-inferior to that of the Xpert MTB/RIF assay among all culture positive pulmonary TB patients for detection of M. tuberculosis in sputum if the lower limit of the 95% confidence interval for the difference between Xpert Ultra sensitivity and Xpert MTB/RIF sensitivity does not exceed 7.0% using Xpert results from sputum S1.</text></passage><passage><infon key="section">primary_outcome</infon><infon key="lang">pt-br</infon><offset>-1</offset><text>Um único teste Xpert Ultra terá sensibilidade não-inferior a do teste Xpert MTB/RIF dentre todas culturas positivas dos pacientes com TB pulmonar para detecção de M. tuberculosis em escarro se o limite inferior do intervalo de confiança de 95% da diferença entre a sensibilidade do teste Xpert Ultra e a sensibilidade do teste Xpert MTB/RIF não exceda 7,0%, considerando os resultados das amostras de escarro S1.</text></passage><passage><infon key="section">secondary_outcome</infon><infon key="lang">en</infon><offset>-1</offset><text>Enrollment of 100 rifampin resistant TB patients will allow estimation of sensitivity with a precision of +/-12% (95% confidence interval) assuming a sensitivity of between 90% and 98% and will allow estimation of specificity with a precision of +/- 9% (95% confidence interval) for detection of rifampin resistance by Xpert Ultra.</text></passage><passage><infon key="section">secondary_outcome</infon><infon key="lang">pt-br</infon><offset>-1</offset><text>Arrolamento de 100 participantes com resistência a rifampicina permitirá uma estimativa da sensibilidade com precisão de +/-12% (95% de intervalo de confiança) assumindo a sensibilidade entre 90% e 98%  e permitirá uma estimativa da especificidade com precisão de +/- 9% (95% intervalo de confiança) para detecção de resistência a rifampicina do Xpert Ultra.</text></passage><passage><infon key="section">public_title</infon><infon key="lang">pt-br</infon><offset>-1</offset><text>Estudo Multicêntrico de Acurácia e Viabilidade do Teste Xpert Ultra </text></passage><passage><infon key="section">scientific_title</infon><infon key="lang">pt-br</infon><offset>-1</offset><text>Estudo Multicêntrico de Acurácia e Viabilidade do Teste Xpert Ultra </text></passage><passage><infon key="section">freetext</infon><infon key="lang">pt-br</infon><offset>-1</offset><text>Estudo observacional, com acompanhamento longitudinal, prospectivo, onde espera-se, no Brasil, cerca de 250 pessoas participem deste estudo.  230 serão arrolados no “Grupo com Suspeita de TB”; 20 serão arrolados no</text></passage><passage><infon key="section">inclusion_criteria</infon><infon key="lang">pt-br</infon><offset>-1</offset><text>Critérios de Inclusão para Grupo com Suspeita de TB
• Idade igual ou superior a 18 anos;</text></passage><passage><infon key="section">exclusion_criteria</infon><infon key="lang">pt-br</infon><offset>-1</offset><text>Critérios de Exclusão para Grupo com Suspeita de TB
• Ter recebido mais de duas doses (dois dias) de tratamento de TB dentro de 6 meses anteriores ao arrolamento;</text></passage></document></collection>