<?xml version="1.0" encoding="UTF-8"?><!DOCTYPE collection SYSTEM "BioC.dtd"><collection><source></source><date></date><key></key><document><id>RBR-4vwqck</id><passage><infon key="section">public_title</infon><infon key="lang">en</infon><offset>-1</offset><text>Identification of risk of accidents in healthy elderly and with Parkinson</text></passage><passage><infon key="section">scientific_title</infon><infon key="lang">en</infon><offset>-1</offset><text>Identification of risk of accidents in healthy elderly and with Parkinson</text></passage><passage><infon key="section">freetext</infon><infon key="lang">en</infon><offset>-1</offset><text>Parkinson</text></passage><passage><infon key="section">freetext</infon><infon key="lang">en</infon><offset>-1</offset><text>20 healthy elderly and 20 elderly with Parkinson</text></passage><passage><infon key="section">inclusion_criteria</infon><infon key="lang">en</infon><offset>-1</offset><text>No pain, fracture, or serious injury to soft tissues in the 6 months previous to the study; no history of cognitive, respiratory or cardiovascular disorders not controlled; elderly with Parkinson</text></passage><passage><infon key="section">exclusion_criteria</infon><infon key="lang">en</infon><offset>-1</offset><text>Individuals who present uncontrolled cardiovascular changes; to present score lower than 24 on the Mini Mental State Examination that will be applied before the collections.</text></passage><passage><infon key="section">primary_outcome</infon><infon key="lang">en</infon><offset>-1</offset><text>It is expected that elderly with Parkinson's disease present kinematic variables different than that presented by healthy elderly in the 3 different conditions that they will be subjected. For it will be used GAITRite system that informs data of the step length, step width, gait speed, cadence and step time, while performing gait in prefered speed; gait during street crossing simulation with normal time in pedestrian traffic light; gait during street crossing simulation with reduced time in pedestrian traffic light. The values of the collected data will be presented as means and standard deviations and the significance level for all statistical tests will be set at p lower than 0.05.</text></passage><passage><infon key="section">primary_outcome</infon><infon key="lang">pt-br</infon><offset>-1</offset><text>Espera-se que idosos com doença de Parkinson apresentem variáveis cinemáticas diferentes das apresentadas por idosos saudáveis nas 3 condições de marcha que serão submetidos. Para isso será utilizado o sistema GAITRite que informará os dados de comprimento de passo, largura de passo, velocidade da marcha , cadência e tempo de passo, enquanto realizam a marcha em velocidade de preferência; marcha durante simulação de travessia de rua com tempo normal no semáforo de pedestres; marcha durante simulação de travessia de rua com tempo reduzido no semáforo de pedestres. Os valores dos dados coletados serão apresentados em médias e desvios-padrão e o nível de significância em todos os testes estatísticos será de p menor que 0,05.</text></passage><passage><infon key="section">secondary_outcome</infon><infon key="lang">en</infon><offset>-1</offset><text>Check for risk of falls in elderly healthy and with Parkinson's disease during street crossing simulation. For it, it will be compared the gait kinematic variables in prefered speed and gait during street crossing simulation. If the data of step length, step width and gait speed were significantly lower (p lower than 0.05) in gait during street crossing simulation than in gait with prefered speed, may indicate risk of falls.</text></passage><passage><infon key="section">secondary_outcome</infon><infon key="lang">pt-br</infon><offset>-1</offset><text>Verificar se há riscos de quedas nos idosos saudáveis e com doença de Parkinson durante simulação de travessia de rua. Para isso serão comparadas as variáveis cinemáticas da marcha em velocidade de preferência e marcha durante simulação de travessia de rua. Se os dados de comprimento de passo, largura de passo e velocidade da marcha forem significativamente menores (p menor que 0,05) na marcha durante simulação de travessia de rua do que na marcha com velocidade de preferência, podem indicar riscos de quedas.</text></passage><passage><infon key="section">public_title</infon><infon key="lang">pt-br</infon><offset>-1</offset><text>Identificação do risco de acidentes em idosos saudáveis e com Doença de Parkinson durante simulação de travessia de rua: Um estudo baseado nas características da marcha</text></passage><passage><infon key="section">scientific_title</infon><infon key="lang">pt-br</infon><offset>-1</offset><text>Identificação do risco de acidentes em idosos saudáveis e com Doença de Parkinson durante simulação de travessia de rua: Um estudo baseado em parâmetros cinemáticos</text></passage><passage><infon key="section">freetext</infon><infon key="lang">pt-br</infon><offset>-1</offset><text>Participarão do estudo 20 idosos saudáveis e 20 idosos com doença de Parkinson, de ambos os gêneros. Será realizada avaliação da marcha desses indivíduos em 3 condições distintas: marcha em velocidade de preferência; marcha durante simulação de travessia de rua com tempo normal no semáforo de pedestres; marcha durante simulação de travessia de rua com tempo reduzido no semáforo de pedestres. A simulação de travessia de rua será realizada de acordo com as recomendações do DENATRAN para a temporização de semáforos. Durante as 3 condições, os parâmetros cinemáticos da marcha a serem analisados através do sistema GAITRite serão: comprimento de passo, largura de passo, velocidade da marcha , cadência e tempo de passo.</text></passage><passage><infon key="section">inclusion_criteria</infon><infon key="lang">pt-br</infon><offset>-1</offset><text>Ausência de dor, fratura, ou lesão grave em tecidos moles nos 6 meses pregressos ao estudo; ausência de histórico de alterações cognitivas, respiratórias ou cardiovasculares não controladas; os idosos com doença de Parkinson estarem classificados nos estágios de I a III da escala de Hoehn Yahr; os idosos com doença de Parkinson não estarem em fase de adaptação farmacológica.
</text></passage><passage><infon key="section">exclusion_criteria</infon><infon key="lang">pt-br</infon><offset>-1</offset><text>Indivíduos que apresentarem alterações cardiovasculares descontroladas; apresentarem score menor que 24 no Mini Exame do Estado Mental que será aplicado antes das coletas.
</text></passage></document></collection>