<?xml version="1.0" encoding="UTF-8"?><!DOCTYPE collection SYSTEM "BioC.dtd"><collection><source></source><date></date><key></key><document><id>RBR-3x64sp</id><passage><infon key="section">public_title</infon><infon key="lang">en</infon><offset>-1</offset><text>Pilates exercises and breathing in the elderly</text></passage><passage><infon key="section">scientific_title</infon><infon key="lang">en</infon><offset>-1</offset><text>Influence of exercise based on the principles of Pilates respiratory muscle performance in older</text></passage><passage><infon key="section">freetext</infon><infon key="lang">en</infon><offset>-1</offset><text>Elderly
Healthy</text></passage><passage><infon key="section">freetext</infon><infon key="lang">en</infon><offset>-1</offset><text>The intervention is based on the application of Pilates exercises. The sample consists of 60 elderly women who undergo a randomization and will be divided into two groups - one that will make Pilates classes and participate in educational lectures on health in old age (experimental) and others who attend the lectures only (control). The operating time is 12 weeks. The experimental group will make two Pilates sessions a week, totaling 24 sessions. The lectures will take place monthly during 3 months.</text></passage><passage><infon key="section">inclusion_criteria</infon><infon key="lang">en</infon><offset>-1</offset><text>For inclusion in the sample, the subject should be female and must be between 65 and 80 years; may not have neurological and/or musculoskeletal disorders that preclude the exercises; can not use any assistive mobility device and must present cognitive state compatible with the education evaluated by the Mini Mental State Examination (MMSE).</text></passage><passage><infon key="section">exclusion_criteria</infon><infon key="lang">en</infon><offset>-1</offset><text>Will be excluded the elderly woman who refuses to participate in the research, have pain complaints, a hypertensive crisis or syncope during the course of training or miss two training sessions planned.</text></passage><passage><infon key="section">primary_outcome</infon><infon key="lang">en</infon><offset>-1</offset><text>The practice of exercises based on Pilates changes the Peak Expiratory Flow (PEF) and Forced Vital Capacity (FVC), measured by spirometry in healthy elderly.</text></passage><passage><infon key="section">primary_outcome</infon><infon key="lang">pt-br</infon><offset>-1</offset><text>A prática de exercícios baseados no Método Pilates altera o Pico de Fluxo Expiratório (PFE) e a Capacidade Vital Forçada (CVF), avaliados através da Espirometria em idosas saudáveis.</text></passage><passage><infon key="section">primary_outcome</infon><infon key="lang">en</infon><offset>-1</offset><text>The practice of exercises based on Pilates changes the Maximal Inspiratory Pressure (MIP) and Maximal Expiratory Pressure (MEP), assessed by Manovacuometry in healthy elderly.</text></passage><passage><infon key="section">primary_outcome</infon><infon key="lang">pt-br</infon><offset>-1</offset><text>A prática de exercícios baseados no Método Pilates altera a Pressão Inspiratória Máxima (PImáx) e a Pressão Expiratória Máxima (PEmáx), avaliados através da Manovacuometria em idosas saudáveis.</text></passage><passage><infon key="section">secondary_outcome</infon><infon key="lang">en</infon><offset>-1</offset><text>Check the effect of exercises based on Pilates in the ability to generate work, power and endurance of respiratory muscles.</text></passage><passage><infon key="section">secondary_outcome</infon><infon key="lang">pt-br</infon><offset>-1</offset><text>Verificar o efeito de exercícios baseados no Método Pilates na capacidade de geração de trabalho, potência e resistência dos músculos respiratórios. </text></passage><passage><infon key="section">public_title</infon><infon key="lang">pt-br</infon><offset>-1</offset><text>Exercícios de Pilates e respiração na terceira idade</text></passage><passage><infon key="section">scientific_title</infon><infon key="lang">pt-br</infon><offset>-1</offset><text>Influência dos exercícios baseados nos princípios do Método Pilates no desempenho muscular respiratório de idosas</text></passage><passage><infon key="section">freetext</infon><infon key="lang">pt-br</infon><offset>-1</offset><text>A intervenção será baseada na aplicação de exercícios do Método Pilates. A amostra será constituída por 60 idosas que passarão por uma randomização e serão divididas em 2 grupos - um que fará aulas de Pilates e participará de palestras educativas sobre saúde na terceira idade (experimental) e outro que participará apenas das palestras (controle). O tempo de intervenção é de 12 semanas. O grupo experimental fará 2 sessões de Pilates por semana, totalizando 24 sessões. As palestras acontecerão mensalmente, durante 3 meses.</text></passage><passage><infon key="section">inclusion_criteria</infon><infon key="lang">pt-br</infon><offset>-1</offset><text>Para inclusão na amostra o sujeito deverá ser do sexo feminino e deverá ter entre 65 e 80 anos; não poderão apresentar alterações neurológicas e/ou músculo-esqueléticas que impossibilitem a realização dos exercícios; não poderão fazer uso de nenhum dispositivo de auxílio à marcha e deverão ter estado cognitivo compatível com a escolaridade avaliado pelo Mini Exame do Estado Mental (MEEM).

</text></passage><passage><infon key="section">exclusion_criteria</infon><infon key="lang">pt-br</infon><offset>-1</offset><text>Será excluída a idosa que se recusar a participar da pesquisa; tiver queixas álgicas, pico hipertensivo ou síncope durante a realização do treinamento ou faltar a duas sessões do treinamento previsto.

</text></passage></document></collection>