<?xml version="1.0" encoding="UTF-8"?><!DOCTYPE collection SYSTEM "BioC.dtd"><collection><source></source><date></date><key></key><document><id>RBR-5n4y2g</id><passage><infon key="section">public_title</infon><infon key="lang">en</infon><offset>-1</offset><text>Cardiovascular Health Care Program – PROCARDIO-UFV </text></passage><passage><infon key="section">scientific_title</infon><infon key="lang">en</infon><offset>-1</offset><text>Use of Different Strategies in Nutritional Intervention in the Cardiovascular Health Care Program – PROCARDIO-UFV </text></passage><passage><infon key="section">freetext</infon><infon key="lang">en</infon><offset>-1</offset><text>Atherosclerosis, Atherosclerotic Cardiovascular Disease, Obesity, Diabetes Mellitus, Mixed Hyperlipemia, Essential Hypertension</text></passage><passage><infon key="section">freetext</infon><infon key="lang">en</infon><offset>-1</offset><text>Nutritional intervention study. Five hundred will receive a personalized diet, including hypocaloric diet, nutritional counseling, diet workshops, discussion groups, and phone interviews. Each subject will be followed for two years, with weekly or monthly visits. Anthropometry, body composition and biochemical evaluations will be performed every trhee months, while dietary assessment will be assessed every six months.</text></passage><passage><infon key="section">inclusion_criteria</infon><infon key="lang">en</infon><offset>-1</offset><text>Age higher 20 years old, diagnosed cardiovascular disease or occurence of risk factors: dyslipidemia, hypertension, diabetes or metabolic syndrome, to be a worker or dependents</text></passage><passage><infon key="section">exclusion_criteria</infon><infon key="lang">en</infon><offset>-1</offset><text>Do not want to participate of the study; To be not a worker or dependents</text></passage><passage><infon key="section">primary_outcome</infon><infon key="lang">en</infon><offset>-1</offset><text>Reduction of body weight (5 a 10%) and obesity prevalence </text></passage><passage><infon key="section">primary_outcome</infon><infon key="lang">pt-br</infon><offset>-1</offset><text>Redução do peso corporal (5 a 10%) e prevalência de obesidade</text></passage><passage><infon key="section">primary_outcome</infon><infon key="lang">en</infon><offset>-1</offset><text>Reduction of cardiovascular risk (Framingham score and metabolic syndrome prevalence)</text></passage><passage><infon key="section">primary_outcome</infon><infon key="lang">pt-br</infon><offset>-1</offset><text>Redução no risco cardiovascular (escore de Framingham e prevalência de síndrome metabólica)</text></passage><passage><infon key="section">secondary_outcome</infon><infon key="lang">en</infon><offset>-1</offset><text>Change in dietary pattern (increase in the consumption of fruits and vegetables and decrease in the intake of saturated fatty acids)</text></passage><passage><infon key="section">secondary_outcome</infon><infon key="lang">pt-br</infon><offset>-1</offset><text>Mudança dos hábitos alimentares (Aumento do consumo de frutas e hortaliças em e redução na ingestão de ácidos graxos saturados</text></passage><passage><infon key="section">public_title</infon><infon key="lang">pt-br</infon><offset>-1</offset><text>Programa de Atenção à Saúde Cardiovascular- PROCARDIO-UFV</text></passage><passage><infon key="section">scientific_title</infon><infon key="lang">pt-br</infon><offset>-1</offset><text>Aplicação de Diferentes Estratégias de Terapia Nutricional no Programa de Atenção à Saúde Cardiovascular – PROCARDIO-UFV </text></passage><passage><infon key="section">freetext</infon><infon key="lang">pt-br</infon><offset>-1</offset><text>Estudo de intervenção nutricional. 500 sujeitos receberão  um plano alimentar personalizado incluindo dieta hipocalórica, aconselhamento nutricional, oficinas dietéticas, grupos de discussão, consultas telefônicas. Cada sujeito será acompanhado por dois anos, onde serão realizadas visitas de seguimento quinzenal ou mensal. Antropometria,  composição corporal e bioquímica será avaliada a cada 3 meses, enquanto que avaliação da ingestão alimentar será avaliada a cada 6 meses.</text></passage><passage><infon key="section">inclusion_criteria</infon><infon key="lang">pt-br</infon><offset>-1</offset><text>Idade maior que 20 anos; apresentar risco ou doenças cardiovascular: dislipidemia, hipertensão, diabetes ou síndrome metabólica; ser servidor ou dependente ou estudante da Universidade Federal de Viçosa</text></passage><passage><infon key="section">exclusion_criteria</infon><infon key="lang">pt-br</infon><offset>-1</offset><text>Não querer participar do estudo; não ser servidor ou dependente ou estudante da Universidade Federal de Viçosa</text></passage></document></collection>