<?xml version="1.0" encoding="UTF-8"?><!DOCTYPE collection SYSTEM "BioC.dtd"><collection><source></source><date></date><key></key><document><id>RBR-5jbxsf</id><passage><infon key="section">public_title</infon><infon key="lang">en</infon><offset>-1</offset><text>Effects of protein supplementation in patients with low energy diet for the treatment of weight regain in the late postoperative surgical reduction of the stomach</text></passage><passage><infon key="section">scientific_title</infon><infon key="lang">en</infon><offset>-1</offset><text>Efects of Metabolic and nutritional protein supplement diet in patients with low energy diet for treatment of weight regain in the late postoperative bariatric surgery</text></passage><passage><infon key="section">freetext</infon><infon key="lang">en</infon><offset>-1</offset><text>obesity</text></passage><passage><infon key="section">freetext</infon><infon key="lang">en</infon><offset>-1</offset><text>Intervention study, a randomized, controlled, lasting 16 weeks. The patients will be women who underwent bariatric surgery for over 24 months and have weight regain more than 5% of the lowest weight achieved. Intervention group: 15 women will ingest low energy diet with the same value to resting energy expenditure, protein supplementation with 1g/kg ideal weight of protein whey (whey protein powder). Control group: 15 women without protein supplementation and diet low energy diet with the same value to resting energy expenditure. Will be measured weight, energy expenditure, body composition, blood lipid profile - total cholesterol, LDL and HDL, blood glucose, serum albumin, insulin, adiponectin, cholecystokinin, IL-6 and TNF-alpha by blood test at the beginning (before intervention), middle (after 2 months) and end of the intervention (after 4 months)</text></passage><passage><infon key="section">inclusion_criteria</infon><infon key="lang">en</infon><offset>-1</offset><text>60 patients 18-55 years old, female, undergoing surgery for gastric bypass with surgery in Roux-Y for more than 24 months and who had regained weight of at least 5% of the lowest weight achieved during treatment.</text></passage><passage><infon key="section">exclusion_criteria</infon><infon key="lang">en</infon><offset>-1</offset><text>Patients with decompensated diabetes on hormone treatment, with renal or hepatic disease or using any medication for loss weight.</text></passage><passage><infon key="section">primary_outcome</infon><infon key="lang">en</infon><offset>-1</offset><text>Expected outcome: Weight loss and preservation of lean body mass and greater GER in patients with protein supplementation than in the control patients verified by measurement of weight with calibrated electronic scale considering statistically significant reduction (p &lt;0.05) the parameters mentioned in relation to the values ??found before intervention</text></passage><passage><infon key="section">primary_outcome</infon><infon key="lang">pt-br</infon><offset>-1</offset><text>Desfecho esperado: Perda de peso e preservação da massa magra e do GER maior em pacientes que realizaram a suplementação protéica do que nas pacientes do grupo controle verificada por meio de aferição de peso com balança mecânica calibrada considerando redução estatisticamente significativa (p&lt;0,05) dos parâmetros citados em relação aos valores encontrados antes da intervenção </text></passage><passage><infon key="section">primary_outcome</infon><infon key="lang">en</infon><offset>-1</offset><text>Outcome found: significant gain lean mass and weight to the intervention group</text></passage><passage><infon key="section">primary_outcome</infon><infon key="lang">pt-br</infon><offset>-1</offset><text>Desfecho encontrado: Ganho significativo de massa magra e peso no grupo de intervenção</text></passage><passage><infon key="section">secondary_outcome</infon><infon key="lang">en</infon><offset>-1</offset><text>Expected outcomes: Statistically significant improvement (p&lt;0:05) in serum adiponectin, cholecystokinin, IL-6, TNF-alpha and insulin in patients who underwent protein supplementation compared with baseline values before the intervention   Statistically significant improvement (p&lt;0.05), the resting energy expenditure, body composition and biochemical profile in patients undergoing protein supplementation compared with baseline values before the intervention</text></passage><passage><infon key="section">secondary_outcome</infon><infon key="lang">pt-br</infon><offset>-1</offset><text>Desfechos esperados: Melhora estatisticamente significante (p&lt;0.05) nas concentrações séricas de adiponectina, colecistoquinina, IL-6, TNF-alfa e insulina nos pacientes que realizaram a suplementação proteica em relação aos valores encontrados antes da intervenção  Melhora estatisticamente significante (p&lt;0.05) do gasto energético de repouso, composição corporal e perfil bioquímico nos pacientes submetidos à suplementação proteica em relação aos valores encontrados antes da intervenção </text></passage><passage><infon key="section">secondary_outcome</infon><infon key="lang">en</infon><offset>-1</offset><text>Outcome found: No change in the levels of adiponectin, cholecystokinin, IL-6, TNF-alpha and insulin  Improvement in glycated hemoglobin levels in both groups and improves total cholesterol and fractions in the control group  Significant increase in lean body mass in the intervention group</text></passage><passage><infon key="section">secondary_outcome</infon><infon key="lang">pt-br</infon><offset>-1</offset><text>Desfecho encontrado: Sem alteração nos níveis de de adiponectina, colecistoquinina, IL-6, TNF-alfa e insulina  Melhora nos níveis de hemoglobina glicada em ambos os grupos e melhora de colesterol total e frações no grupo controle  Aumento significativo de massa magra no grupo de intervenção</text></passage><passage><infon key="section">public_title</infon><infon key="lang">pt-br</infon><offset>-1</offset><text>Efeitos da  suplementação protéica em pacientes com dieta de baixa energia para tratamento de reganho de peso no pós operatório tardio de cirurgia de redução do estômago</text></passage><passage><infon key="section">scientific_title</infon><infon key="lang">pt-br</infon><offset>-1</offset><text>Efeitos metabólicos e nutricionais da  suplementação protéica em pacientes com dieta hipoenergética para tratamento de reganho de peso no pós operatório tardio de cirurgia bariátrica</text></passage><passage><infon key="section">freetext</infon><infon key="lang">pt-br</infon><offset>-1</offset><text>Estudo de intervenção, randomizado, controlado, com duração de 16 semanas. As pacientes serão mulheres que foram submetidas à cirurgia bariátrica há mais de 24 meses e apresentam reganho de peso maior que 5% do menor peso alcançado.  Grupo de intervenção: 15 mulheres irão consumir dieta hipoenergética de valor igual ao gasto energético de repouso, com suplementação proteica de 1g/kg Peso ideal de proteína do soro do leite - whey protein em pó. Grupo controle: 15 mulheres sem tratamento com suplementação proteica e com dieta hipoenergética com valor igual ao gasto energético de repouso. Serão mensurados peso, gasto energético, composição corporal, perfil lipídico sanguíneo - colesterol total, LDL e HDL, glicose sérica, albumina sérica, insulina, adiponectina, colecistoquinina, IL-6 e TNF-alfa por meio de exame de sangue ao início (antes da intervenção), meio (após 2 meses) e final da intervenção (após 4 meses)</text></passage><passage><infon key="section">inclusion_criteria</infon><infon key="lang">pt-br</infon><offset>-1</offset><text>60 pacientes de 18 a 55 anos, do
sexo feminino, submetidas a cirurgia de gastroplastia redutora com derivação gastro jejunal em Y de Roux há mais de 24 meses e que apresentaram reganho de peso de no mínimo 5% do menor peso alcançado durante o tratamento.</text></passage><passage><infon key="section">exclusion_criteria</infon><infon key="lang">pt-br</infon><offset>-1</offset><text>Pacientes com diabetes descompensada, em
tratamento hormonal, com doenças renais, hepáticas ou em uso de alguma medicação para emagrecimento.</text></passage></document></collection>