<?xml version="1.0" encoding="UTF-8"?><!DOCTYPE collection SYSTEM "BioC.dtd"><collection><source></source><date></date><key></key><document><id>RBR-5v5bvw</id><passage><infon key="section">public_title</infon><infon key="lang">en</infon><offset>-1</offset><text>Chewing in Alzheimer</text></passage><passage><infon key="section">scientific_title</infon><infon key="lang">en</infon><offset>-1</offset><text>Chewing function in Alzheimer</text></passage><passage><infon key="section">freetext</infon><infon key="lang">en</infon><offset>-1</offset><text>Alzheimers</text></passage><passage><infon key="section">freetext</infon><infon key="lang">en</infon><offset>-1</offset><text>Chewing function of 15 elderly patients with Alzheimer</text></passage><passage><infon key="section">inclusion_criteria</infon><infon key="lang">en</infon><offset>-1</offset><text>Experimental group: elderly patients with mild Alzheimer</text></passage><passage><infon key="section">exclusion_criteria</infon><infon key="lang">en</infon><offset>-1</offset><text>Experimental group: the presence of cognitive-behavioral disease different from Alzheimer</text></passage><passage><infon key="section">primary_outcome</infon><infon key="lang">en</infon><offset>-1</offset><text>It is expected that the experimental group present values of masticatory performance inferior to the control group. The masticatory performance is expressed in the value of X50 and calculated by chewing food artificial test Optocal. Observe the size of the particles obtained after chewing, 40 chewing cycles being used.</text></passage><passage><infon key="section">primary_outcome</infon><infon key="lang">pt-br</infon><offset>-1</offset><text>Espera-se que o grupo experimental apresente valores de performance mastigatória inferiores aos do grupo controle. A performance mastigatória é expressa no valor de X50 e calculada através da mastigação do alimento teste artificial Optocal. Observa-se o tamanho das partículas obtidas após a mastigação, sendo utilizados 40 ciclos mastigatórios.</text></passage><passage><infon key="section">primary_outcome</infon><infon key="lang">en</infon><offset>-1</offset><text>It is expected that the treatment will enhance masticatory performance for both groups.</text></passage><passage><infon key="section">primary_outcome</infon><infon key="lang">pt-br</infon><offset>-1</offset><text>Espera-se que a função mastigatória melhore para ambos os grupos após a substituição das próteses antigas por próteses novas.</text></passage><passage><infon key="section">secondary_outcome</infon><infon key="lang">en</infon><offset>-1</offset><text>Secondary outcomes are not expected.</text></passage><passage><infon key="section">secondary_outcome</infon><infon key="lang">pt-br</infon><offset>-1</offset><text>Não são esperados desfechos secundários.</text></passage><passage><infon key="section">public_title</infon><infon key="lang">pt-br</infon><offset>-1</offset><text>Mastigação na Doença de Alzheimer</text></passage><passage><infon key="section">scientific_title</infon><infon key="lang">pt-br</infon><offset>-1</offset><text>Função mastigatória na Doença de Alzheimer</text></passage><passage><infon key="section">freetext</infon><infon key="lang">pt-br</infon><offset>-1</offset><text>Será realizada avaliação da função mastigatória de 15 idosos portadores da doença de Alzheimer e estes dados comparados a um grupo controle composto por 15 idosos com ausência de quaisquer tipo de demência.
A função mastigatória será analisada por meio do teste de performance mastigatória utilizando o material teste Optocal e o método de fracionamento em peneiras, previamente descrito por Slagter et al (1992). Para reduzir possíveis viéses relacionados à condição bucal, todos os voluntários receberão tratamento odontológico de ordem geral e novas próteses removíveis, confeccionadas de modo convencional. As avaliações serão realizadas após um período de 2 meses de uso das novas próteses para adaptação.</text></passage><passage><infon key="section">inclusion_criteria</infon><infon key="lang">pt-br</infon><offset>-1</offset><text>Grupo experimental: idosos portadores da Doença de Alzheimer em estágio inicial, desdentados totais ou parciais, usuários de próteses removíveis.
Grupo Controle: idosos com ausência de quaisquer tipo de demência, desdentados totais ou parciais, usuários de próteses removíveis.</text></passage><passage><infon key="section">exclusion_criteria</infon><infon key="lang">pt-br</infon><offset>-1</offset><text>Grupo experimental: presença de doença cognitivo-comportamental diferente da demência de Alzheimer, distúrbios motores que impossibilitem a realização dos testes, presença de sinais e sintomas de bruxismo.
Grupo controle: presença de quaisquer tipo de demência ou doença cognitivo-comportamental, distúrbios motores que impossibilitem a realização dos testes, presença de sinais e sintomas de bruxismo.</text></passage></document></collection>