<?xml version="1.0" encoding="UTF-8"?><!DOCTYPE collection SYSTEM "BioC.dtd"><collection><source></source><date></date><key></key><document><id>RBR-27kqv5</id><passage><infon key="section">public_title</infon><infon key="lang">en</infon><offset>-1</offset><text>Comparison of a training videogame with conventional physiotherapy on postural control and quality of life of patients with Parkinson</text></passage><passage><infon key="section">scientific_title</infon><infon key="lang">en</infon><offset>-1</offset><text>Effects of physical therapy assisted by Kinect system in postural control, cognition and quality of life of patients with Parkinson</text></passage><passage><infon key="section">freetext</infon><infon key="lang">en</infon><offset>-1</offset><text>Parkinson´s Disease and Dementia in Parkinson</text></passage><passage><infon key="section">freetext</infon><infon key="lang">en</infon><offset>-1</offset><text>Group-based conventional therapy (control group): group of 16 patients will perform conventional therapy based on European guidelines physical therapy in Parkinson</text></passage><passage><infon key="section">inclusion_criteria</infon><infon key="lang">en</infon><offset>-1</offset><text>Thirty-two participants will be selected between 50 and 80 years; diagnosed with idiopathic Parkinson</text></passage><passage><infon key="section">exclusion_criteria</infon><infon key="lang">en</infon><offset>-1</offset><text>Patients will be excluded that during the period of the study present any clinical change that makes it impossible to perform physical exercises in standing position as cardiorespiratory; orthopedic or neurological disorders.</text></passage><passage><infon key="section">primary_outcome</infon><infon key="lang">en</infon><offset>-1</offset><text>PRIMARY OUTCOME EXPECTED: analysis of the change in the static postural balance and limits of stability modification verified through measure of center of pressure displacement (COP) in force plate (Balance Rehabilitation UnitTM) at an acquisition frequency of 100Hz. The mean and standart deviation of the displacement (range) of CoP trajectory will be recorded in medial-lateral (ML) and anterior-posterior (AP) directions and then will be analyzed in the three periods of evaluation of the study, both the control and experimental group, by using the statistical program SPSS version 20 (IBM Corp.). The static postural balance will be evaluated in 10 different situations: orthostatic position on firm ground with eyes open and eyes closed, orthostatic position on the foam with eyes closed; orthostatic position on firm ground with saccadic stimulation;orthostatic position on firm ground with optokinetic stimulation with horizontal direction from left to right;orthostatic position on firm ground with optokinetic stimulation with horizontal direction from right to left; orthostatic position on firm ground with vertical optokinetic stimulation with direction from the top down;orthostatic position on firm ground with optokinetic stimulation with vertical direction from the bottom up; orthostatic position on firm ground with optokinetic stimulation with horizontal direction associated with movements of head rotation;and orthostatic position on firm ground with vertical optokinetic stimulation direction associated with movements of flexion-extension of the head. Each position will be maintained for 60 seconds.</text></passage><passage><infon key="section">primary_outcome</infon><infon key="lang">pt-br</infon><offset>-1</offset><text>DESFECHO PRIMÁRIO ESPERADO: Análise da modificação do controle postural estático e dos limites de estabilidade será verificada por meio da medida do deslocamento e trajetória do centro de pressão (COP) nas direções medial-lateral (ML) e anterior-posterior (AP) em plataforma de força (Balance Rehabilitation UnitTM) com freqüência de aquisição de 100 Hz. A média e desvio-padrão deslocamento e a trajetória do COP nos três períodos da avaliação do estudo, sendo eles a avaliação inicial, avaliação final e follow-up, tanto para o grupo controle quanto experimental serão analisados através do programa estatístico SPSS versão 20 (IBM Corp.). O equilíbrio corporal estático será avaliado em 10 situações distintas: posição ortostática sobre piso firme com olhos abertos e olhos fechados; posição ortostática sobre  espuma com olhos fechados; posição ortostática sobre piso firme com estimulação sacádica; posição ortostática sobre piso firme com estimulação optocinética com direção horizontal da esquerda para a direita; posição ortostática sobre piso firme com estimulação optocinética com direção horizontal da direita para a esquerda; posição ortostática sobre piso firme com estimulação optocinética com direção vertical de cima para baixo; posição ortostática sobre piso firme com estimulação optocinética com direção vertical de baixo para cima; posição ortostática sobre piso firme com estimulação optocinética com direção horizontal associada a movimentos de rotação da cabeça; e posição ortostática sobre piso firme com estimulação optocinética com direção vertical associada a movimentos de flexo-extensão da cabeça. Cada posição será mantida por 60 segundos. </text></passage><passage><infon key="section">secondary_outcome</infon><infon key="lang">en</infon><offset>-1</offset><text>SECONDARY OUTCOME EXPECTED: Analysis to the improvement in postural control, functional mobility, cognition and quality of life using scales and / or questionnaires. Means and standard deviations of the scores obtained in the scale will be analyzed in the three periods of evaluation of the study, both the control and experimental group, by using the statistical program SPSS version 20 (IBM Corp.). The improvement in postural control will be assessed by Mini-Balance Evaluation Systems Test,scale consists of 14 items that assess the dynamic balance, session with each performance is evaluated normal (2) to severe (0), being that the smaller the final score, the worse the postural control; Improved functional mobility verified through time in seconds for the test to stand, walk and sit (Timed up and go test). The improved functional mobility and the risk of falls will be evaluated eight tasks involving gait in different sensorial contexts, including flat surface, changes in gait speed, horizontal and vertical head motions, go over and around obstacles, turning on his own body and up and down stairs through Dymanic Gait Index test. The improvement of cognition will be assessed by the Montreal Cognitive Scale which assesses different cognitive domains such as spatial and visuo executive functions, naming, memory, attention, language, abstraction, late evocation and orietation, with a total score of 30 points where higher scores than or equal to 26 indicate normal performance. The quality of life will be assessed by the Brazilian version of Parkinson's Disease Questionnaire consists of 39 items divided into 8 dimensions that include mobility, activities of daily life, emotional well-being, stigma, social support,cognition, communication and corporal discomfort, with scores ranging between 0 (no problem) to 100 (maximum problem, where a lower score indicates better perception by the individual for quality of life.</text></passage><passage><infon key="section">secondary_outcome</infon><infon key="lang">pt-br</infon><offset>-1</offset><text>DESFECHO SECUNDÁRIO ESPERADO: Análise da melhora do controle postural, da mobilidade funcional, da cognição e da qualidade de vida por meio de escalas e/ou questionários de avaliação específica. As médias e os desvios-padrão das pontuações nas escalas obtidas nos três períodos da avaliação do estudo, sendo eles a avaliação inicial, avaliação final e follow-up, tanto para o grupo controle quanto experimental serão analisados através do programa estatístico SPSS versão 20 (IBM Corp.). A melhora do controle postural será avaliada através Mini-Balance Evaluation Systems Test, escala composta por 14 itens que avaliam do equilíbrio dinâmico, com cada sessão o desempenho é avaliado de normal (2) a grave (0), sendo que quanto menor a pontuação final, pior é o controle postural; Melhora da mobilidade funcional verificada através do tempo em segundos para realização do teste de levantar, andar e sentar (Time up and Go test) cronometrado. A melhora da mobilidade funcional e o risco de quedas serão avaliados oito tarefas que envolvem a marcha em diferentes contextos sensoriais, que incluem superfície plana, mudanças na velocidade da marcha, movimentos horizontais e verticais da cabeça, passar por cima e contornar obstáculos, giro sobre seu próprio eixo corporal e, subir e descer escadas através do teste Índice do Andar Dinâmico. A melhora da cognição será avaliada através da Escala Cognitiva de Montreal que avalia diferentes domínios cognitivos como as funções visuoespaciais e executiva, nomeação, memória, atenção, linguagem, abstração, evocação tardia e orientação, com pontuação total de 30 pontos onde pontuações maiores ou iguais a 26 indicam desempenho normal. A qualidade de vida será avaliada através da versão brasileira do Parkinson´s Disease Questionnaire composto por 39 itens divididos em 8 dimensões que incluem  mobilidade, atividades de vida diária, bem estar emocional, estigma, apoio social, cognição, comunicação e desconforto corporal, com pontuação variando entre varia 0 (nenhum problema) a 100 (máximo nível de problema), onde uma baixa pontuação indica melhor percepção da qualidade de vida por parte do indivíduo.</text></passage><passage><infon key="section">public_title</infon><infon key="lang">pt-br</infon><offset>-1</offset><text>Comparação de um treinamento com o videogame com a fisioterapia convencional sobre o controle postural e qualidade de vida de pacientes com Doença de Parkinson </text></passage><passage><infon key="section">scientific_title</infon><infon key="lang">pt-br</infon><offset>-1</offset><text>Efeitos da fisioterapia assistida pelo sistema Kinect no controle postural, cognição e qualidade de vida de pacientes com doença de Parkinson 
</text></passage><passage><infon key="section">freetext</infon><infon key="lang">pt-br</infon><offset>-1</offset><text>Grupo baseado na fisioterapia convencional (grupo controle): grupo composto por 16 pacientes irão realizar fisioterapia convencional baseada nas diretrizes europeias de fisioterapia na doença de Parkinson. As sessões de fisioterapia convencional serão realizadas em grupo, com duração de uma hora cada sessão, duas vezes por semana durante sete semanas. Estas sessões de fisioterapia convencional serão compostas por aquecimento, treino de equilíbrio estático e dinâmico com pista externa, condicionamento físico, treino de força muscular, treino de flexibilidade muscular e treino de transferências por meio de estratégias cognitivas. O aquecimento será realizado por dez minutos por meio de marcha em círculo com um paciente atrás do outro iniciando com marcha livre e progredindo com a marcha associado a um movimento de flexo-extensão de membros superiores de forma alternada; marcha associado a elevação de ombros; marcha associado a um movimento de abdução-adução de membros superiores; e marcha contornando cones que estarão dispostas em duas filas. O treino de equilíbrio será realizado por quinze minutos por meio de exercício de equilíbrio estático com utilização de pistas externas no qual o paciente deverá pisar na cor solicitada com dois pés mantendo-se estável na transição de uma cor para a outra; equilíbrio dinâmico e ritmo por meio de marcha para frente e para trás em dupla carregando uma bola entre a região abdominal, sem deixá-la cair; marcha em dupla tarefa no qual será solicitado que o paciente levante da cadeira  percorrer uma distância de 10 metros, deverá abrir uma garrafa de água, servir até a metade do copo, colocar na bandeja e voltar até o início. O condicionamento físico será realizado por quinze minutos por meio de bicicleta ergométrica. O treino de força muscular será realizado por quinze minutos por meio de exercícios isotônicos concêntricos com carga progressiva em sedestação com enfoque nos seguintes grupos musculares extensores de tronco, estabilizadores da escápula, extensores de joelho, extensores e abdutores de quadril. A flexibilidade muscular por dez minutos por meio de alongamento muscular ativo de extensores de cervical e tronco, flexores de ombro, extensores de cotovelo e, flexores de quadril e joelho. Nos dez minutos finais será realizado o treino de transferências por meio de estratégias cognitivas fragmentando as principais transferências realizadas pelo paciente (sentar e levantar da cadeira, deitar e levantar da cama, e levantar do chão).</text></passage><passage><infon key="section">inclusion_criteria</infon><infon key="lang">pt-br</infon><offset>-1</offset><text>Serão selecionados trinta e dois participantes com idade ente 50 e 80 anos; com diagnóstico de Doença de Parkinson idiopática realizado por neurologistas especializados em doenças extrapiramidais de acordo com os critério do Banco de Cérebros da Sociedade de Parkinson do Reino Unido; estágios I a III da escala de Hoehn e Yahr; tratados com levodopa e/ou seus sinergistas; que não apresentem outras doenças neurológicas ou ortopédicas diagnosticadas; não apresentem sinais de demência avaliada por meio do Mini Exame do Estado Mental com nota de corte de acordo com a escolaridade; com acuidades visual e auditiva normais ou corrigidas; que não tiveram experiência prévia com o sistema Kinect; que não tenham participado de um programa de reabilitação nos últimos dois meses e assinarem o Termo de Consentimento Livre e Esclarecido do estudo.  </text></passage><passage><infon key="section">exclusion_criteria</infon><infon key="lang">pt-br</infon><offset>-1</offset><text>Serão excluídos do estudo os pacientes que durante o período do estudo apresentarem qualquer tipo de alteração clínica que impossibilite a realização de exercícios físicos em bipedestação como alterações cardiorrespiratórias; ortopédicas ou neurológicas.</text></passage></document></collection>