<?xml version="1.0" encoding="UTF-8"?><!DOCTYPE collection SYSTEM "BioC.dtd"><collection><source></source><date></date><key></key><document><id>RBR-2jgrkq</id><passage><infon key="section">public_title</infon><infon key="lang">en</infon><offset>-1</offset><text>Use of Postoperative Intravenous Iron in Abdominoplasty After Bariatric Surgery</text></passage><passage><infon key="section">scientific_title</infon><infon key="lang">en</infon><offset>-1</offset><text>Use of Postoperative Intravenous Iron in Abdominoplasty After Bariatric Surgery</text></passage><passage><infon key="section">freetext</infon><infon key="lang">en</infon><offset>-1</offset><text>Post-operative anemia</text></passage><passage><infon key="section">freetext</infon><infon key="lang">en</infon><offset>-1</offset><text>Twenty eight patients in the study group will receive two applications of 200 mg of iron sulfate intravenously after post-bariatric abdominoplasty, the first application will be in the immediate postoperative period and the second on the first postoperative day.
Twenty eight active Control patients will receive ferrous sulfate supplementation orally postoperatively at a dose of 1 tablet of 100 mg 12/12h for 8 weeks.</text></passage><passage><infon key="section">inclusion_criteria</infon><infon key="lang">en</infon><offset>-1</offset><text>Sample size: 56 patients, Women; 18 to 55 years old; previous bariatric surgery; BMI less than 32 kg/m2; Stability of weight loss for at least 6 months</text></passage><passage><infon key="section">exclusion_criteria</infon><infon key="lang">en</infon><offset>-1</offset><text>smoking; cholelithiasis demonstrated on ultrasound; uncontrolled systemic diseases; bone marrow diseases; hematological disorders; presence of renal or hepatic insufficiency; acute infection; prior use in the last three months of intravenous iron; hemoglobin level less than 11.5 g/dL; ferritin level less than 11 ng/mL or greater than 100 ng/mL; transferrin saturation index below 20% or exceeding 50%; a level of less than 210 pg/mL vitamin B12; folic acid level of less than 3,3 ng/ml, albumin level less than 3 g/dL; C-reactive protein greater than 5mg/L; mean corpuscular volume less than 80 fL.</text></passage><passage><infon key="section">primary_outcome</infon><infon key="lang">en</infon><offset>-1</offset><text>Hemoglobin level increase in the eighth week of postoperative abdominoplasty after bariatric surgery, measured by automated hematology counter, from a finding of an increase of 1.5 g/dL compared to control group</text></passage><passage><infon key="section">primary_outcome</infon><infon key="lang">pt-br</infon><offset>-1</offset><text>Aumento do nível de Hemoglobina na oitava semana de pós-operatório da abdominoplastia após a cirurgia bariátrica, mensurado através de contador hematológico automatizado, a partir de uma constatação de um aumento de 1,5 g/dL em relação ao grupo Controle</text></passage><passage><infon key="section">secondary_outcome</infon><infon key="lang">en</infon><offset>-1</offset><text>Presence of iron deficiency assessed by serum ferritin, Postoperative hemoglobin levels, Fatigue measured in the questionnaire FACT-An, Quality of life measured by SF-36, adverse events, surgical complications</text></passage><passage><infon key="section">secondary_outcome</infon><infon key="lang">pt-br</infon><offset>-1</offset><text>Presença de deficiência de ferro avaliada pelos níveis de ferritina, Níveis de hemoglobina pós-operatórios, Fadiga mensurada no questionário FACT-An, Qualidade de vida geral mensurada pelo questionário SF-36, efeitos adversos, complicações pós-operatórias</text></passage><passage><infon key="section">public_title</infon><infon key="lang">pt-br</infon><offset>-1</offset><text>Uso do Ferro pela Veia no Pós-operatório da Abdominoplastia Após a Cirurgia de Redução de Estômago</text></passage><passage><infon key="section">scientific_title</infon><infon key="lang">pt-br</infon><offset>-1</offset><text>Uso do Ferro Endovenoso no Pós-operatório da Abdominoplastia após a Cirurgia Bariátrica</text></passage><passage><infon key="section">freetext</infon><infon key="lang">pt-br</infon><offset>-1</offset><text>Vinte e oito pacientes do grupo estudo receberão duas aplicações de 200 mg de sulfato ferro por via endovenosa no pós-operatório da abdominoplastia pós-bariárica, a primeira aplicação será feita no pós-operatório imediato e a segunda no primeiro dia pós-operatório. 
Vinte e oito pacientes do grupo controle ativo receberão suplementação de sulfato ferroso por via oral no pós-operatório na dose de 1 comprimido de 100 mg de 12/12h por 8 semanas. </text></passage><passage><infon key="section">inclusion_criteria</infon><infon key="lang">pt-br</infon><offset>-1</offset><text>Tamanho da amostra alvo: 56 pacientes, Mulheres; 18 a 55 anos; Submetidas a cirurgia bariátrica prévia; IMC inferior a 32 kg/m2; estabilidade da perda de peso por pelo menos 6 meses</text></passage><passage><infon key="section">exclusion_criteria</infon><infon key="lang">pt-br</infon><offset>-1</offset><text>tabagismo; colelitíase evidenciada na ultrassonografia; doenças sistêmicas não controladas; doenças da medula óssea; desordens hematológicas; presença de insuficiência renal ou hepática; infecção aguda; uso prévio nos últimos 3 meses de ferro endovenoso; nível de hemoglobina inferior a 11,5 g/dL; nível de ferritina inferior a 11 ng/mL ou superior a 100 ng/mL; índice de saturação de transferrina inferior a 20% ou superior a 50 %; nível de vitamina B12 inferior a 210 pg/mL; nível de ácido fólico inferior a 3,3 ng/ml; nível de albumina inferior a 3g/dL; proteína C reativa ultrassensível superior a 5mg/L; volume corpuscular médio inferior a 80 fL. </text></passage></document></collection>