<?xml version="1.0" encoding="UTF-8"?><!DOCTYPE collection SYSTEM "BioC.dtd"><collection><source></source><date></date><key></key><document><id>RBR-45kv2n</id><passage><infon key="section">public_title</infon><infon key="lang">en</infon><offset>-1</offset><text>Comparison of hydrotherapy anddry land exercise associated with lasertherapy on pain relief, stretching and daily activities in elderly patients with knee osteoarthritis.</text></passage><passage><infon key="section">scientific_title</infon><infon key="lang">en</infon><offset>-1</offset><text>Comparison of physiotherapy aquatic and dry land exercise associated with low level laser therapy in perception of pain, flexibility and life daily activities in elderly with knee osteoarthritis: randomized clinical trial.</text></passage><passage><infon key="section">freetext</infon><infon key="lang">en</infon><offset>-1</offset><text>osteoarthrosis</text></passage><passage><infon key="section">freetext</infon><infon key="lang">en</infon><offset>-1</offset><text>Intervention programs have a duration of 12 weeks, with every three days a week and last approximately 30 minutes.
Laser therapy will be applied in five points around the knee joint, before the proposed activities in intervention programs.</text></passage><passage><infon key="section">inclusion_criteria</infon><infon key="lang">en</infon><offset>-1</offset><text>Volunteers knee osteoarthritis; both genders; age between 60 and 80 years.</text></passage><passage><infon key="section">exclusion_criteria</infon><infon key="lang">en</infon><offset>-1</offset><text>Volunteers with severe cardiac and respiratory diseases; fibromyalgia; epilepsy; knee replacement or hip; inability to walk independently; otitis; sores on the skin; mycoses; hydrophobia.</text></passage><passage><infon key="section">primary_outcome</infon><infon key="lang">en</infon><offset>-1</offset><text>It is expected to find in both groups of intervention programs increased in flexibility through Wells test (around 5 cm), decrease in pain assessed by visual analogue scale, reductions in scores on the WOMAC index / Western Ontario and McMaster Universities Osteoarthritis Index (from 20 to 30 points in most volunteers). In the control group it is expected that there are no changes in the values of any variable analyzed.</text></passage><passage><infon key="section">primary_outcome</infon><infon key="lang">pt-br</infon><offset>-1</offset><text>Espera-se encontrar em ambos os grupos participantes dos programas de intervenção um aumento da flexibilidade verificado por meio do teste de Wells (em torno de 5 cm), diminuição da sensação de dor avaliada pela escala visual análogica, reduções no escores obtidos por meio do índice de WOMAC/Western Ontario and McMaster Universities Osteoarthritis Index (entre 20 a 30 pontos na maioria dos voluntários). No grupo controle espera-se que não ocorra modificações nos valores de nenhuma variável analisada.</text></passage><passage><infon key="section">secondary_outcome</infon><infon key="lang">en</infon><offset>-1</offset><text>The results in both intervention groups are statistically better (considering p greater than 0.05) than the control group, the following variables: pain assessed by visual analogue scale, activities of daily living assessed by WOMAC index, flexibility through bank Wells, after the end of treatment.</text></passage><passage><infon key="section">secondary_outcome</infon><infon key="lang">pt-br</infon><offset>-1</offset><text>Espera-se que os resultados em ambos os grupos de intervenção sejam estatisticamente melhores (considerando p maior que 0,05) comparados ao grupo controle, nas seguintes variáveis: dor pela escala visual analógica, atividades de vida diária pelo índice de WOMAC, flexibilidade por meio do banco de Wells, após o término dos tratamentos. </text></passage><passage><infon key="section">public_title</infon><infon key="lang">pt-br</infon><offset>-1</offset><text>A comparação da hidroterapia e exercícios no solo associados à laserterapia na melhora da dor, alongamento e atividades cotidianas em idosos com artrose de joelho.</text></passage><passage><infon key="section">scientific_title</infon><infon key="lang">pt-br</infon><offset>-1</offset><text>A comparação dos programas de fisioterapia aquática e exercícios no ambiente terrestre associados à laserterapia de baixa potência na percepção da dor, flexibilidade e atividades de vida diária em idosos com osteoartrose de joelho: ensaio clínico randomizado</text></passage><passage><infon key="section">freetext</infon><infon key="lang">pt-br</infon><offset>-1</offset><text>Os programas de intervenção terão a duração de 12 semanas, com periodicidade de três dias por semana e cada sessão duração de aproximadamente 30 minutos.
A laserterapia será aplicada em 5 pontos ao redor da articulação do joelho (epicôndilos medial e lateral da tíbia e fêmur, espaço interarticular medial e lateral e tendão distal do músculo semitendíneo), antes das atividades propostas nos programas de intervenção.</text></passage><passage><infon key="section">inclusion_criteria</infon><infon key="lang">pt-br</infon><offset>-1</offset><text>Voluntários com osteoartrose de joelho; ambos os gêneros; idade entre 60 e 80 anos.</text></passage><passage><infon key="section">exclusion_criteria</infon><infon key="lang">pt-br</infon><offset>-1</offset><text>Voluntários com diagnostico de doenças cardíacas e respiratórias graves; diagnóstico de fibromialgia; diagnóstico de epilepsia; protadores de prótese de joelho ou quadril; incapacidade de caminhar; otite; apresentarem feridas na pele, micoses; hidrofobia.</text></passage></document></collection>