<?xml version="1.0" encoding="UTF-8"?><!DOCTYPE collection SYSTEM "BioC.dtd"><collection><source></source><date></date><key></key><document><id>RBR-2wz5kq</id><passage><infon key="section">public_title</infon><infon key="lang">en</infon><offset>-1</offset><text>Selenium Concentration in Blood and Inflammatory Activity in Critically Ill Children</text></passage><passage><infon key="section">scientific_title</infon><infon key="lang">en</infon><offset>-1</offset><text>Plasma Selenium Concentrations and Erythrocyte Glutathione Peroxidase Activity: Relationship to Inflamatory Response and Nutritional Status in Critically Ill Children</text></passage><passage><infon key="section">freetext</infon><infon key="lang">en</infon><offset>-1</offset><text>Undernutrition.</text></passage><passage><infon key="section">freetext</infon><infon key="lang">en</infon><offset>-1</offset><text>Observational study to assess selenium plasma concentrations and erytrocyte glutathione peroxidase activity in critically ill children, nourished and malnourished,  receiving enteral tube feeding. Sample size: 173 patients. The study was observational, no intervention. Performed the measurement of plasma selenium and glutathione peroxidase activity on admission and on the 5th. day of hospitalization in the intensive care unit. Evaluated for clinical severity scores (PIM and PELOD), the inflammatory response (C-reactive protein) and nutritional status of patients. There was no food or medication supplementation. The patients received usual nutritional support in the intensive care unit.</text></passage><passage><infon key="section">inclusion_criteria</infon><infon key="lang">en</infon><offset>-1</offset><text>Children admitted to the Pediatric Intensive Care Unit with a diagnosis of systemic inflammatory response syndrome, sepsis, septic shock or multiple organ systems.</text></passage><passage><infon key="section">exclusion_criteria</infon><infon key="lang">en</infon><offset>-1</offset><text>Neonates, children with chronic renal or hepatic impairment, and suspected inborn error of metabolism.</text></passage><passage><infon key="section">primary_outcome</infon><infon key="lang">en</infon><offset>-1</offset><text>Evaluation of requency and risk factors associated with low plasma selenium and glutathione peroxidase activity in red blood cells of critically ill children on admission and on the fifth day of hospitalization in the pediatric intensive care unit, considering the nutritional status and intensity of the inflammatory response. Nutritional status will be assessed by age, weight, height and their relationship on admission. The intensity of the inflammatory response will be assessed by measurement of plasma C-reactive protein on admission and on the fifth day of hospitalization. As a result, it is expected that patients with impaired nutrition (malnutrition) on admission and more intense inflammatory response during hospitalization have a lower plasma selenium concentration compared to patients without malnutrition and lower inflammatory response.</text></passage><passage><infon key="section">primary_outcome</infon><infon key="lang">pt-br</infon><offset>-1</offset><text>Avaliação da frequência e fatores de risco associados a baixas concentrações plasmáticas de selênio e a atividade de glutationa peroxidase na hemácia de crianças gravemente doentes na admissão e no quinto dia de a internação em unidade de cuidados intensivos pediátricos, considerando-se o estado nutricional e a intensidade da resposta inflamatória. O estado nutricional será avaliado pela idade, peso, estatura e suas relações na admissão. A intensidade da resposta inflamatória será avaliada através da dosagem plasmática de proteína c-reativa na admissão e no quinto dia de internação. Espera-se que os pacientes com comprometimento nutricional (desnutrição) na admissão e maior intensidade inflamatória durante a internação apresentem menor concentração plasmática de selênio em relação aos pacientes sem desnutrição e menor intensidade da resposta inflamatória.</text></passage><passage><infon key="section">secondary_outcome</infon><infon key="lang">en</infon><offset>-1</offset><text>No secundary outcomes.</text></passage><passage><infon key="section">secondary_outcome</infon><infon key="lang">pt-br</infon><offset>-1</offset><text>Não há desfechos secundários.</text></passage><passage><infon key="section">public_title</infon><infon key="lang">pt-br</infon><offset>-1</offset><text>Concentrações de Selênio no Sangue e Atividade Inflamatória em Crianças Gravemente Doentes </text></passage><passage><infon key="section">scientific_title</infon><infon key="lang">pt-br</infon><offset>-1</offset><text>Concentrações Plasmáticas de Selênio e Atividade de Glutationa Peroxidase Intraeritrocitária: Relação com Atividade Inflamatória e Estado Nutricional em Crianças Gravemente Doentes </text></passage><passage><infon key="section">freetext</infon><infon key="lang">pt-br</infon><offset>-1</offset><text>Estudo observacional para avaliação das concentrações plasmáticas de selênio e da atividade da glutationa peroxidase intra eritrocitária em crianças gravemente doentes, eutróficas e desnutridas, que recebem nutrição por sonda enteral. Tamanho da amostra: 173 pacientes. O estudo foi observacional, não houve intervenção. Realizada a dosagem plasmática de selênio e a atividade de glutationa peroxidase na admissão e no 5o. dia de internação na unidade de cuidados intensivos. Realizada avaliação da gravidade clínica (escores PIM e PELOD), da intensidade da resposta inflamatória (Proteína C-reativa) e do estado nutricional dos pacientes. Não houve suplementação alimentar ou medicamentosa. Os pacientes receberam o suporte nutricional habitual na unidade de cuidados intensivos.</text></passage><passage><infon key="section">inclusion_criteria</infon><infon key="lang">pt-br</infon><offset>-1</offset><text>Crianças admitidas na Unidade de Cuidados Intensivos Pediátricos com diagnóstico de síndrome da resposta inflamatória sistêmica, sepse, choque séptico ou disfunção de múltiplos órgãos e sistemas.</text></passage><passage><infon key="section">exclusion_criteria</infon><infon key="lang">pt-br</infon><offset>-1</offset><text>Foram excluídos neonatos, crianças com insuficiência renal ou hepática crônica, e suspeita de erro inato do metabolismo.</text></passage></document></collection>