<?xml version="1.0" encoding="UTF-8"?><!DOCTYPE collection SYSTEM "BioC.dtd"><collection><source></source><date></date><key></key><document><id>RBR-2dbzdy</id><passage><infon key="section">public_title</infon><infon key="lang">en</infon><offset>-1</offset><text>Early Neuromuscular Electrical Stimulation in Critically Ill Trauma Patients</text></passage><passage><infon key="section">scientific_title</infon><infon key="lang">en</infon><offset>-1</offset><text>Neuromuscular electrical stimulation in patients with Traumatic Brain Injury under prolonged mechanical ventilation: a Randomized Clinical Trial</text></passage><passage><infon key="section">freetext</infon><infon key="lang">en</infon><offset>-1</offset><text>Multiple Trauma
Intensive Care Units</text></passage><passage><infon key="section">freetext</infon><infon key="lang">en</infon><offset>-1</offset><text>Intervention Group (n=20): In addition to usual care, patients randomized to the NMES group received one daily session of electrical stimulation, in the afternoon, for five consecutive days (weekends included). NMES was conducted after ultrasound evaluation and blood sample acquisition. All patients were screened for physiologic stability before each NMES session. The session was deferred if patients had any of the following findings within three hours before the session: received a neuromuscular blocker infusion, documented acidosis (pH by arterial blood gas </text></passage><passage><infon key="section">inclusion_criteria</infon><infon key="lang">en</infon><offset>-1</offset><text>Major trauma patients were assessed for eligibility within the first 24 hours after hospital admission. Adults older than 18 years old with invasive mechanical ventilation were included.</text></passage><passage><infon key="section">exclusion_criteria</infon><infon key="lang">en</infon><offset>-1</offset><text>pregnancy; stroke; previous neuromuscular disease; suspicion of brain death; lower limb amputation, fracture or skin lesion that restrained ultrasound evaluation.</text></passage><passage><infon key="section">primary_outcome</infon><infon key="lang">en</infon><offset>-1</offset><text>Expected: Mean change in muscle quality (echogenicity), assessed by muscle ultrasound, based on a minimal variation of 15% in pre and post intervention; mean change in size (thickness), assessed by muscle ultrasound, based on a minimal variation of 8% in pre and post intervention.</text></passage><passage><infon key="section">primary_outcome</infon><infon key="lang">pt-br</infon><offset>-1</offset><text>Esperado: Diferença média de qualidade (ecointensidade) do músculo quadríceps, avaliada por ultrassom muscular, de ao menos 15% pré e pós-intervenção; diferença média de tamanho (espessura) do músculo quadríceps, avaliada por ultrassom muscular, de ao menos 8% pré e pós-intervenção.</text></passage><passage><infon key="section">primary_outcome</infon><infon key="lang">en</infon><offset>-1</offset><text>Observed: mean change in muscle quality (echogenicity), assessed by muscle ultrasound, of 32% in pre and post intervention; mean change in size (thickness), assessed by muscle ultrasound, based on a minimal variation of 15% in pre and post intervention.</text></passage><passage><infon key="section">primary_outcome</infon><infon key="lang">pt-br</infon><offset>-1</offset><text>Observado: Diferença média de qualidade (ecointensidade) do músculo quadríceps, avaliada por ultrassom muscular, de 32% pré e pós-intervenção; diferença média de tamanho (espessura) do músculo quadríceps, avaliada por ultrassom muscular, de 15% pré e pós-intervenção.</text></passage><passage><infon key="section">secondary_outcome</infon><infon key="lang">en</infon><offset>-1</offset><text>Expected: smaller decrease on circulating levels of IGF-I at intervention group (15%) compared to control group (30%).</text></passage><passage><infon key="section">secondary_outcome</infon><infon key="lang">pt-br</infon><offset>-1</offset><text>Esperado: menor redução dos níveis serviços de IGF-I no grupo intervenção (15%) comparado ao grupo controle (30%).</text></passage><passage><infon key="section">secondary_outcome</infon><infon key="lang">en</infon><offset>-1</offset><text>Observed: Smaller decrease on circulating levels of IGF-I at intervention group (18%) compared to control group (45%).</text></passage><passage><infon key="section">secondary_outcome</infon><infon key="lang">pt-br</infon><offset>-1</offset><text>Observado: Menor redução dos níveis serviços de IGF-I no grupo intervenção (18%) comparado ao grupo controle (45%).</text></passage><passage><infon key="section">public_title</infon><infon key="lang">pt-br</infon><offset>-1</offset><text>Eletroestimulação Neuromuscular Precoce em indivíduos politraumatizados criticamente enfermos</text></passage><passage><infon key="section">scientific_title</infon><infon key="lang">pt-br</infon><offset>-1</offset><text>Estimulação elétrica neuromuscular em pacientes com Traumatismo Crânio Encefálico sob ventilação mecânica prolongada: Ensaio Clínico Randomizado</text></passage><passage><infon key="section">freetext</infon><infon key="lang">pt-br</infon><offset>-1</offset><text>Grupo Intervenção (n=20): Somado ao cuidado habitual, os indivíduos randomizados no grupo NMES receberam uma sessão diária de eletroestimulação, no período vespertino, por cinco dias consecutivos (fins de semana inclusos). EENM foi realizada após avaliação por ecografia e aquisição das amostras sangüíneas. Todos os pacientes foram avaliados com referência à estabilidade fisiológica antes de cada sessão. A sessão não foi realizada se o paciente tivesse apresentado qualquer um dos seguintes sinais ou sintomas três horas antes da sessão: recebimento de bloqueador neuromuscular, acidose documentada (pH no sangue arterial </text></passage><passage><infon key="section">inclusion_criteria</infon><infon key="lang">pt-br</infon><offset>-1</offset><text>Pacientes politraumatizados foram avaliados para elegibilidade nas primeiras 24 horas após admissão hospitalar. Adultos com mais de 18 anos em ventilação mecânica invasiva foram incluídos.</text></passage><passage><infon key="section">exclusion_criteria</infon><infon key="lang">pt-br</infon><offset>-1</offset><text>gravidez; acidente vascular encefálico; doença neuromuscular prévia; suspeita de morte encefálica; amputação de membros inferiores, fratura ou lesão na pele que impedisse a avaliação por ultrassom.</text></passage></document></collection>