<?xml version="1.0" encoding="UTF-8"?><!DOCTYPE collection SYSTEM "BioC.dtd"><collection><source></source><date></date><key></key><document><id>RBR-57355w</id><passage><infon key="section">public_title</infon><infon key="lang">en</infon><offset>-1</offset><text>Evaluation of a new protocol of neuromuscular electrical stimulation.</text></passage><passage><infon key="section">scientific_title</infon><infon key="lang">en</infon><offset>-1</offset><text>Evaluation of safety and feasibility of a neuromuscular electrical stimulation protocol in ICU: a randomized controlled trial</text></passage><passage><infon key="section">freetext</infon><infon key="lang">en</infon><offset>-1</offset><text>Nervous system diseases, musculoskeletal diseases, atrophy</text></passage><passage><infon key="section">freetext</infon><infon key="lang">en</infon><offset>-1</offset><text> Patients of both sexes who were selected for the study will be randomized to the control group or the experimental group. Each group will have 20 subjects.

The control group will be submitted dayly to conventional physical therapy only twice a day for 30 minutes in each session. Patients in the experimental group will be submitted in addition to conventional therapy, a new neuromuscular electrical stimulation protocol based on chronaxie and application in various muscle groups.</text></passage><passage><infon key="section">inclusion_criteria</infon><infon key="lang">en</infon><offset>-1</offset><text>Patients older than 18 years undergoing  mechanical ventilation; APACHE II Score higher than 13. 

Target sample of 40 patients.</text></passage><passage><infon key="section">exclusion_criteria</infon><infon key="lang">en</infon><offset>-1</offset><text>Pregnancy; obesity (body mass index </text></passage><passage><infon key="section">primary_outcome</infon><infon key="lang">en</infon><offset>-1</offset><text>Primary outcomes The primary outcomes are changes in CPK levels, lactate and central venous O2 saturation (ScvO2). For this purpose, blood samples will be taken at the central venous access devices daily. It is expected that CPK levels to rise as well as the lactate and central venous oxygen saturation levels remain stable.Furthermore, it is expected that after the electrical stimulation, CPK levels do not exceed 1000 IU/L, lactate levels do not exceed 4 mmol/L and the percentages of SvcO2 do not fall below 65%. These values will be compared to the values found in the control group.   </text></passage><passage><infon key="section">primary_outcome</infon><infon key="lang">pt-br</infon><offset>-1</offset><text>Desfechos primários Os desfechos primários são as alterações nos valores de CPK, lactato e saturação venosa central de O2 (SVcO2). Para tanto, serão retiradas amostras de sangue no acesso venoso central  diariamente. Espera-se que os níveis de CPK se elevem assim como os de lactato e os níveis de saturação venosa central se mantenham estáveis.  Desfechos esperados: espera-se que após a estimulação elétrica os níveis CPK não ultrapassem 1000UI/L, os níveis de lactato não ultrapassem 4mmol/l e os percentuais de SVcO2 não caiam abaixo de 65%. Estes valores serão comparados aos valores encontrados no grupo controle.  </text></passage><passage><infon key="section">primary_outcome</infon><infon key="lang">en</infon><offset>-1</offset><text>Outcomes found:   there was no statistical difference between the control group and the experimental group, showing that the stimulation was safe.</text></passage><passage><infon key="section">primary_outcome</infon><infon key="lang">pt-br</infon><offset>-1</offset><text>Desfechos encontrados:   não houve diferença estatística entre o grupo controle e o grupo experimental demonstrando que a estimulação foi segura.</text></passage><passage><infon key="section">secondary_outcome</infon><infon key="lang">en</infon><offset>-1</offset><text>Secondary outcome The secondary endpoint will be the therapy feasibility. This will be evaluated by the time spent in the therapy. It is believed that the time spent in this therapy is high making it impossible to carry out with the current equipments.  </text></passage><passage><infon key="section">secondary_outcome</infon><infon key="lang">pt-br</infon><offset>-1</offset><text>Desfecho Secundário O desfecho secundário será a viabilidade da conduta. Isso será avaliado pelo tempo gasto para realizar a conduta. Acredita-se que o tempo gasto na conduta seja elevado inviabilizando a conduta com os equipamentos disponíveis no mercado.   </text></passage><passage><infon key="section">secondary_outcome</infon><infon key="lang">en</infon><offset>-1</offset><text>Outcome found:   the average time spent in the therapy per patient in the experimental group was 120 minutes demonstrating that the conduct is clinically infeasible.</text></passage><passage><infon key="section">secondary_outcome</infon><infon key="lang">pt-br</infon><offset>-1</offset><text>Desfecho encontrado:   o tempo médio de conduta por paciente no grupo experimental foi de 120 minutos demonstrando que a conduta é inviável clinicamente. </text></passage><passage><infon key="section">public_title</infon><infon key="lang">pt-br</infon><offset>-1</offset><text>Avaliação de um novo protocolo de estimulação elétrica neuromuscular.</text></passage><passage><infon key="section">scientific_title</infon><infon key="lang">pt-br</infon><offset>-1</offset><text>Avaliação da segurança e viabilidade do uso de um protocolo de Eletroestimulação Neuromuscular na UTI: um estudo randomizado e controlado</text></passage><passage><infon key="section">freetext</infon><infon key="lang">pt-br</infon><offset>-1</offset><text>Os pacientes de ambos os sexos que forem selecionados para a pesquisa serão randomizados para grupo controle ou grupo experimental. Cada grupo contará com 20 sujeitos.

O grupo controle será submetido diariamente apenas a fisioterapia convencional 2 vezes ao dia com duração média de 30 minutos cada sessão. Os pacientes do grupo experimental serão submetidos, al</text></passage><passage><infon key="section">inclusion_criteria</infon><infon key="lang">pt-br</infon><offset>-1</offset><text>Pacientes maiores de 18 anos em ventilação mecânica; Escore de APACHE II maior que 13.

Amostra alvo de 40 pacientes.</text></passage><passage><infon key="section">exclusion_criteria</infon><infon key="lang">pt-br</infon><offset>-1</offset><text>Gravidez; obesidade; (IMC </text></passage></document></collection>