<?xml version="1.0" encoding="UTF-8"?><!DOCTYPE collection SYSTEM "BioC.dtd"><collection><source></source><date></date><key></key><document><id>RBR-386qsg</id><passage><infon key="section">public_title</infon><infon key="lang">en</infon><offset>-1</offset><text>Influence of positive airway pressure in the range of reduced pressure after exercise in hypertensive Patients with Obstructive Sleep Apnea</text></passage><passage><infon key="section">scientific_title</infon><infon key="lang">en</infon><offset>-1</offset><text>Influence of positive airway pressure in the magnitude post-exercise hipotension in hypertensive patients with obstructive sleep apnea</text></passage><passage><infon key="section">freetext</infon><infon key="lang">en</infon><offset>-1</offset><text>Obstructive Sleep Apnea Syndrome, Hypertension</text></passage><passage><infon key="section">freetext</infon><infon key="lang">en</infon><offset>-1</offset><text>The study will be conducted with 30 patients with hypertension and obstructive sleep apnea where everyone will receive the same treatment and be evaluated before and after the intervention.
Patients carry out assessment of respiratory muscle strength (maximum inspiratory pressure and maximal expiratory pressure); peak expiratory flow; Epworth sleepiness scale.</text></passage><passage><infon key="section">inclusion_criteria</infon><infon key="lang">en</infon><offset>-1</offset><text>Sleep Apnea diagnosis, both genders, is between stage 1 and stage 3 hypertension; Being classified as Insufficiently active by Physical Activity Questionnaire; present classification in moderate to severe polysomnography; owning between 20 and 80 years, no history of previous lung disease, not present muscle damage, joint or bone that may compromise the partial or complete execution of any proposed exercise</text></passage><passage><infon key="section">exclusion_criteria</infon><infon key="lang">en</infon><offset>-1</offset><text>Be classified as active in international physical activity questionnaire; presence of chronic lung disease.</text></passage><passage><infon key="section">primary_outcome</infon><infon key="lang">en</infon><offset>-1</offset><text>Decreased systolic and diastolic blood pressure by ambulatory blood pressure monitoring (ABPM) at baseline and end of study, before and after intervention, considering variation of at least 5%</text></passage><passage><infon key="section">primary_outcome</infon><infon key="lang">pt-br</infon><offset>-1</offset><text>Diminuição da pressão arterial sistólica e diastólica, através da monitorização ambulatorial da pressão arterial(MAPA) no início do estudo e no final do estudo, antes e após intervenção, considerando variação de pelo menos 5%</text></passage><passage><infon key="section">secondary_outcome</infon><infon key="lang">en</infon><offset>-1</offset><text>Improvement in sleep quality assessed by the Epworth Sleepiness Scale; improvement in nocturnal blood pressure by ABPM (&gt; 10% and &lt;20%)</text></passage><passage><infon key="section">secondary_outcome</infon><infon key="lang">pt-br</infon><offset>-1</offset><text>Melhora na qualidade do sono avaliado através da escala de sonolência de Epworth; melhora do descenso noturno da pressão arterial através do MAPA(&gt;10% e &lt;20%)</text></passage><passage><infon key="section">public_title</infon><infon key="lang">pt-br</infon><offset>-1</offset><text>Influência da pressão positiva nas vias aéreas na amplitude da queda da pressão arterial após exercício em pacientes pressão alta e com Apnéia Obstrutiva do Sono</text></passage><passage><infon key="section">scientific_title</infon><infon key="lang">pt-br</infon><offset>-1</offset><text>Influência da pressão positiva nas vias aéreas na magnitude da hipotensão pós-exercício em pacientes hipertensas com Apnéia Obstrutiva do Sono

</text></passage><passage><infon key="section">freetext</infon><infon key="lang">pt-br</infon><offset>-1</offset><text>O estudo será realizado com 30 pacientes com hipertensão e apnéia obstrutiva do sono onde, todos receberão o mesmo tratamento e serão avaliados antes e depois da intervenção.
Os pacientes realizarão avaliação da força muscular respiratória (Pressão inspiratória máxima e pressão expiratória máxima); pico de fluxo expiratório; escala de sonolência de Epworth.</text></passage><passage><infon key="section">inclusion_criteria</infon><infon key="lang">pt-br</infon><offset>-1</offset><text>Diagnóstico  de apnéiado sono;ambos os gêneros;estar entre hipertensão estágio 1 e estágio 3;Ser classificada como Insuficientemente ativo pelo questionário internacional de atividade física; apresentar classificação na polisonografia moderada a severa;possuir entre 20 e 80 anos; não apresentar doença pulmonar prévia; não apresentar dano muscular, articular ou ósseo que possa comprometer a execução parcial ou total de algum exercício proposto
</text></passage><passage><infon key="section">exclusion_criteria</infon><infon key="lang">pt-br</infon><offset>-1</offset><text>Ser classificado como ativo no questionário internacional de atividade física; presença de doença pulmonar crônica.
</text></passage></document></collection>