<?xml version="1.0" encoding="UTF-8"?><!DOCTYPE collection SYSTEM "BioC.dtd"><collection><source></source><date></date><key></key><document><id>RBR-5tzcnw</id><passage><infon key="section">public_title</infon><infon key="lang">en</infon><offset>-1</offset><text>Influence of the depression treatment with escitalopram in mild to moderate arterial hypertension</text></passage><passage><infon key="section">scientific_title</infon><infon key="lang">en</infon><offset>-1</offset><text>Influence of the depression treatment with escitalopram in mild to moderate arterial hypertension</text></passage><passage><infon key="section">freetext</infon><infon key="lang">en</infon><offset>-1</offset><text>essential (primary) hypertension; depressive episode, unspecified </text></passage><passage><infon key="section">freetext</infon><infon key="lang">en</infon><offset>-1</offset><text>Active group: 15 persons with high pressure and depression received escitalopram until 20 mg/day for 8 weeks.
Control group: 15 persons with high pressure and depression received placebo until 2 capsules/day for 8 weeks.</text></passage><passage><infon key="section">inclusion_criteria</infon><infon key="lang">en</infon><offset>-1</offset><text>18 to 65 years; arterial hypertension stage 1 or 2; major depressive disorder
</text></passage><passage><infon key="section">exclusion_criteria</infon><infon key="lang">en</infon><offset>-1</offset><text>Liver insuficiency; cardiac insuficiency, renal insuficiency; secundary arterial hypertension; use of psycotropics; psychotic disorder; alcohol or substances disorder; suicide risk</text></passage><passage><infon key="section">primary_outcome</infon><infon key="lang">en</infon><offset>-1</offset><text>Expected primary outcome: alteration in the follow parameters: systolic arterial pressure times 0 to 4, ; diference in systolic arterial pressure between times 0 to 1 and 1 to 4</text></passage><passage><infon key="section">primary_outcome</infon><infon key="lang">pt-br</infon><offset>-1</offset><text>Desfecho primário esperado: alteração nos seguintes parâmetros: pressão arterial sistólica no início e após 8 semanas;a diferença de pressão arterial sistólica entre o início e após 2 semanas e após 2 e 8 semanas</text></passage><passage><infon key="section">primary_outcome</infon><infon key="lang">en</infon><offset>-1</offset><text>Expected primary outcome:dyastolic arterial pressure times 0 to 4; diference in dyastolic arterial pressure between times 0 to 1 and 1 to 4.</text></passage><passage><infon key="section">primary_outcome</infon><infon key="lang">pt-br</infon><offset>-1</offset><text>Desfecho primário esperado: a pressão arterial diastólica no início e após 8 semanas ; a diferença de pressão arterial diastólica entre o início e 2 semanas e após 2 e 8 semanas.</text></passage><passage><infon key="section">primary_outcome</infon><infon key="lang">en</infon><offset>-1</offset><text>Observed outcome: significative fall in the diference of the systolic arterial pressure between times 1 to 4(( ?t1-t4: 20,07± 13,45 mmHgx 9,43± 14,87  mmHg? p=0,04).</text></passage><passage><infon key="section">primary_outcome</infon><infon key="lang">pt-br</infon><offset>-1</offset><text>Desfecho  primário observado: ocorreu uma queda significativa na diferença de pressão arterial sistólica entre a segunda e oitava semanas ( 20,07± 13,45 mmHg x 9,43± 14,87 mmHg p=0,04).</text></passage><passage><infon key="section">primary_outcome</infon><infon key="lang">en</infon><offset>-1</offset><text>observed outcome: there were no statistical difference of the systolic arterial pressure in the following parameters; beginning 139,0mmHg±13,39 x 146,7±11,49 p=0,1; second week 155,4mmHg±16,74 x 153,8±12,44 p=0,77; fourth week 142,0mmHg±16,83 x 142,4±15,65 p=0,94; sixth week 138,1±17,27 x 145,0±14,90 p=0,25; eight week 135,3mmHg±16,40 x 144,4mmHg ±13,15 p=0,1; difference between beginning and second week 16,3mmHg ±14,54 x 7,1 ±11,85 p=0,065.  </text></passage><passage><infon key="section">primary_outcome</infon><infon key="lang">pt-br</infon><offset>-1</offset><text>Desfecho primário observado: não ocorreu diferenças estatisticamente significativas na pressão arterial sistólica nos seguintes parâmetros; início 139,0mmHg±13,39 x 146,7±11,49 p=0,1; segunda semana 155,4mmHg±16,74 x 153,8±12,44 p=0,77; quarta semana 142,0mmHg±16,83 x 142,4±15,65 p=0,94; sexta semana 138,1±17,27 x 145,0±14,90 p=0,25; oitava semana 135,3mmHg±16,40 x 144,4mmHg ±13,15 p=0,1; diferença entre início e segunda semana 16,3mmHg ±14,54 x 7,1 ±11,85 p=0,065. </text></passage><passage><infon key="section">primary_outcome</infon><infon key="lang">en</infon><offset>-1</offset><text>observed outcome: there were no statistical difference of the dyastolic arterial pressure in the following parameters; beginning 79,1mmHg ±9,66 x 82,1mmHg ±9,79, p=0,41; second week 90,6mmHg ± 12,88 x 85,6mmHg  ±9,15 p=0,22; fourth week 86,8mmHg ± 13,02 x 80,4mmHg ±13,71 p=0,2; sixth week 81,3mmHg ± 11,69 x 82,0mmHg ±13,24 p=0,88; eight week 80,3mmHg ± 12,80 x 80,6mmHg ± 13,37 p=0,96; difference between beginning and second week 16,3mmHg ±14,54 x 7,1mmHg ±  11,85 p=0,065; difference between beginning and eight week 10,2mmHg ± 6,27 x 5,0mmHg ± 9,41, p=0,089. </text></passage><passage><infon key="section">primary_outcome</infon><infon key="lang">pt-br</infon><offset>-1</offset><text>Desfecho primário observado:não ocorreu diferenças estatisticamente significativas na pressão arterial diastólica nos seguintes parâmetros; início 79,1mmHg ±9,66 x 82,1mmHg ±9,79, p=0,41; segunda semana 90,6mmHg ± 12,88 x 85,6mmHg  ±9,15 p=0,22; quarta semana 86,8mmHg ± 13,02 x 80,4mmHg ±13,71 p=0,2; sexta semana 81,3mmHg ± 11,69 x 82,0mmHg ±13,24 p=0,88; oitava semana 80,3mmHg ± 12,80 x 80,6mmHg ± 13,37 p=0,96; diferença entre início e segunda semana 16,3mmHg ±14,54 x 7,1mmHg ±  11,85 p=0,065; diferença entre segunda e oitava semanas 10,2mmHg ± 6,27 x 5,0mmHg ± 9,41, p=0,089. </text></passage><passage><infon key="section">secondary_outcome</infon><infon key="lang">en</infon><offset>-1</offset><text>Expected secundary outcome: alteration in cardiac frequency times 0,1,2,3,4. </text></passage><passage><infon key="section">secondary_outcome</infon><infon key="lang">pt-br</infon><offset>-1</offset><text>Desfecho secundário esperado: alteração na frequência cardíaca entre o início, 2 semanas, 4 semanas, 6 semanas e 8 semanas.</text></passage><passage><infon key="section">secondary_outcome</infon><infon key="lang">en</infon><offset>-1</offset><text>Observed secundary outcome: cardiac frequency time 4 lower on escitalopram group than placebo:escitalopram 66,88 ± 9,62 bpm x placebo 74,19 ± 9,55 bpm, p= 0,04.</text></passage><passage><infon key="section">secondary_outcome</infon><infon key="lang">pt-br</infon><offset>-1</offset><text>Desfecho secundário observado: a frequência cardíaca na oitava semana foi menor no grupo escitalopram do que no grupo placebo: escitalopram 66,88 ± 9,62 bpm x placebo 74,19 ± 9,55 bpm, p= 0,04.</text></passage><passage><infon key="section">public_title</infon><infon key="lang">pt-br</infon><offset>-1</offset><text>Influência do uso de escitalopram no tratamento de pacientes com depressão e
hipertensão arterial sistêmica</text></passage><passage><infon key="section">scientific_title</infon><infon key="lang">pt-br</infon><offset>-1</offset><text>Influência do uso de Escitalopram no tratamento de pacientes com Depressão e
Hipertensão Arterial Sistêmica</text></passage><passage><infon key="section">freetext</infon><infon key="lang">pt-br</infon><offset>-1</offset><text>Grupo experimental: 15 indivíduos hipertensos e deprimidos receberam escitalopram ate 20 mg/dia por 8 semanas.
Grupo controle: 15 indivíduos hipertensos e deprimidos receberam placebo até 2 cápsulas/dia por 8 semanas.</text></passage><passage><infon key="section">inclusion_criteria</infon><infon key="lang">pt-br</infon><offset>-1</offset><text>Idade entre 18 e 65 anos; hipertensão arterial sistêmica estágio 1 ou 2; episódio depressivo.</text></passage><passage><infon key="section">exclusion_criteria</infon><infon key="lang">pt-br</infon><offset>-1</offset><text>Hepatopatia; insuficiência cardíaca congestiva; insuficiência renal crônica; infarto agudo do miocárdio; hipertensão arterial sistêmica secundária; uso de fármacos psicotrópicos; transtorno psicótico; abuso de álcool ou drogas ilícitas; risco de suicídio.</text></passage></document></collection>