<?xml version="1.0" encoding="UTF-8"?><!DOCTYPE collection SYSTEM "BioC.dtd"><collection><source></source><date></date><key></key><document><id>RBR-28s4hz</id><passage><infon key="section">public_title</infon><infon key="lang">en</infon><offset>-1</offset><text>Complementary Therapies to reduce stress  and anxiety and to improve quality of life</text></passage><passage><infon key="section">scientific_title</infon><infon key="lang">en</infon><offset>-1</offset><text>Applicability of Complementary Therapies to reduce pain, stress, anxiety and improving quality of life</text></passage><passage><infon key="section">freetext</infon><infon key="lang">en</infon><offset>-1</offset><text>Anxiety</text></passage><passage><infon key="section">freetext</infon><infon key="lang">en</infon><offset>-1</offset><text>Experimental group: 30 subjects from the  ITIO Reiki Clinic will receive Gan May Da Zao, 2 bottles (50 ml) in an alcoholic extract, 15 drops 3 times a day, diluted in water, for 1 month.
Placebo group: 30 subjects from the ITIO Reiki Clinic will receive 2 bottles of placebo. It is comprised of mineral water and brandy, a base used in floral therapy, 15 drops, 3 times a day, diluted in water, for 1 month.</text></passage><passage><infon key="section">inclusion_criteria</infon><infon key="lang">en</infon><offset>-1</offset><text>•	Inclusion Criteria: The patients who are treated by the ITIO Reiki Clinic between June and September of 2015 will be invited and 90 people will be randomized (80% power and 95% confidence interval), which have middle and  high level of stress score on the Stress Symptoms List (LSS) </text></passage><passage><infon key="section">exclusion_criteria</infon><infon key="lang">en</infon><offset>-1</offset><text>•	Exclusion Criteria: pregnant women; subjects who go on vacation or sick leave during the research period; those who begin to use allopathic medicines for anxiety and antidepressants or other energy therapies to manage stress and anxiety. Those who are receiving psychological therapy, however, won’t be excluded and will be oriented to continue such treatment.</text></passage><passage><infon key="section">primary_outcome</infon><infon key="lang">en</infon><offset>-1</offset><text>Reducing stress levels according to the Stress Symptoms List in the pre and post measurements using Chinese herbal medicine for 4 weeks considering a variation of at least 5%</text></passage><passage><infon key="section">primary_outcome</infon><infon key="lang">pt-br</infon><offset>-1</offset><text>Redução dos níveis de estresse no período de 4 semanas segundo a Lista de Sintomas de Stress, nas medições pré e pós utilização de fitoterápico chinês, considerando-se uma variação de pelo menos 5%</text></passage><passage><infon key="section">secondary_outcome</infon><infon key="lang">en</infon><offset>-1</offset><text>Improvement of physical and mental domains according to Quality of Life Questionnaire (SF12) in the pre and post measurements using Chinese herbal medicine for 4 weeksconsidering a variation of at least 5%</text></passage><passage><infon key="section">secondary_outcome</infon><infon key="lang">pt-br</infon><offset>-1</offset><text>Melhoria dos domínios físico e mental segundo Questionário de Qualidade de Vida (SF12) nas medições pré e pós utilização de fitoterápico chinês por 4 semanas, considerando-se uma variação de pelo menos 5%</text></passage><passage><infon key="section">secondary_outcome</infon><infon key="lang">en</infon><offset>-1</offset><text>Reducing anxiety levels according to the Trait State Anxiety Inventory in the pre and post measurements using Chinese herbal medicine for 4 weeks considering a variation of at least 5%</text></passage><passage><infon key="section">secondary_outcome</infon><infon key="lang">pt-br</infon><offset>-1</offset><text>Redução dos níveis de ansiedade segundo Inventário de Ansiedade Traço e Estado, nas medições pré e pós utilização de fitoterápico chinês por 4 semanas, considerando-se uma variação de pelo menos 5%</text></passage><passage><infon key="section">public_title</infon><infon key="lang">pt-br</infon><offset>-1</offset><text>Práticas Complementares para redução dos níveis de estresse, ansiedade e melhoria de qualidade de vida</text></passage><passage><infon key="section">scientific_title</infon><infon key="lang">pt-br</infon><offset>-1</offset><text>Aplicabilidade das Práticas Complementares para redução de dor, estresse, ansiedade e melhoria de qualidade de vida</text></passage><passage><infon key="section">freetext</infon><infon key="lang">pt-br</infon><offset>-1</offset><text>Grupo Experimental: 30 sujeitos do ambulatório de Reiki do ITIO receberão a fórmula Gan Mai Da Zao, 2 frascos de 50 ml em tintura alcoólica, 15 gotas 3 vezes ao dia, diluído em água, por 1 mês. 
Grupo placebo: 30 sujeitos do ambulatório de Reiki do ITIO receberão dois frascos de Placebo, composto por água mineral e brandy, base utilizada frequentemente na terapia floral, 15 gotas 3 vezes ao dia, diluído em água, por 1 mês. </text></passage><passage><infon key="section">inclusion_criteria</infon><infon key="lang">pt-br</infon><offset>-1</offset><text>•	Critérios de inclusão: Serão convidados os pacientes do ambulatório de Reiki que forem tratados no período de Junho a Setembro de 2015, e serão randomizadas 90 pessoas (80% de poder de amostra e um nível de confiança de 95%), que obtiverem um escore de stress médio e alto, segundo a Lista de Sintomas Stress (LSS) </text></passage><passage><infon key="section">exclusion_criteria</infon><infon key="lang">pt-br</infon><offset>-1</offset><text>•	Critérios de exclusão: mulheres grávidas, aqueles que saírem de férias ou licença médica durante o período da pesquisa; aqueles que começarem a fazer uso de medicamentos alopáticos como ansiolíticos e antidepressivos ou aqueles que começarem outras terapêuticas energéticas para redução de estresse e ansiedade. Entretanto, não serão descartados aqueles que já realizavam terapias psicológicas, a quem será orientado que continuem seu tratamento normalmente. </text></passage></document></collection>