<?xml version="1.0" encoding="UTF-8"?><!DOCTYPE collection SYSTEM "BioC.dtd"><collection><source></source><date></date><key></key><document><id>RBR-4xdkq4</id><passage><infon key="section">public_title</infon><infon key="lang">en</infon><offset>-1</offset><text>Changes in muscle strength in elderly women after Kabat based training</text></passage><passage><infon key="section">scientific_title</infon><infon key="lang">en</infon><offset>-1</offset><text>Analysis of change in muscle conditioning before and after Kabat Proprioceptive Neuromuscular Facilitation based training in a elderly population</text></passage><passage><infon key="section">freetext</infon><infon key="lang">en</infon><offset>-1</offset><text>Muscle strength </text></passage><passage><infon key="section">freetext</infon><infon key="lang">en</infon><offset>-1</offset><text>Five subjects were randomized to each arm. The control group subjects were evaluated by measuring muscle strength by dynamometer analog during contraction 2 times within 5 weeks. The experimental group performed similar test, with the addition of training based on Proprioceptive Neuromuscular Facilitation during 5 weeks, 3 times per week in sessions of 50 minutes duration. The evaluator muscle strength was blind to the distribution of subjects.</text></passage><passage><infon key="section">inclusion_criteria</infon><infon key="lang">en</infon><offset>-1</offset><text>Women, physically active, aged between 60 and 70 years, healthy, no history of surgery or chronic pathologies such as systemic arterial hypertension and diabetes.</text></passage><passage><infon key="section">exclusion_criteria</infon><infon key="lang">en</infon><offset>-1</offset><text>Suffering from chronic diseases of any kind; history of surgery; sedentary, they do not agree with the terms of the research.</text></passage><passage><infon key="section">primary_outcome</infon><infon key="lang">en</infon><offset>-1</offset><text>It is expected that the experimental group has muscle strength gains than the control group after the trial period, measured by analog dynamometer before and after the intervention period, compared to the control group. </text></passage><passage><infon key="section">primary_outcome</infon><infon key="lang">pt-br</infon><offset>-1</offset><text>Espera-se que o grupo experimental tenha ganhos de força muscular superiores ao grupo controle após período experimental, mensurados com dinamometria analógica antes e após o período de intervenção, comparados ao grupo controle. </text></passage><passage><infon key="section">secondary_outcome</infon><infon key="lang">en</infon><offset>-1</offset><text>Improving muscular strength by Proprioceptive Neuromuscular Facilitation</text></passage><passage><infon key="section">secondary_outcome</infon><infon key="lang">pt-br</infon><offset>-1</offset><text>Melhoria da força muscular através da facilitação Neuromuscular Proprioceptiva</text></passage><passage><infon key="section">public_title</infon><infon key="lang">pt-br</infon><offset>-1</offset><text>Alteração da força no músculo de idosas depois de treinamento com Método Kabat</text></passage><passage><infon key="section">scientific_title</infon><infon key="lang">pt-br</infon><offset>-1</offset><text>Análise da alteração do condicionamento muscular baseado antes e após treinamento de Kabat de Facilitação Neuromuscular Proprioceptiva numa população de idosas</text></passage><passage><infon key="section">freetext</infon><infon key="lang">pt-br</infon><offset>-1</offset><text>Foram distribuídos aleatoriamente 5 sujeitos para cada braço. Os sujeitos do grupo controle tiveram avaliada a força muscular através de medição por dinamômetro analógico durante a contração 2 vezes num espaço de 5 semanas. Os participantes do grupo experimental realizaram semelhante teste, com o acréscimo de treinamento baseado na Facilitação Neuromuscular Proprioceptiva durante as 5 semanas, 3 vezes por semana, em sessões de 50 minutos de duração. O avaliador da força muscular era cego em relação à distribuição dos sujeitos.</text></passage><passage><infon key="section">inclusion_criteria</infon><infon key="lang">pt-br</infon><offset>-1</offset><text>Mulheres; fisicamente ativas; idade entre 60 e 70 anos; sadias; sem histórico cirúrgico ou de patologias crônicas como hipertensão arterial sistêmica e diabetes.</text></passage><passage><infon key="section">exclusion_criteria</infon><infon key="lang">pt-br</infon><offset>-1</offset><text>Portadoras de patologias crônicas de quaisquer tipos; histórico de cirurgia; sedentárias, que não concordem com os termos da pesquisa.</text></passage></document></collection>