<?xml version="1.0" encoding="UTF-8"?><!DOCTYPE collection SYSTEM "BioC.dtd"><collection><source></source><date></date><key></key><document><id>RBR-4vrz2m</id><passage><infon key="section">public_title</infon><infon key="lang">en</infon><offset>-1</offset><text>Evaluation of DNA damage in anesthesiologists</text></passage><passage><infon key="section">scientific_title</infon><infon key="lang">en</infon><offset>-1</offset><text>Damage assessment in the genetic material in anesthesiologists</text></passage><passage><infon key="section">freetext</infon><infon key="lang">en</infon><offset>-1</offset><text>DNA damage of anesthesiologists.</text></passage><passage><infon key="section">freetext</infon><infon key="lang">en</infon><offset>-1</offset><text>Experimental group: 30 medical occupationally exposed to residues of inhaled anesthetics.
Control group: 30 medical nonexposed waste of inhaled anesthetics.</text></passage><passage><infon key="section">inclusion_criteria</infon><infon key="lang">en</infon><offset>-1</offset><text>Anesthesiologists to compose the exposed group medical and clinical settings to compose the control group; healthy volunteers; both genders; non-smoking; age between 23 to 75 years.</text></passage><passage><infon key="section">exclusion_criteria</infon><infon key="lang">en</infon><offset>-1</offset><text>Malignants diseases; infectious diseases; inflammatory diseases; alcohol consumption; use of tobacco; illicit drug use; use of medications; use of vitamin supplementation; radiation exposure.</text></passage><passage><infon key="section">primary_outcome</infon><infon key="lang">en</infon><offset>-1</offset><text>It is expected to find increased DNA damage in the exposed group of participants through the comet assay in lymphocytes analyzed by fluorescence microscopy images with the aid of a software capable of detecting the intensity of the tail, and the higher the tail damage . Increase of cytogenetic damage in the DNA of the exposed participants are also expected by the micronucleus test in the oral mucosa cells, assessed by light microscopy and determined by the presence of micronuclei and nuclear buds by manual counting. The results from both tests are comparative between the exposed and control groups for significant difference check.</text></passage><passage><infon key="section">primary_outcome</infon><infon key="lang">pt-br</infon><offset>-1</offset><text>É esperado encontrar aumento de danos no DNA dos participantes do grupo exposto através do teste do cometa em linfócitos, analisados por imagens em microscopia de fluorescência com auxilio de um software capaz de detectar a intensidade da cauda, sendo que quanto maior a cauda maior o dano. Aumento de danos citogenéticos no DNA dos participantes do grupo exposto também são esperados pelo teste do micronúcleo em células da mucosa oral, avaliados por microscopia óptica e determinadas pela presença de micronúcleos e brotos nucleares por meio de contagem manual. Os resultados obtidos em ambos os testes são comparativos entre o grupo exposto e grupo controle para verificação de diferença significativa.</text></passage><passage><infon key="section">secondary_outcome</infon><infon key="lang">en</infon><offset>-1</offset><text>Are not expected.</text></passage><passage><infon key="section">secondary_outcome</infon><infon key="lang">pt-br</infon><offset>-1</offset><text>Não são esperados.</text></passage><passage><infon key="section">public_title</infon><infon key="lang">pt-br</infon><offset>-1</offset><text>Avaliação de danos no DNA em anestesiologistas</text></passage><passage><infon key="section">scientific_title</infon><infon key="lang">pt-br</infon><offset>-1</offset><text>Avaliação de danos no material genético em anestesiologistas</text></passage><passage><infon key="section">freetext</infon><infon key="lang">pt-br</infon><offset>-1</offset><text>Grupo experimental: 30 médicos expostos ocupacionalmente aos resíduos de anestésicos inalatórios.
Grupo controle: 30 médicos não expostos ocupacionalmente aos resíduos de anestésicos inalatórios.</text></passage><passage><infon key="section">inclusion_criteria</infon><infon key="lang">pt-br</infon><offset>-1</offset><text>Médicos anestesiologistas para compor o grupo exposto e médicos de atuação clínica para compor o grupo controle; voluntários sadios; ambos os gêneros; não fumantes; idade entre 23 a 75 anos.</text></passage><passage><infon key="section">exclusion_criteria</infon><infon key="lang">pt-br</infon><offset>-1</offset><text>Doenças malignas; doenças infecciosas; doenças inflamatórias; consumo de álcool; uso de tabaco; uso de drogas ilícitas; uso de medicamentos; uso de suplementação vitamínica; exposição à radiação.</text></passage></document></collection>