<?xml version="1.0" encoding="UTF-8"?><!DOCTYPE collection SYSTEM "BioC.dtd"><collection><source></source><date></date><key></key><document><id>RBR-4w6v2c</id><passage><infon key="section">public_title</infon><infon key="lang">en</infon><offset>-1</offset><text>Evaluation of the Impact of neuromodulators on urinary, intestinal and sexual functions and on spasticity in spinal cord injured individuals</text></passage><passage><infon key="section">scientific_title</infon><infon key="lang">en</infon><offset>-1</offset><text>Impact of lumbosacral plexus stimulation by means of laparoscopically implanted eletrodes on urinary, intestinal and vasomotor functions and on lower limb and pelvic floor spasticity and sleep quality in spinal cord injured individuals</text></passage><passage><infon key="section">freetext</infon><infon key="lang">en</infon><offset>-1</offset><text>Thoracic traumatic spinal cord injury, sequelae of injury of spinal cord </text></passage><passage><infon key="section">freetext</infon><infon key="lang">en</infon><offset>-1</offset><text>Study group: 20 persons with traumatic spinal cord injury will receive the neuromodulator implant on the sciatic, pudendal and femoral nerves laparoscopically and two weekly sessions of motor physical therapy and one weekly session of pelvic floor physiotherapy for 12 months. Control group: 20 persons with traumatic spinal cord injury receive only the two weekly sessions of physical therapy and a weekly session of pelvic floor physiotherapy, 12 months</text></passage><passage><infon key="section">inclusion_criteria</infon><infon key="lang">en</infon><offset>-1</offset><text>Individuals aging 18 to 60 years, with partial or complete spinal cord injury ASIA (American Spinal Injury Association) score A or B, in clean intermitent self-catheterization and/or with urinary incontinence and neurologically stable for more than one year.</text></passage><passage><infon key="section">exclusion_criteria</infon><infon key="lang">en</infon><offset>-1</offset><text>Subjects with the following characteristics will be excluded:  urodynamic bladder atonia; suspicion of vesicoureteral reflux prior to the spinal cord injury;	Diabetes Mellitus, compensated or not;	congenital or acquired immunodeficiency; known or suspected malignancy; history of rectossigmoidectomy, colectomy, or other gastrointestinal surgeries that can cause changes in bowel habits, stool anal continence or function; history of surgical treatment of uterovaginal prolapse, urinary incontinence, bladder augmentation procedures or other procedures associated with dysfunctional voiding (urethrotomy etc.); history of prostatectomy, transurethral resection of the prostate or prostatic other invasive procedures except biopsy; history of central or peripheral procedures neuroablative as rizotomy, cordotomy etc.;	uterovaginal prolapse, rectal or urethral;	cystostomy; anal or urethral stenosis.</text></passage><passage><infon key="section">primary_outcome</infon><infon key="lang">en</infon><offset>-1</offset><text>Increase on maximum cystometric capacity and bladder compliance as assessed by urodynamic study; increase on voided volume and decrease on the number of incontinence episodes and need for bladder catheterization; improvement of quality of life related to bladder function, as assessed by the Qualiveen questionnaire; improvement in spasticity as assessed by the SCATS system (Spinal Cord Assessment Tool for Spastic Reflexes)</text></passage><passage><infon key="section">primary_outcome</infon><infon key="lang">pt-br</infon><offset>-1</offset><text>Aumento da capacidade cistométrica máxima e complacência vesical avaliadas pelo estudo urodinâmico; aumento do volume urinado e diminuição do número de episódios de incontinência e necessidade de sondagem vesical; melhora da qualidade de vida relacionada à função vesical, avaliada por meio do questionário Qualiveen; melhora da espasticidade avaliada pelo sistema SCATS (Spinal Cord Assessment Tool for Spastic Reflexes)</text></passage><passage><infon key="section">secondary_outcome</infon><infon key="lang">en</infon><offset>-1</offset><text>Increased rectal sensitivity and capacity evaluated by intrarretal balloon; improvement of pelvic floor muscle function measured by digital palpation and intracavitary electromyography; improved sexual function in men evaluated by International Index of Erectile Function questionnaire, and in women at the Female Sexual Function Index questionnaire; histological changes of the femoral rectus muscles by biopsy; increased active range of motion of the lower limbs and trunk measured by goniometry; changes in patterns of gait and balance evaluated by Barthel scale; improvement in overall sleep quality assessed by the Pittsburgh questionnaire validated Brazilian Portuguese and also of daytime sleepiness measured by the Epworth questionnaire validated for the Brazilian Portuguese; improved body image assessed by testing the Human Figure Drawing.</text></passage><passage><infon key="section">secondary_outcome</infon><infon key="lang">pt-br</infon><offset>-1</offset><text>Aumento da sensibilidade e capacidade Retais avaliada por meio de balão intrarretal; melhora da função muscular do assoalho pélvico medidas através de palpação digital e também da eletromiografia intracavitária; melhora da função sexual avaliada em homens pelo questionário International Index of Erectile Function e, em mulheres, pelo questionário Female Sexual Function Index; alteração histológica dos músculos reto-femorais por meio de biópsia; aumento da amplitude de movimento ativa dos membros inferiores e tronco através de goniometria; mudanças nos padrões de marcha e equilíbrio avaliadas através da escala de Barthel; melhora da qualidade do sono geral avaliada por questionário Pittsburgh validado para o português brasileiro e também da sonolência diurna por meio do questionário Epworth validado para o português brasileiro; melhora da imagem corporal avaliada por meio do teste do Desenho da Figura Humana.</text></passage><passage><infon key="section">public_title</infon><infon key="lang">pt-br</infon><offset>-1</offset><text>Avaliação do impacto da neuromodulação nas funções urinária, intestinal e sexual e na espasticidade de pessoas com lesão medular</text></passage><passage><infon key="section">scientific_title</infon><infon key="lang">pt-br</infon><offset>-1</offset><text>Impacto da eletroestimulação de nervos lombossacrais, por meio da implantação laparoscópica de eletroestimuladores, nas funções vesical, intestinal, vasomotora e sexual, na espasticidade muscular do assoalho pélvico e dos membros inferiores e na qualidade do sono de pessoas com Lesão Raquimedular</text></passage><passage><infon key="section">freetext</infon><infon key="lang">pt-br</infon><offset>-1</offset><text>Grupo estudo: 20 pessoas com lesão raquimedular traumática receberão o implante do neuromodulador nos nervos ciáticos, pudendos e femorais por via laparoscópica e a duas sessões semanais de fisioterapia motora e uma sessão semanal de fisioterapia do assoalho pélvico, durante 12 meses. Grupo controle: 20 pessoas com lesão raquimedular traumática receberão somente as duas sessões semanais de fisioterapia motora e uma sessão semanal de fisioterapia do assoalho pélvico, durante 12 meses</text></passage><passage><infon key="section">inclusion_criteria</infon><infon key="lang">pt-br</infon><offset>-1</offset><text>Pessoas com 18 a 60 anos de idade, com lesão raquimedular parcial ou completa de T1 a T12, com o escore ASIA (American Spinal Injury Association) A ou B, em uso de cateterismo intermitente e/ou com incontinência urinária e com estabilidade do quadro neurológico superior a um ano</text></passage><passage><infon key="section">exclusion_criteria</infon><infon key="lang">pt-br</infon><offset>-1</offset><text>Serão excluídos os indivíduos com as seguintes características: atonia vesical ao estudo urodinâmico; suspeita de refluxo vésico-ureteral prévio à lesão raquimedular; Diabetes Mellitus, compensado ou não; imunodeficiências congênitas ou adquiridas; suspeita ou diagnóstico de neoplasia maligna; antecedente de restossigmoidectomia, colectomia, ou outras cirurgias no aparelho digestivo que possam causar alterações no trânsito intestinal, continência anal ou função evacuatória; antecedente de tratamento cirúrgico do prolapso úterovaginal, incontinência urinária de esforço, procedimentos de ampliação vesical ou outros procedimentos associados a disfunções miccionais (uretrotomia etc.); antecedente de prostatectomia, ressecção transuretral da próstata ou outros procedimentos invasivos prostáticos, exceto biópsia incisional; antecedente de procedimentos neuroablativos centrais ou periféricos como rizotomias, cordotomias etc.; prolapso úterovaginal, retal ou uretral; cistostomia; estenose uretral ou anal.</text></passage></document></collection>