<?xml version="1.0" encoding="UTF-8"?><!DOCTYPE collection SYSTEM "BioC.dtd"><collection><source></source><date></date><key></key><document><id>RBR-48c29w</id><passage><infon key="section">public_title</infon><infon key="lang">en</infon><offset>-1</offset><text>Effect of strength training in the vascular function of hypertensive elderly</text></passage><passage><infon key="section">scientific_title</infon><infon key="lang">en</infon><offset>-1</offset><text>Effect of strength training in the vasodilatory response of hypertensive elderly: related mechanisms
</text></passage><passage><infon key="section">freetext</infon><infon key="lang">en</infon><offset>-1</offset><text>hypertension</text></passage><passage><infon key="section">freetext</infon><infon key="lang">en</infon><offset>-1</offset><text>Intervention group: 13 sedentary elderly. Control group: 12 sedentary elderly. Elderly people in the intervention group participated in a strength training program that lasted ten weeks. The training sessions occurred on a weekly frequency of three times. The control group remained the ten weeks without practice exercise.</text></passage><passage><infon key="section">inclusion_criteria</infon><infon key="lang">en</infon><offset>-1</offset><text>Aged between 65 and 75 years; have not committed any type of regular exercise (more than 2 days per week) over a period of 6 months prior to study entry; have mild essential hypertension (stage I).</text></passage><passage><infon key="section">exclusion_criteria</infon><infon key="lang">en</infon><offset>-1</offset><text>Have history or evidence of hematologic disease; peripheral vascular disease; stroke; obesity; diabetes.</text></passage><passage><infon key="section">primary_outcome</infon><infon key="lang">en</infon><offset>-1</offset><text>Increased forearm blood flow after 10 weeks of strength training, verified by venous occlusion plethysmography, from checking a variation of at least 1.2 ml.min.100ml at measurements in the pre and post intervention.</text></passage><passage><infon key="section">primary_outcome</infon><infon key="lang">pt-br</infon><offset>-1</offset><text>Aumento do fluxo sanguíneo no antebraço após 10 semanas de treinamento de força, verificado por meio da pletismografia com oclusão venosa, a partir da constatação de uma variação de pelo menos 1,2 ml.min.100ml nas medições pré e pós intervenção.  </text></passage><passage><infon key="section">primary_outcome</infon><infon key="lang">en</infon><offset>-1</offset><text>We found that forearm blood flow increased after 10 weeks of strength training, verified by venous occlusion plethysmography, from checking a variation of the 1.2 ml.min.100ml at measurements in the pre and post intervention.</text></passage><passage><infon key="section">primary_outcome</infon><infon key="lang">pt-br</infon><offset>-1</offset><text>Encontramos um aumento do fluxo sanguíneo no antebraço após 10 semanas de treinamento de força, verificado por meio da pletismografia com oclusão venosa, a partir da constatação de uma variação de 1,3 ml.min.100ml nas medições pré e pós intervenção.</text></passage><passage><infon key="section">secondary_outcome</infon><infon key="lang">en</infon><offset>-1</offset><text>Secondary outcomes are not expected</text></passage><passage><infon key="section">secondary_outcome</infon><infon key="lang">pt-br</infon><offset>-1</offset><text>Não são esperados desfechos secundários</text></passage><passage><infon key="section">public_title</infon><infon key="lang">pt-br</infon><offset>-1</offset><text>Efeito do treinamento de força na função vascular em idosos com hipertensão</text></passage><passage><infon key="section">scientific_title</infon><infon key="lang">pt-br</infon><offset>-1</offset><text>Efeito do treinamento de força na resposta vasodilatadora de idosos hipertensos: mecanismos relacionados
</text></passage><passage><infon key="section">freetext</infon><infon key="lang">pt-br</infon><offset>-1</offset><text>Grupo intervenção: 13 idosos sedentários. Grupo controle: 12 idosos sedentários. Os idosos do grupo intervenção participaram de um programa de treinamento de força que teve a duração de dez semanas. As sessões de treino ocorreram numa frequência semanal de três vezes. O grupo controle permaneceu as dez semanas sem praticar exercício.</text></passage><passage><infon key="section">inclusion_criteria</infon><infon key="lang">pt-br</infon><offset>-1</offset><text>Ter idade entre 60 e 75 anos;Não ter praticado nenhum tipo de exercício físico regular (mais do que 2 dias por semana) num período de 6 meses anteriores ao início do estudo; Apresentar hipertensão essencial leve (estágio I), ou seja, indivíduos com valores de pressão arterial sistólica/diastólica entre 140/90 e 159/99 mmHg.</text></passage><passage><infon key="section">exclusion_criteria</infon><infon key="lang">pt-br</infon><offset>-1</offset><text>Apresentar histórico ou evidência de doença hematológica; doença vascular periférica; acidente vascular encefálico; obesidade; diabetes. </text></passage></document></collection>