<?xml version="1.0" encoding="UTF-8"?><!DOCTYPE collection SYSTEM "BioC.dtd"><collection><source></source><date></date><key></key><document><id>RBR-4n26tf</id><passage><infon key="section">public_title</infon><infon key="lang">en</infon><offset>-1</offset><text>Evaluation of the Use of Guaco Syrup for Dilation and Reduction of Inflammation in the Respiratory Tract Through Pulmonary Function Tests in Asthmatic Volunteers</text></passage><passage><infon key="section">scientific_title</infon><infon key="lang">en</infon><offset>-1</offset><text>Evaluation of bronchodilator and anti-inflammatory activity of guaco syrup in humans by pulmonary function tests in asthmatics volunteers</text></passage><passage><infon key="section">freetext</infon><infon key="lang">en</infon><offset>-1</offset><text>Asthma</text></passage><passage><infon key="section">freetext</infon><infon key="lang">en</infon><offset>-1</offset><text>EVALUATION OF BRONCHODILATOR ACTIVITY 

40 volunteers will be randomly divided into three groups with the same number of participants. The first group will receive 15 ml of guaco syrup followed by saline inhalation (4 jets of oral pray)(intervention group), the second group will receive 15 ml of base syrup followed by inhalation of salbutamol (oral spray, 400 mcg) (control group I) and the third group will receive 15 ml of base syrup followed by saline inhalation (4 jets of oral pray) (control group II). The administration of the medications will be performed in a single dose and the evaluation of the intervention will occur during the next 4 hours. As all volunteers will participate in the 3 groups, it will take 3 days for analysis.</text></passage><passage><infon key="section">inclusion_criteria</infon><infon key="lang">en</infon><offset>-1</offset><text>Moderate persistent asthm (according to the classification criteria included in the IV Brazilian Guidelines for Asthma Management); aged between 18 and 60 years; diagnosis of asthma performed by spirometry (FEV1 / FVC </text></passage><passage><infon key="section">exclusion_criteria</infon><infon key="lang">en</infon><offset>-1</offset><text>Volunteers who had a stroke or acute myocardial infarction in the last three months; aortic aneurysm; systolic blood pressure higher than 200 mmHg or diastolic blood pressure higher than 90 mmHg; epileptics; unable to understand the procedure and implications of the study; with induced bronchoconstriction by recent spirometry; recent airway infection (during the last six weeks); during or near an asthma exacerbation; pregnant or breastfeeding women; in use of cholinesterase inhibitors; and smokers. </text></passage><passage><infon key="section">primary_outcome</infon><infon key="lang">en</infon><offset>-1</offset><text>Bronchodilator Activity Positive bronchodilator response verified by spirometry test. Elevation of FEV1 in 200 ml or more and, in parallel, increase in FEV1 by 12% when compared to baseline or 7% when compared to the value predicted for the volunteer.  Anti-inflammatory activity Positive anti-inflammatory response evaluated by spirometry test. After the intervention, the increase in methacholine dose required to cause a 20% decrease in FEV 1 values characterizes the anti-inflammatory effect.</text></passage><passage><infon key="section">primary_outcome</infon><infon key="lang">pt-br</infon><offset>-1</offset><text>Atividade Broncodilatadora Resposta broncodilatadora positiva verificada pelo exame de espirometria. Elevação do valor de VEF1 em 200 ml ou mais e, paralelamente, aumento de VEF1 em 12% quando comparado ao valor basal ou 7% quando comparado ao valor previsto para o voluntário.  Atividade anti-inflamatória Resposta anti-inflamatória positiva avaliada pelo exame de espirometria.  Após a intervenção, o aumento da dose de metacolina necessárias para provocar uma queda de 20% nos valores de VEF1 caracteriza o efeito anti-inflamatório.</text></passage><passage><infon key="section">secondary_outcome</infon><infon key="lang">en</infon><offset>-1</offset><text>We don't expect secondary outcomes.</text></passage><passage><infon key="section">secondary_outcome</infon><infon key="lang">pt-br</infon><offset>-1</offset><text>Não esperamos desfechos secundários.</text></passage><passage><infon key="section">public_title</infon><infon key="lang">pt-br</infon><offset>-1</offset><text>Avaliação da Utilização do Xarope de Guaco para Dilatação  e Redução da Inflamação das Vias Respiratórias Através de Testes de Função Pulmonar em Voluntários Asmáticos</text></passage><passage><infon key="section">scientific_title</infon><infon key="lang">pt-br</infon><offset>-1</offset><text>Avaliação das atividades broncodilatadora e anti-inflamatória do xarope de guaco através de testes de função pulmonar em voluntários asmáticos</text></passage><passage><infon key="section">freetext</infon><infon key="lang">pt-br</infon><offset>-1</offset><text>AVALIAÇÃO DA ATIVIDADE BRONCODILATADORA
40 voluntários serão divididos aleatoriamente  em três grupos com o mesmo número de participantes. O primeiro grupo receberá 15 ml de xarope de guaco seguido de inalação com solução salina (spray oral 4 jatos) (grupo intervenção), o segundo grupo receberá 15 ml de xarope base seguido de inalação de salbutamol (spray oral 400 mcg) (grupo controle I) e o terceiro grupo receberá 15 ml de xarope base seguido de inalação com solução salina (spray oral 4 jatos) (grupo controle II). </text></passage><passage><infon key="section">inclusion_criteria</infon><infon key="lang">pt-br</infon><offset>-1</offset><text>Asma persistente moderada (segundo os critérios de classificação constantes nas IV Diretrizes Brasileiras para o Manejo da Asma); idade entre 18 e 60 anos; diagnóstico de asma realizado por espirometria (voluntários que apresentaram VEF1/CVF</text></passage><passage><infon key="section">exclusion_criteria</infon><infon key="lang">pt-br</infon><offset>-1</offset><text>Acidente vascular cerebral ou infarto agudo do miocárdio nos últimos três meses; aneurisma de aorta; pressão arterial sistólica maior que 200 mmHg ou pressão arterial diastólica maior que 90 mmHg; epiléticos; incapazes de compreender o procedimento de realização e implicações do estudo; com broncoconstrição induzida pela espirometria; infecção recente das vias aéreas (últimas seis semanas); durante ou próximo a uma exacerbação da asma; mulheres grávidas ou em período de amamentação; em uso de medicação inibidora da colinesterase; fumantes.</text></passage></document></collection>