<?xml version="1.0" encoding="UTF-8"?><!DOCTYPE collection SYSTEM "BioC.dtd"><collection><source></source><date></date><key></key><document><id>RBR-2sgtn2</id><passage><infon key="section">public_title</infon><infon key="lang">en</infon><offset>-1</offset><text>Effectiveness of Pilates and ingestion of Green Tea in elderly patients who have Metabolic Syndrome</text></passage><passage><infon key="section">scientific_title</infon><infon key="lang">en</infon><offset>-1</offset><text>Effectiveness of the Pilates method and the supplementation with Green Tea (Camelia Sinensis) in the biochemical, oxidative markers, antioxidant status levels and in gene expression in elderly patients with Metabolic Syndrome - clinical trial randomized double blind</text></passage><passage><infon key="section">freetext</infon><infon key="lang">en</infon><offset>-1</offset><text>Obesity, abdominal obesity, type 2 diabetes, hypertension, metabolic syndrome</text></passage><passage><infon key="section">freetext</infon><infon key="lang">en</infon><offset>-1</offset><text>Control group: 35 elderly women with metabolic syndrome wil receive placebo capsules (500mg). Should intake a placebo capsule once a day one hour before or one hour after the main meal of the day for 24 weeks. Experimental group green tea: 35 elderly women with metabolic syndrome will receive capsules of green tea extract (500mg) should intake a capsule of green tea extract once a day one hour before or one hour after the main meal of the day for 24 weeks. Experimental group pilates and placebo : 35 elderly women with metabolic syndrome will receive placebo capsules (500mg) plus training with pilates. Should inatke a placebo capsule once a day one hour before or one hour after the main meal of the day for 24 weeks and training with pilates will be held twice a week for 60 minutes for a well trained professional for 24 weeks . Experimental group pilates and green tea: 35 elderly women with metabolic syndrome will receive capsules of green tea extract (500mg) plus training with pilates. Should inatke a capsule of green tea extract once a day one hour before or one hour after the main meal of the day for 24 weeks and training with pilates will be held twice a week for 60 minutes by a professional well trained by 24 weeks.</text></passage><passage><infon key="section">inclusion_criteria</infon><infon key="lang">en</infon><offset>-1</offset><text>Aged over 60 years; female; have metabolic syndrome.</text></passage><passage><infon key="section">exclusion_criteria</infon><infon key="lang">en</infon><offset>-1</offset><text>Have cardiovascular disease; have liver disease; gastric disease; thyroid problems; memory problems; anxiety and sleep disorders;have physical problems that preclude training with pilates;have done in the past or is doing pilates or other form of physical exercise on a regular way; intake green tea by regular or habitual way.</text></passage><passage><infon key="section">primary_outcome</infon><infon key="lang">en</infon><offset>-1</offset><text>Reduction of 9.0 cm (10%), abdominal circumference, based on previous studies of our research group found that an average of 99.0 with a standard deviation of 12.8 cm in waist circumference in a sample of elderly patients with syndrome metabolic</text></passage><passage><infon key="section">primary_outcome</infon><infon key="lang">pt-br</infon><offset>-1</offset><text>Redução de 9,0 cm (10%) de circunferência abdominal, com base em estudos prévios do nosso grupo de pesquisa que verificou uma média de 99,0 com desvio padrão de 12,8 cm de circunferência abdominal em uma amostra de idosos com síndrome metabólica  </text></passage><passage><infon key="section">secondary_outcome</infon><infon key="lang">en</infon><offset>-1</offset><text>increase of 20% (0.53) in the expression of the SOD2 gene based on an average of 2.65 standard deviation of 0.28</text></passage><passage><infon key="section">secondary_outcome</infon><infon key="lang">pt-br</infon><offset>-1</offset><text>aumento de 20% (0,53) na expressão do gene da SOD2 com base em uma média de 2.65 desvio padrão de 0,28 </text></passage><passage><infon key="section">public_title</infon><infon key="lang">pt-br</infon><offset>-1</offset><text>Eficácia do Pilates e da ingestão de Chá Verde em idosos que tenham  Síndrome Metabólica</text></passage><passage><infon key="section">scientific_title</infon><infon key="lang">pt-br</infon><offset>-1</offset><text>Eficácia do método Pilates e da suplementação com Chá Verde (Camelia Sinensis)nos níveis de marcadores bioquímicos e oxidativos, status antioxidante e na expressão gênica em idosos portadores de Síndrome Metabólica - ensaio clínico randomizado duplo cego
</text></passage><passage><infon key="section">freetext</infon><infon key="lang">pt-br</infon><offset>-1</offset><text>Grupo controle: 35 mulheres idosas portadoras de síndrome metabólica receberão  cápsulas de placebo (500mg). Deverão consumir uma cápsula de placebo uma vez ao dia uma hora antes ou uma hora depois da principal refeição do dia, durante 24 semanas. Grupo experimental chá verde: 35 mulheres idosas portadoras de síndrome metabólica receberão cápsulas de extrato de chá verde (500mg).Deverão consumir uma cápsula de extrato de chá verde uma vez ao dia uma hora antes ou uma hora depois da principal refeição do dia, durante 24 semanas.
 Grupo experimental pilates e placebo: 35 mulheres idosas portadoras de síndrome metabólica receberão cápsulas  de placebo (500mg) mais o treinamento com o pilates.Deverão consumir uma cápsula de placebo uma vez ao dia uma hora antes ou uma hora depois da principal refeição do dia, durante 24 semanas e o treinamento com o pilates será realizado duas vezes por semana durante 60 minutos por um profissional treinado também por 24 semanas.  Grupo experimental chá verde e pilates: 35 mulheres idosas portadores de síndrome metabólica receberão cápsulas com  de extrato de chá verde (500mg) mais o treinamento com o pilates. Deverão consumir uma cápsula de extrato de chá verde uma vez ao dia uma hora antes ou uma hora depois da principal refeição do dia, durante 24 semanas e treinamento com o pilates será realizado duas vezes por semana durante 60 minutos por um profissional treinado também por 24 semanas.</text></passage><passage><infon key="section">inclusion_criteria</infon><infon key="lang">pt-br</infon><offset>-1</offset><text>Idade acima de 60 anos; sexo feminino; portadora de síndrome metabólica.
</text></passage><passage><infon key="section">exclusion_criteria</infon><infon key="lang">pt-br</infon><offset>-1</offset><text>Ter doença cardiovascular; ter doenças hepáticas;doenças gastricas;problemas na tireoide; problemas de memória; distúrbios de ansiedade e do sono; problemas físicos que impossibilitem o treinamento com o pilates;ter realizado no passado ou estar realizando o pilates ou outra modalidade de exercício físico de forma regular; consumir de forma habitual e regular o chá verde.
</text></passage></document></collection>