<?xml version="1.0" encoding="UTF-8"?><!DOCTYPE collection SYSTEM "BioC.dtd"><collection><source></source><date></date><key></key><document><id>RBR-2bghmh</id><passage><infon key="section">public_title</infon><infon key="lang">en</infon><offset>-1</offset><text>Clinical, blood, mobility and quality of life evaluation in people with metabolic syndrome after whole body vibration exercise in vibratory platform</text></passage><passage><infon key="section">scientific_title</infon><infon key="lang">en</infon><offset>-1</offset><text>Clinical, metabolic, functional and quality of life evaluation in people with metabolic syndrome after whole body vibration exercise in oscillating / vibratory platform</text></passage><passage><infon key="section">freetext</infon><infon key="lang">en</infon><offset>-1</offset><text>Nutritional and metabolic diseases
Cardiovascular diseases</text></passage><passage><infon key="section">freetext</infon><infon key="lang">en</infon><offset>-1</offset><text>The intervention used in this study will be the whole body vibration exercise (WBVE) in subjects with metabolic syndrome.
The subjects (500) will be distributed in two groups (250 each), as: (i) WBVE 2 sessions per week -  where the subjects will be performing 10 sessions of WBVE, being that two sessions per week, ending in 5 weeks’ time, and (ii) Control group - where the subjects will be performing the same position of the WBVE 2 sessions per week group. However, with the equipment in off mode.</text></passage><passage><infon key="section">inclusion_criteria</infon><infon key="lang">en</infon><offset>-1</offset><text>Outpatients both genders; aging over 40 years; of the </text></passage><passage><infon key="section">exclusion_criteria</infon><infon key="lang">en</infon><offset>-1</offset><text>Blood pressure higher than 180 x 110 mmHg; Cardiovascular disease in the last 6 months due to heart attack or stroke; Neurological, muscular or rheumatological disease that limit the movements on the oscillating/vibratory platform; Severe or incapacitant clinical disease; Patients that refuse to sign the Agreement Term to participate in the study.</text></passage><passage><infon key="section">primary_outcome</infon><infon key="lang">en</infon><offset>-1</offset><text>Significant improvement (p&lt;0.05) of funcionality and quality of life in patients with metabolic syndrome due the perform of the 10 (ten) sessions of whole body vibration exercise.</text></passage><passage><infon key="section">primary_outcome</infon><infon key="lang">pt-br</infon><offset>-1</offset><text>Melhora significativa (p&lt;0,05) da funcionalidade e da qualidade de vida de indivíduos com síndrome metabólica através de um protocolo composto de 10 (dez)sessões de exercícios de vibração de corpo inteiro. </text></passage><passage><infon key="section">secondary_outcome</infon><infon key="lang">en</infon><offset>-1</offset><text>Improvement of clinical and metabolic parameters evaluated through laboratorial dosages, reducing the level of cardiovascular risks related to the progression of the metabolic syndrome. Improvement of the functionality of the subjects with metabolic syndrome, verified through of the Short Physical Performance Battery, and the flexibility evaluation. Improvement the quality of life of individuals with metabolic syndrome evaluated through the WHOQol – Bref questionnaire. Reduction of the pain of the individuals with metabolic syndrome evaluated through of the visual analogic scale.</text></passage><passage><infon key="section">secondary_outcome</infon><infon key="lang">pt-br</infon><offset>-1</offset><text>Melhora de parâmetros clínicos e metabólicos mensurados a partir de dosagens laboratoriais, reduzindo os riscos cardiovasculares correspondentes ao processo de progressão da síndrome metabólica.  Melhora da funcionalidade de indivíduos com síndrome metabólica, quantificado através da bateria de testes "Short Physical Performance Battery", da análise da flexibilidade. Melhora da qualidade de vida de indivíduos com síndrome metabólica, avaliada através da análise de domínios do questionário "WHOQol - Bref".  Redução da dor, avaliada através da Escala Numérica de Dor.</text></passage><passage><infon key="section">public_title</infon><infon key="lang">pt-br</infon><offset>-1</offset><text>Avaliação clínica, sanguínea, da mobilidade e da qualidade de vida em pessoas com síndrome metabólica após a realização de exercícios de vibração de corpo inteiro em plataforma vibratória
</text></passage><passage><infon key="section">scientific_title</infon><infon key="lang">pt-br</infon><offset>-1</offset><text>Avaliação clínica, metabólica, funcional e de qualidade de vida em pessoas com síndrome metabólica após a realização de exercícios de vibração de corpo inteiro em plataforma oscilante/vibratória</text></passage><passage><infon key="section">freetext</infon><infon key="lang">pt-br</infon><offset>-1</offset><text>A intervenção realizada utilizada neste estudo será o exercício de vibração de corpo inteiro (EVCI) em indivíduos com síndrome metabólica. 
Os indivíduos (500)serão distribuídos em 2 grupos (250 em cada), sendo eles: (i) EVCI 2 sessões por semana- onde os indivíduos realizarão 10 sessões de EVCI, sendo 2 vezes por semana, concluindo em 5 semanas e (ii) Grupo Controle - onde os indivíduos realizarão o mesmo posicionamento do grupo EVCI 2 sessões por semana. Entretanto, o equipamento estará desligado.</text></passage><passage><infon key="section">inclusion_criteria</infon><infon key="lang">pt-br</infon><offset>-1</offset><text>Pacientes de ambos os sexos; com idade superior a 40 anos; em acompanhamento no Ambulatório de Clínica Médica do Hospital Universitário Pedro Ernesto (HUPE); com critérios diagnósticos para Síndrome Metabólica segundo a Federação Internacional de Diabetes. </text></passage><passage><infon key="section">exclusion_criteria</infon><infon key="lang">pt-br</infon><offset>-1</offset><text>Pressão arterial acima de PA 180 x 110 mmHg; Doença cardiovascular clinicamente evidente nos últimos 6 meses manifestada por infarto do miocárdio ou acidente vascular encefálico; Doença neurológica, muscular ou reumatológica que dificulte os movimentos na plataforma oscilante/vibratória; Doença clínica grave ou incapacitante, a critério do investigador; Pacientes que se recusem a assinar o Termo de Consentimento para participação no estudo.</text></passage></document></collection>