<?xml version="1.0" encoding="UTF-8"?><!DOCTYPE collection SYSTEM "BioC.dtd"><collection><source></source><date></date><key></key><document><id>RBR-4mxksj</id><passage><infon key="section">public_title</infon><infon key="lang">en</infon><offset>-1</offset><text>Study on the benefit of the use of protocols in the care of chest pain in emergency physicians of the Cardiology Institute of Santa Catarina</text></passage><passage><infon key="section">scientific_title</infon><infon key="lang">en</infon><offset>-1</offset><text>Compliance assessment to the Recommendations of the Corporate Guidelines through a Protocol Approach to Acute Coronary Syndrome by residents in the Emergency Room of Cardiology Institute of Santa Catarina: a Cluster Randomized Clinical Trial </text></passage><passage><infon key="section">freetext</infon><infon key="lang">en</infon><offset>-1</offset><text>Adherence to the guidelines of the residents in meeting the corporate chest pain and acute coronary syndrome in the emergency room.
</text></passage><passage><infon key="section">freetext</infon><infon key="lang">en</infon><offset>-1</offset><text>- Protocol Group (residents randomized to receive protocol guidance of conduct in the care of patients with chest pain in emergency, according to guidelines of the Brazilian Society of Cardiology);
- Control Group (group of residents randomized to not receive the protocol);</text></passage><passage><infon key="section">inclusion_criteria</infon><infon key="lang">en</infon><offset>-1</offset><text>All eight residents of Instituto de Cardiologia de Santa Catarina will be included in the study. </text></passage><passage><infon key="section">exclusion_criteria</infon><infon key="lang">en</infon><offset>-1</offset><text>Residents who do not agree to sign the term of consent form (free and clear).
</text></passage><passage><infon key="section">primary_outcome</infon><infon key="lang">en</infon><offset>-1</offset><text>Combined endpoint (sum of points) will be awarded 1 point for each of the channels with Class I and IIa according to guidelines of the Brazilian Society of Cardiology: History and physical examination described; Classification of pain; Electrocardiogram within 10 minutes; Electrocardiogram repeated in 6 hours if no diagnosis; TIMI risk stratification; Cardiac monitoring; Determination of CK-MB and troponin; Primary angioplasty is infarction with ST elevation to &lt;12 h; Oxigen for intermediate and high risk; Use of aspirin 100 to 200mg; Use of Clopidogrel 300 mg; Use of Isordil or nitroglycerin; Use of morphine if pain; Use of beta-blocker is intermediate or high risk; Use of enoxaparin; Use of statins; Use of ACE inhibitors in the first 24h.</text></passage><passage><infon key="section">primary_outcome</infon><infon key="lang">pt-br</infon><offset>-1</offset><text>Desfecho combinado (soma de pontos): será atribuido 1 ponto para cada uma das condutas com grau de recomendação I e IIa conforme diretrizes da sociedade brasileira de Cardiologia: História e exame físico descritos; Qualificação da dor; Eletrocardiograma em até 10 minutos; Eletrocardiograma repetido em 6h se não houver o diagnóstico; Estratificação de risco TIMI; Monitorização cardíaca; Dosagem de CK-MB e troponina; Angioplastia primária se infarto com supradesnível de ST com &lt;12h; Oxigêncio para risco intermediário e alto; Uso de AAS 100 a 200mg; Uso de Clopidogrel 300mg; Uso de Isordil ou nitroglicerina; Uso de morfina se dor; Uso de beta-bloqueador se risco intermediário ou alto; Uso de enoxaparina; Uso de estatina; Uso de IECA nas primeiras 24h do quadro.  </text></passage><passage><infon key="section">secondary_outcome</infon><infon key="lang">en</infon><offset>-1</offset><text>Average hospital stay of two groups of patients conducted by the two randomized groups of physicians; </text></passage><passage><infon key="section">secondary_outcome</infon><infon key="lang">pt-br</infon><offset>-1</offset><text>Tempo médio de internação dos dois grupos de paciente conduzidos pelos dois grupos de médicos randomizados;</text></passage><passage><infon key="section">secondary_outcome</infon><infon key="lang">en</infon><offset>-1</offset><text>Comparison between the rates of in-hospital mortality of patients admitted with clinical suspicion of ACS; </text></passage><passage><infon key="section">secondary_outcome</infon><infon key="lang">pt-br</infon><offset>-1</offset><text>Comparação entre as taxas de mortalidade intra-hospitalar dos pacientes admitidos com suspeita clínica de SCA;</text></passage><passage><infon key="section">secondary_outcome</infon><infon key="lang">en</infon><offset>-1</offset><text>Comparison each of the individual approaches used for the sum in the combined endpoint (primary).</text></passage><passage><infon key="section">secondary_outcome</infon><infon key="lang">pt-br</infon><offset>-1</offset><text>Comparação individual de cada uma das condutas utilizadas para a soma no desfecho combinado (primário).</text></passage><passage><infon key="section">public_title</infon><infon key="lang">pt-br</infon><offset>-1</offset><text>Estudo sobre o benefício da utilização de protocolos no atendimento de dor torácica por médicos na emergência do Instituto de Cardiologia de Santa Catarina</text></passage><passage><infon key="section">scientific_title</infon><infon key="lang">pt-br</infon><offset>-1</offset><text>Avaliação da Adesão às Recomendações das Diretrizes Societárias através de um Protocolo de Abordagem da Síndrome Coronariana Aguda Por Médicos Residentes na Emergência do Instituto de Cardiologia de Santa Catarina: um Ensaio Clínico Randomizado por Cluster</text></passage><passage><infon key="section">freetext</infon><infon key="lang">pt-br</infon><offset>-1</offset><text>I - Grupo Protocolo (grupo de médicos residentes randomizado para receber o protocolo de orientação de conduta no atendimento de pacientes com dor torácica na sala emergência, de acordo com diretrizes da sociedade brasileira de Cardiologia);
II - Grupo Controle (grupo de médicos residentes randomizado para não receber o protocolo);</text></passage><passage><infon key="section">inclusion_criteria</infon><infon key="lang">pt-br</infon><offset>-1</offset><text>Todos os 8 médicos residentes do Instituto de Cardiologia de Santa Catarina serão incluídos no estudo. </text></passage><passage><infon key="section">exclusion_criteria</infon><infon key="lang">pt-br</infon><offset>-1</offset><text>Médicos residentes que não concordem em assinar o termo de consentimento livre e esclarecido.</text></passage></document></collection>