<?xml version="1.0" encoding="UTF-8"?><!DOCTYPE collection SYSTEM "BioC.dtd"><collection><source></source><date></date><key></key><document><id>RBR-29grfm</id><passage><infon key="section">public_title</infon><infon key="lang">en</infon><offset>-1</offset><text>Study to evaluate the response to treatment with the medication pasireotide LAR and the expression of the substances AIP and miR-34a in patients with acromegaly</text></passage><passage><infon key="section">scientific_title</infon><infon key="lang">en</infon><offset>-1</offset><text>Prospective, non-randomized, phase II study to assess the AIP and miR-34a expressions and the response to pasireotide LAR treatment in acromegaly patients</text></passage><passage><infon key="section">freetext</infon><infon key="lang">en</infon><offset>-1</offset><text>Acromegaly</text></passage><passage><infon key="section">freetext</infon><infon key="lang">en</infon><offset>-1</offset><text>Treatment with pasireotide LAR</text></passage><passage><infon key="section">inclusion_criteria</infon><infon key="lang">en</infon><offset>-1</offset><text>Age between 18 and 80 years; clinical indication of surgery as part of the treatment; laboratory and clinical confirmation of acromegaly; Signature of written informed consent.
</text></passage><passage><infon key="section">exclusion_criteria</infon><infon key="lang">en</infon><offset>-1</offset><text>Contraindications to surgery due to high surgical risk; Previous radiotherapy for pituitary adenoma treatment; Presence of AIP mutation; Medical treatment with somatostatin analogues, dopamine agonists or GH antagonist before surgery; Patients with compression of the optic chiasm causing any visual field defect that requires surgical intervention; Diabetic patients with poor glycaemic control as evidenced by HbA1c </text></passage><passage><infon key="section">primary_outcome</infon><infon key="lang">en</infon><offset>-1</offset><text>Comparison of the percentage of patients with low AIP expression and with high AIP expression that achieve normalization of GH (basal GH &lt;1.0 mcg/L) and IGF-I (normal age-adjusted IGF-I) or biochemical response (at least 50% decrease in GH and/or IGF-I levels) after six months of treatment with pasireotide LAR. </text></passage><passage><infon key="section">primary_outcome</infon><infon key="lang">pt-br</infon><offset>-1</offset><text>Percentual de pacientes com baixa e com alta expressão da AIP que atingem GH basal &lt; 1,0 mcg/L e IGF-I normal para faixa etária ou que atinjam resposta bioquímica (redução de pelo menos 50% nos níveis de GH e/ou IGF-I) após seis meses de tratamento com pasireotide LAR</text></passage><passage><infon key="section">secondary_outcome</infon><infon key="lang">en</infon><offset>-1</offset><text>Comparison of miR-34a levels between patients that achieve normalization of GH (basal GH &lt;1.0 mcg/L) and IGF-I (normal age-adjusted IGF-I) after six months of treatment with pasireotide LAR and those that did not achieve; Positive correlation between the AIP score at immunohistochemistry and the reduction of GH and IGF-I levels after six months pasireotide LAR treatment; Elevation of AIP expression (measured by Western-blot) in cell lines treated with pasireotide in comparison with those not treated; Toxicity will be assessed using the National Cancer Institute-Common Toxicology Criteria Adverse Events version 4 (NCI-CTCAE v.4.03)  </text></passage><passage><infon key="section">secondary_outcome</infon><infon key="lang">pt-br</infon><offset>-1</offset><text> Expressão do miR-34a entre os pacientes que atingiram GH basal &lt; 1,0 mcg/L e IGF-I normal para faixa etária após seis meses de tratamento com pasireotide LAR e aqueles que não atingiram controle bioquímico; Correlação do escore de expressão da AIP na imuno-histoquímica com a redução dos níveis de GH e IGF-I após seis meses de tratamento com pasireotide LAR; Elevação da expressão da AIP (medida por Western-blot) em cultura de células tratadas ou não com pasireotide; Efeitos colaterais do pasireotide LAR usando a versão 4 do critério de eventos adversos comuns do National Institute of Cancer [Common Toxicology Criteria Adverse Events version 4 (NCI-CTCAE v.4.03)] </text></passage><passage><infon key="section">public_title</infon><infon key="lang">pt-br</infon><offset>-1</offset><text>Estudo para avaliar a resposta ao tratamento com a medicação pasireotide LAR e a expressão das substâncias AIP e miR-34a em pacientes com acromegalia</text></passage><passage><infon key="section">scientific_title</infon><infon key="lang">pt-br</infon><offset>-1</offset><text>Estudo prospectivo, não-randomizado, fase II, para avaliar a expressão da AIP e do
miR-34a e a resposta ao tratamento com pasireotide LAR em pacientes com</text></passage><passage><infon key="section">freetext</infon><infon key="lang">pt-br</infon><offset>-1</offset><text>Tratamento com pasireotide LAR</text></passage><passage><infon key="section">inclusion_criteria</infon><infon key="lang">pt-br</infon><offset>-1</offset><text>Idade entre 18 e 80 anos;Indicação clínica de tratamento cirúrgico como parte do tratamento; Confirmação laboratorial e histopatológica de acromegalia; Assinatura de consentimento livre e esclarecido.
</text></passage><passage><infon key="section">exclusion_criteria</infon><infon key="lang">pt-br</infon><offset>-1</offset><text>Contra-indicação à cirurgia pela presença de comorbidades que determinem risco cirúrgico inaceitável; radioterapia prévia; uso de análogos de somatostatina, agonistas dopaminérgicos ou pegvisomanto previamente a cirurgia; pacientes com compressão de quiasma óptico causando qualquer alteração visual que requeira intervenção cirúrgica; presença de diabetes mellitus não controlado (HbA1c </text></passage></document></collection>