<?xml version="1.0" encoding="UTF-8"?><!DOCTYPE collection SYSTEM "BioC.dtd"><collection><source></source><date></date><key></key><document><id>RBR-58yq52</id><passage><infon key="section">public_title</infon><infon key="lang">en</infon><offset>-1</offset><text>Acupuncture in Multiple Sclerosis</text></passage><passage><infon key="section">scientific_title</infon><infon key="lang">en</infon><offset>-1</offset><text>Impact of electroacupuncture on quality of life for patients with Relapsing-Remitting Multiple Sclerosis under treatment with immunomodulators</text></passage><passage><infon key="section">freetext</infon><infon key="lang">en</infon><offset>-1</offset><text>Quality of life in Relapsing-Remitting Multiple Sclerosis</text></passage><passage><infon key="section">freetext</infon><infon key="lang">en</infon><offset>-1</offset><text>the study had two groups:
1.eletroacupuncture true (n=16)</text></passage><passage><infon key="section">inclusion_criteria</infon><infon key="lang">en</infon><offset>-1</offset><text>Patients with a confirmed diagnosis of RRMS according to the revised 2005 McDonald criteria and under treatment with immunomodulatory drugs (interferon-beta and glatiramer acetate) were selected.</text></passage><passage><infon key="section">exclusion_criteria</infon><infon key="lang">en</infon><offset>-1</offset><text>Those individuals who had previously received acupuncture treatment were excluded.</text></passage><passage><infon key="section">primary_outcome</infon><infon key="lang">en</infon><offset>-1</offset><text>Clinical status, especially mobility, was assessed prior to the treatment, as well as after six months, using the Expanded Disability Status Scale (EDSS). Quality of life was also assessed prior to the initiation of treatment, as well as after three and six months; It was measured by the Functional Assessment of Multiple Sclerosis (FAMS) instrument, validated for Portuguese as (DEFU). Briefly, this is self-report questionnaire investigating patient perception of the quality of their lives, The six sub-scales assess mobility, symptoms, emotional well being/depression, general contentment, thinking/fatigue, and family/social well being,  using a 5-point Likert-type scale ranging from “not at all” to “very much”, which yields a score between 0 (for not at all) and 4 (for very much) for each of the items. Pain was evaluated using the 10-point Visual Analogue Scale (VAS), 0= Worst possible pain and 10= No pain, applied just before the FAMS. </text></passage><passage><infon key="section">primary_outcome</infon><infon key="lang">pt-br</infon><offset>-1</offset><text>Melhora do quadro clínico, especialmente da mobilidade, foi avaliada antes do tratamento, bem como após seis meses de tratamento, utilizando a escala de incapacidade expandida (EDSS). Aumento da qualidade de vida também foi avaliada antes do início do tratamento, bem como após três e seis meses; foi medido pela Functional Assessment of Multiple Sclerosis(FAMS), validado para Português como Escore de Determinação Funcional da Qualidade de vida na Esclerose Múltipla (DEFU), este questionário consta de seis sub-escalas: mobilidade, sintomas, bem-estar emocional (depressão), contentamento geral, pensamento e fadiga, bem estar social e famíliar, usando cinco alternativas que tem pontuação de 0(nunca)1(Um pouco)2(As vezes)3(Muitas Vezes)e 4(Sempre), sendo associada menor pontuação a pior qualidade de vida. A redução da dor, foi avaliada utilizando o Escala Analógica Visual (VAS), uma escala que vai de 0 a 10 pontos, onde 0=dor insuportável e 10 ausência de dor. aplicado juntamente com o DEFU.</text></passage><passage><infon key="section">secondary_outcome</infon><infon key="lang">en</infon><offset>-1</offset><text>Occasionally, patients reported improvement in spasticity, sleep and bowel function.</text></passage><passage><infon key="section">secondary_outcome</infon><infon key="lang">pt-br</infon><offset>-1</offset><text>Ocasionalmente os pacientes, informaram melhora dos espasmos, sono e do funcionamento dos intestinos.</text></passage><passage><infon key="section">public_title</infon><infon key="lang">pt-br</infon><offset>-1</offset><text>Uso da acupuntura na Esclerose Múltipla</text></passage><passage><infon key="section">scientific_title</infon><infon key="lang">pt-br</infon><offset>-1</offset><text>Estudo do Efeito da Eletroacupuntura na qualidade de vida de pacientes com Esclerose Múltipla tipo Surto-remissão tratados com imunomoduladores</text></passage><passage><infon key="section">freetext</infon><infon key="lang">pt-br</infon><offset>-1</offset><text>O estudo teve dois grupos :
Grupo 1. Recebeu eletroacupuntura verdadeira (n=16)</text></passage><passage><infon key="section">inclusion_criteria</infon><infon key="lang">pt-br</infon><offset>-1</offset><text>Pacientes com diagnóstico confirmado de EMRR de acordo com os critérios de McDonald de 2005 sob tratamento com imunomoduladores (interferon-beta eo acetato de glatiramer).
</text></passage><passage><infon key="section">exclusion_criteria</infon><infon key="lang">pt-br</infon><offset>-1</offset><text>Indivíduos que haviam recebido previamente tratamento com acupuntura foram excluídos.</text></passage></document></collection>