<?xml version="1.0" encoding="UTF-8"?><!DOCTYPE collection SYSTEM "BioC.dtd"><collection><source></source><date></date><key></key><document><id>RBR-39bjm4</id><passage><infon key="section">public_title</infon><infon key="lang">en</infon><offset>-1</offset><text>The effect of atorvastatin plus aspirin compared with a non-therapeutic substance on the function of the blood vessels and inflammation in HIV patients under treatment presenting a low risk of cardiovascular disease.</text></passage><passage><infon key="section">scientific_title</infon><infon key="lang">en</infon><offset>-1</offset><text>The effect of atorvastatin plus aspirin versus placebo on the  endothelial function and inflammation in HIV patients under antiretroviral treatment presenting a low risk of cardiovascular risk. A randomized and double blind clinical trial.</text></passage><passage><infon key="section">freetext</infon><infon key="lang">en</infon><offset>-1</offset><text>Human immunodeficiency virus [HIV] disease resulting in other conditions</text></passage><passage><infon key="section">freetext</infon><infon key="lang">en</infon><offset>-1</offset><text>The experimental arm A : 50 subjects take orally one tablet of Atorvastatin 10-20 mg + 1 tablet of oral acetylsalicylic acid 100 mg 1 time daily for 24 weeks.

Trial arm B: 50 subjects take orally 1 tablet of placebo atorvastatin and 1 tablet oral Placebo acetyl salicylic acid 1 once daily for 24 weeks.</text></passage><passage><infon key="section">inclusion_criteria</infon><infon key="lang">en</infon><offset>-1</offset><text>HIV patients on antiretroviral use ; both genders , aged between 18 and 60; lower cardiovascular risk than 10 % probability of occurrence of cardiovascular events in 10 years , as measured by the Framingham risk score .</text></passage><passage><infon key="section">exclusion_criteria</infon><infon key="lang">en</infon><offset>-1</offset><text>history of hospitalization and  opportunistic infections in the past 90 days; history of chronic liver dysfunction, thyroid dysfunction, autoimmune disease, history of hepatitis B or C; pregnancy or breastfeeding; previous use of statins, fibrates, ezetemibe, omega 3 , aspirin, NSAIDs, oral anticoagulants, interferon, interleukins, growth hormones, immunoglobulins, glucocorticoids or other immunosuppressants; alcohol abuse; previous intolerance to statins and  aspirin; hemophilia; AST and ALT greater or equal 120 IU / L; CPK grater ou equal 167 U / L; muscle trauma or recent surgery performed until four months earlier; history of cardiovascular disease, diabetes, cancer and renal dysfunction.</text></passage><passage><infon key="section">primary_outcome</infon><infon key="lang">en</infon><offset>-1</offset><text> Difference by 10% or more in diameter of the brachial artery at rest and after stimulation with redness , measured at time zero , after 3 months and 6 months in Doppler ultrasound device .</text></passage><passage><infon key="section">primary_outcome</infon><infon key="lang">pt-br</infon><offset>-1</offset><text>Diferença em 10% ou mais no diâmetro da artéria braquial em repouso e após estímulo com hiperemia , medidas no tempo zero, após 3 meses e 6 meses em aparelho de ultrassom com doppler.</text></passage><passage><infon key="section">secondary_outcome</infon><infon key="lang">en</infon><offset>-1</offset><text> • Reduced levels of inflammatory mediators by 25% (IFN-gama, IL-1, IL-6, IL-10, MCP-1, NT-PROBNP, TNF-alfa, VEGF e PCR) in peripheral blood in week 0, 12 and 24  • Occurrence of adverse events, including epigastric pain and / or muscle pain, fatigue, transaminase elevation and Creatine phosphokinase in monthly medical visits. • 25% reduction in the levels of triglycerides , total cholesterol and fractions at weeks 0 , 12 and 24 observed in biochemical tests of peripheral blood.</text></passage><passage><infon key="section">secondary_outcome</infon><infon key="lang">pt-br</infon><offset>-1</offset><text>• Redução dos níveis  dos mediadores  inflamatórios em 25% (IFN-gama, IL-1, IL-6, IL-10, MCP-1, NT-PROBNP, TNF-alfa, VEGF e PCR ultra sensível) medidos em sangue periférico  nas semanas 0, 12 e 24 • Avaliação da ocorrência de eventos adversos, incluindo dor epigástrica e/ou dor muscular, fadiga, elevação de transaminases e Creatino fosfoquinase em consultas mensais • Redução  em 25% nos níveis de Triglicerídeos, Colesterol total e frações  nas  semanas 0, 12 e 24 observado em exames bioquímicos de sangue periférico. </text></passage><passage><infon key="section">public_title</infon><infon key="lang">pt-br</infon><offset>-1</offset><text>Efeito da atorvastatina com aspirina comparado ao efeito de substância não terapêutica sobre o funcionamento do vaso sanguíneo e na inflamação em pacientes com HIV em tratamento e com baixo risco cardiovascular.</text></passage><passage><infon key="section">scientific_title</infon><infon key="lang">pt-br</infon><offset>-1</offset><text>Efeito da atorvastatina associado a aspirina versus placebo na função endotelial e na inflamação em pacientes com HIV em uso de antirretrovirais e com baixo risco cardiovascular. Um ensaio clínico randomizado e duplo cego.</text></passage><passage><infon key="section">freetext</infon><infon key="lang">pt-br</infon><offset>-1</offset><text>Braço experimental A (intervenção): 50 indivíduos tomarão  1 comprimido via oral de  Atorvastatina 10-20mg +  1 comprimido via oral de Ácido Acetil Salicílico 100mg 1 vez  dia durante 24 semanas.

Braço experimental B (intervenção de controle):  50 indivíduos tomarão 1 comprimido via oral de Placebo de atorvastatina + 1 comprimido via oral de Placebo de ácido acetil salicílico 1 vez ao dia durante 24 semanas.</text></passage><passage><infon key="section">inclusion_criteria</infon><infon key="lang">pt-br</infon><offset>-1</offset><text>Pacientes com HIV em uso de  antiretrovirais; ambos os gêneros;idade entre 18 e 60 anos;  risco cardiovascular menor que 10% de probabilidade de ocorrência de eventos cardiovasculares em 10 anos, medido pelo escore de risco de Framingham .</text></passage><passage><infon key="section">exclusion_criteria</infon><infon key="lang">pt-br</infon><offset>-1</offset><text>histórico de internação hospitalar e  infecções oportunistas nos últimos 90 dias; histórico de  disfunção hepática crônica,  disfunção tireoidiana,  doença auto-imune,  hepatite B ou C; gravidez ou amamentação; uso prévio de estatinas, fibratos, ezetemibe, ômega 3, AAS, antiinflamatórios, anticoagulantes orais, interferon, interleucinas, hormônio do crescimento, imunoglobulinas, glicocorticoides ou outros imunossupressores; abuso de álcool; prévia intolerância a estatinas e ácido acetil salicílico; hemofilia; transaminases maior ou igual que 120 UI/L; CPK maior ou igual 167 U/L ;trauma muscular recente ou cirurgia realizada até 4 meses anteriormente; histórico de doença cardiovascular, diabetes, câncer e disfunção renal.</text></passage></document></collection>