<?xml version="1.0" encoding="UTF-8"?><!DOCTYPE collection SYSTEM "BioC.dtd"><collection><source></source><date></date><key></key><document><id>RBR-2xzcwz</id><passage><infon key="section">public_title</infon><infon key="lang">en</infon><offset>-1</offset><text>Homeopathy in the cocaine-crack dependence.</text></passage><passage><infon key="section">scientific_title</infon><infon key="lang">en</infon><offset>-1</offset><text>Homeopathic potencies of Opium and Erythroxylum coca  in the integrative treatment of cocaine dependence: randomized, parallel group, placebo controlled, double-blind trial </text></passage><passage><infon key="section">freetext</infon><infon key="lang">en</infon><offset>-1</offset><text>Cocaine dependence</text></passage><passage><infon key="section">freetext</infon><infon key="lang">en</infon><offset>-1</offset><text>The 52 patients randomized to the Homeopathy group will be treated as follows: 
- CAPS-AD treatment as usual; </text></passage><passage><infon key="section">inclusion_criteria</infon><infon key="lang">en</infon><offset>-1</offset><text>104 patients who meet the criteria for cocaine dependence from the International Statistical Classification of Diseases and related health problems 10th revision - World Health Organization.  Fixed address; capacity and willingness to give informed consent and to comply with study procedures were also required.</text></passage><passage><infon key="section">exclusion_criteria</infon><infon key="lang">en</infon><offset>-1</offset><text>Cocaine abstinence at inclusion interview; disabling clinical or psychiatric diseases that would hinder regular participation in the study. Acupunture or homeopathic treatment simultaneously to the study; simultaneous participation in another clinical trial; pregnancy; patients who are assumed to have a linguistic, intellectual or any other reason for not understanding the meaning of the clinical trial and for not complying with the necessary study procedures. Patients that after inclusion and first medical visit do not return for any visit will be excluded and their data will not be used for statistical analysis only for </text></passage><passage><infon key="section">primary_outcome</infon><infon key="lang">en</infon><offset>-1</offset><text>Primary efficacy measure will be the increase of the mean of abstinent days at weeks 7 and 8 assessed by means of a standardized consumption sheet.</text></passage><passage><infon key="section">primary_outcome</infon><infon key="lang">pt-br</infon><offset>-1</offset><text>A medida primária de eficácia será o aumento da média de dias em abstinência nas semanas 7 e 8 avaliada por meio de uma folha de consumo padronizada.  </text></passage><passage><infon key="section">secondary_outcome</infon><infon key="lang">en</infon><offset>-1</offset><text>Increase in the mean of abstinent days; reduction in cocaine craving (assessed by means of Minnesota Cocaine Craving Scale) and improvement in quality of life (assessed by 12-Item Short-Form Health Survey). Tolerability will be assessed by adverse events reported in both groups during the 8 weeks of study duration.</text></passage><passage><infon key="section">secondary_outcome</infon><infon key="lang">pt-br</infon><offset>-1</offset><text>Aumento da média de dias de abstinência; redução da fissura por cocaína (avaliada por meio da Escala de Fissura de Cocaína de Minnesota) e melhora da qualidade de vida (avaliada pelo 12-Item Short-Form Health Survey). A tolerabilidade será avaliada pela média de eventos adversos informados durante as 8 semanas de duração do estudo.</text></passage><passage><infon key="section">public_title</infon><infon key="lang">pt-br</infon><offset>-1</offset><text>Homeopatia na dependência pela cocaína ou crack.</text></passage><passage><infon key="section">scientific_title</infon><infon key="lang">pt-br</infon><offset>-1</offset><text>Potências homeopáticas de Opium  e Erythroxylum coca no tratamento integrativo da dependência da cocaína: estudo randomizado, com grupos paralelos, placebo controlado e duplo-cego  </text></passage><passage><infon key="section">freetext</infon><infon key="lang">pt-br</infon><offset>-1</offset><text>Os 52 pacientes  
aleatoriamente alocados para o grupo Homeopatia serão tratados da seguinte forma:</text></passage><passage><infon key="section">inclusion_criteria</infon><infon key="lang">pt-br</infon><offset>-1</offset><text>104 pacientes que safistaçam os critérios de dependência de cocaína da Classificação Internacional das Doenças e problemas relacionados de saúde 10a revisão - Organização Mundial da Saúde. Residência fixa; capacidade de compreensão e concordância escrita com o termo de consentimento livre e informado e com os procedimentos do estudo também serão condições necessárias à inclusão.  </text></passage><passage><infon key="section">exclusion_criteria</infon><infon key="lang">pt-br</infon><offset>-1</offset><text>Abstinência da cocaína-crack por ocasião da entrevista de inclusão; co-morbidades clínicas ou psiquiátricas incapacitantes que dificultem a participação regular no estudo. Participação simultânea em outros estudos clínicos; tratamento simultâneo com acupuntura ou outro medicamento homeopático; gestação; incapacidade intelectual ou de entendimento do idioma para compreender o significado do estudo ou colaborar com seus procedimentos. O paciente que após a inclusão e a primeira consulta médica não comparecer a qualquer outra avaliação ou consulta será excluído do estudo e seus dados não serão incluídos na análise estatística sendo apenas contabilizados na avaliação dos abandonos. A motivação para mudança será brevemente avaliada e sujeitos em estado “pré-contemplativo ou contemplativo”  em relação à dependência de cocaína e/ou crack não serão incluídos.</text></passage></document></collection>