<?xml version="1.0" encoding="UTF-8"?><!DOCTYPE collection SYSTEM "BioC.dtd"><collection><source></source><date></date><key></key><document><id>RBR-5h9b3c</id><passage><infon key="section">public_title</infon><infon key="lang">en</infon><offset>-1</offset><text>Low-dose combined oral contraceptives use is associated to lower bone mass in adolescents over a one-year period</text></passage><passage><infon key="section">scientific_title</infon><infon key="lang">en</infon><offset>-1</offset><text>Bone mineral density in adolescents using combined oral contraceptives</text></passage><passage><infon key="section">freetext</infon><infon key="lang">en</infon><offset>-1</offset><text>Bone Mineral Density, Bone Mineral Content</text></passage><passage><infon key="section">freetext</infon><infon key="lang">en</infon><offset>-1</offset><text>Experimental Group: 41 healthy adolescents using low dose contraceptives containing 20 µg ethinylestradiol  and 150 µg desogestrel in a period of one year.
Control Group: 26 healthy adolescents not using these contraceptives, no treatment. </text></passage><passage><infon key="section">inclusion_criteria</infon><infon key="lang">en</infon><offset>-1</offset><text>healthy female volunteers; between 12 and 20 years old; who were post menarche and had regular menstrual cycles; attending the Adolescent Medicine Outpatient Clinic at Botucatu University Hospital from the São Paulo State University -UNESP; not using any type of hormonal contraceptive. </text></passage><passage><infon key="section">exclusion_criteria</infon><infon key="lang">en</infon><offset>-1</offset><text>premature or low birth weight; prolonged steroid treatment; with diabetes mellitus, acute or chronic malnutrition, congenital or acquired bone diseases, gastrointestinal malabsorption, history of nephropathy, endocrinopathies; early or late puberty; chronic drug consumption; use of medication known to negatively affect bone metabolism.</text></passage><passage><infon key="section">primary_outcome</infon><infon key="lang">en</infon><offset>-1</offset><text>To compare the Bone Mineral Density evaluated with dual-energy X-ray absorptiometry (DXA) using a Hologic QDR 4500 Discovery A apparatus of adolescents using  low dose contraceptives with results from healthy adolescents not using contraceptives.</text></passage><passage><infon key="section">primary_outcome</infon><infon key="lang">pt-br</infon><offset>-1</offset><text>Comparar a avaliação da Densidade Mineral Óssea obtida por atenuação de raio x de dupla energia (DXA) utilizando aparelho Hologic QDR 4500 Discovery A de adolescentes usuárias de contraceptivos de baixa dosagem com resultados provenientes de adolescentes saudáveis, não usuárias de contraceptivos.  </text></passage><passage><infon key="section">primary_outcome</infon><infon key="lang">en</infon><offset>-1</offset><text>Contraceptives users presented low bone mass acquisition in the lumbar spine bone mineral density with variation percentages between initial and final moments (+2.07%). The control group presented variations (+12.16%) over the same period. </text></passage><passage><infon key="section">primary_outcome</infon><infon key="lang">pt-br</infon><offset>-1</offset><text>As usuárias de contraceptivos de baixa dosagem apresentaram incremento em sua densidade mineral óssea de coluna lombar de +2,07% entre o início e o término do estudo. O grupo controle apresentou variação de +12,16% no mesmo período.</text></passage><passage><infon key="section">secondary_outcome</infon><infon key="lang">en</infon><offset>-1</offset><text>The use of a low COC dose with Ethinylestradiol 20µg/Desogestrel 150µg was associated to lower bone mass acquisition in adolescents during the study period. </text></passage><passage><infon key="section">secondary_outcome</infon><infon key="lang">pt-br</infon><offset>-1</offset><text>O uso de anticoncepcional oral contendo 20 µg de Etinilestradiol e 150µg de Desogestrel se associou a baixo acumulo de massa óssea em adolescentes durante o período do estudo</text></passage><passage><infon key="section">public_title</infon><infon key="lang">pt-br</infon><offset>-1</offset><text>Uso de anticoncepcional oral combinado de baixa dosagem por adolescentes se associa a baixa massa óssea em período de um ano
</text></passage><passage><infon key="section">scientific_title</infon><infon key="lang">pt-br</infon><offset>-1</offset><text>Densidade mineral óssea em adolescentes usuárias de anticoncepcional oral combinado
</text></passage><passage><infon key="section">freetext</infon><infon key="lang">pt-br</infon><offset>-1</offset><text>Grupo experimental: 41 adolescentes saudáveis utilizarão anticoncepcional oral de baixa dosagem padronizado (Etinil estradiol 20 µg/ Desogestrel 150 µg), por período de um ano de seu uso.
Grupo Controle: 26 adolescentes saudáveis do mesmo sexo e faixa etária, não usuárias de anticoncepcional oral, portanto sem tratamento. </text></passage><passage><infon key="section">inclusion_criteria</infon><infon key="lang">pt-br</infon><offset>-1</offset><text>adolescentes de 12 a 20 anos incompletos; voluntárias; saudáveis; pós-menarca e com ciclos menstruais regulares; matriculadas no Ambulatório de Medicina de Adolescentes do Hospital das Clínicas da Faculdade de Medicina de Botucatu -UNESP; não usuárias de anticoncepcionais orais.</text></passage><passage><infon key="section">exclusion_criteria</infon><infon key="lang">pt-br</infon><offset>-1</offset><text>prematuras ou com baixo peso ao nascimento;
submetidas à terapia prolongada com corticóides; as portadoras de diabetes mellitus, desnutrição aguda ou crônica, doenças ósseas congênitas ou adquiridas, doenças gastrintestinais, com nefropatia, endocrinopatias; puberdade precoce ou atrasada;consumo crônico de drogas;</text></passage></document></collection>