<?xml version="1.0" encoding="UTF-8"?><!DOCTYPE collection SYSTEM "BioC.dtd"><collection><source></source><date></date><key></key><document><id>RBR-5pj5bb</id><passage><infon key="section">public_title</infon><infon key="lang">en</infon><offset>-1</offset><text>Effects of mate tea consumption on muscle strength recovery and indicators of inflammation and damage caused by free radicals after exercise</text></passage><passage><infon key="section">scientific_title</infon><infon key="lang">en</infon><offset>-1</offset><text>Effects of mate tea (ilex paraguariensis) consumption on muscle strength and concentration of inflammatory and oxidative stress markers after eccentric exercise </text></passage><passage><infon key="section">freetext</infon><infon key="lang">en</infon><offset>-1</offset><text>Muscle damage, muscle strength restoration, oxidative stress, inflammation</text></passage><passage><infon key="section">freetext</infon><infon key="lang">en</infon><offset>-1</offset><text>Participants will drink 200 mL of mate tea (n=11) or water (control) (n=11), 3 times a day for 11 days, in the morning, afternoon, and evening. Each subject will receive a package containing 50 g of lyophilized mate extract. The mate tea must be prepared by diluting 1 g of lyophilized mate extract in 200 mL of cold water (5 mg / ml).
In the morning of the 8th day of treatments with mate tea or control, the volunteers will perform a protocol of exercise with one arm specifically designed to induce muscle damage (i.e. three sets of 20 maximal eccentric elbow flexion exercises). A maximal isometric strength test will be performed before, immediately after, and 24 (day 9), 48 h (day 10), and 72 h (day 11) after eccentric exercise protocol.</text></passage><passage><infon key="section">inclusion_criteria</infon><infon key="lang">en</infon><offset>-1</offset><text>Healthy male, 19 to 30 years old; physically active.</text></passage><passage><infon key="section">exclusion_criteria</infon><infon key="lang">en</infon><offset>-1</offset><text>Athletes; participation in formalized resistance or aerobic training programs in the previous three months preceding the study; smoking; having any disease, infection, or inflammatory processes; history of upper limb injury; and using any medication, ergogenic aids, herbal supplements, or vitamin/mineral supplements.  </text></passage><passage><infon key="section">primary_outcome</infon><infon key="lang">en</infon><offset>-1</offset><text>Improvement in the rate of muscle recovery, determined by measuring the maximal elbow flexion strength (N.m) immediately after and 24, 48, and, 72 h after eccentric exercise</text></passage><passage><infon key="section">primary_outcome</infon><infon key="lang">pt-br</infon><offset>-1</offset><text>Melhora no percentual de recuperação muscular, determinado através da medida da força máxima de flexão do cotovelo (N.m), imediatamente depois e 24, 48 e 72 h após o exercício excêntrico </text></passage><passage><infon key="section">secondary_outcome</infon><infon key="lang">en</infon><offset>-1</offset><text>Increase in blood reduced glutathione concentration (umol/g Hb)</text></passage><passage><infon key="section">secondary_outcome</infon><infon key="lang">pt-br</infon><offset>-1</offset><text>Aumento na concentração sanguínea de glutationa reduzida (umol/g Hb)    </text></passage><passage><infon key="section">public_title</infon><infon key="lang">pt-br</infon><offset>-1</offset><text>Efeito do consumo de chá mate na recuperação da força muscular e em indicadores da inflamação e de danos causados por radicais livres após o exercício </text></passage><passage><infon key="section">scientific_title</infon><infon key="lang">pt-br</infon><offset>-1</offset><text>Efeito do consumo de chá mate (ilex paraguariensis) na força muscular e na concentração de marcadores inflamatórios e do estresse oxidativo após exercício excêntrico </text></passage><passage><infon key="section">freetext</infon><infon key="lang">pt-br</infon><offset>-1</offset><text>Os participantes consumirão 200 mL de chá mate (n=13) ou água (controle) (n=13), 3 vezes ao dia, por 11 dias, pela manhã, à tarde e à noite. Cada indivíduo receberá uma embalagem contendo 50 g de extrato de mate tostado liofilizado solúvel comercial. O chá mate deverá ser preparado diluindo-se 1 g de extrato de mate liofilizado em 200 mL de água fria (5 mg/mL).
Na manhã do dia 8 de tratamentos com o chá mate ou controle, os voluntários irão realizar um protocolo de exercício desenvolvido especificamente para induzir dano muscular (i.e. três séries de 20 exercícios excêntricos máximos de flexão de cotovelo). Um teste de força isométrica máxima será realizado antes; imediatamente após e 24 (dia 9), 48 h (dia 10) e 72 h (dia 11) depois do protocolo de exercício excêntrico.</text></passage><passage><infon key="section">inclusion_criteria</infon><infon key="lang">pt-br</infon><offset>-1</offset><text>Homem saudável; idade 19 a 30 anos; fisicamente ativos.</text></passage><passage><infon key="section">exclusion_criteria</infon><infon key="lang">pt-br</infon><offset>-1</offset><text>Atletas; participação regular em treinamento contrarresistência ou aeróbio nos três meses precedentes ao estudo; tabagistas; portadores de doenças ou processos infecciosos ou inflamatórios; história de lesão em membros superiores; uso de medicamentos, recursos ergogênicos, fitoterápicos ou suplementos de micronutrientes.</text></passage></document></collection>