<?xml version="1.0" encoding="UTF-8"?><!DOCTYPE collection SYSTEM "BioC.dtd"><collection><source></source><date></date><key></key><document><id>RBR-3p8g7n</id><passage><infon key="section">public_title</infon><infon key="lang">en</infon><offset>-1</offset><text>Clinical Trial of Telavancin Versus Standard Intravenous Therapy in the Treatment of Subjects with Staphylococcus aureus Bacteremia Including Infective Endocarditis</text></passage><passage><infon key="section">scientific_title</infon><infon key="lang">en</infon><offset>-1</offset><text>A Phase 3 Multicenter, Randomized, Open-label, Clinical Trial of Telavancin Versus Standard Intravenous Therapy in the Treatment of Subjects with Staphylococcus aureus Bacteremia Including Infective Endocarditis</text></passage><passage><infon key="section">freetext</infon><infon key="lang">en</infon><offset>-1</offset><text>Staphylococcus aureus Bacteremia Including Infective Endocarditis</text></passage><passage><infon key="section">freetext</infon><infon key="lang">en</infon><offset>-1</offset><text>Experimental group: In total, 124 subjects will receive Telavancin, 7.5 mg/kg, intravenously (IV) in 100 to 250 mL over 60 (+/- 10) minutes, once every 24 hours for 2 to 6 weeks. For Brazil, 6 subjects are expected.
Control group: In total, 124 subjects will receive standard IV therapy, administered for 2 to 6 weeks: Vancomycin (recommended dose of 15 mg/kg IV q12 hours); Daptomycin (recommended dose of 6 mg/kg IV q24 hours); Anti-staphylococcal or a protocol-specified ?-lactam antibiotic with anti-staphylococcal activity (ie, nafcillin, oxacillin, cloxacillin) recommended dose of 2 gm IV q4 hours or 12 gm IV continuous infusion over 24 hours; or Cefazolin (recommended dose of 2 gm IV q8 hours). For Brazil, 5 subjects are expected. </text></passage><passage><infon key="section">inclusion_criteria</infon><infon key="lang">en</infon><offset>-1</offset><text>Male or female at least 18 years old at the time of consent; subject has signed an ICF; at least one blood culture positive for S. aureus obtained within 48 hours before randomization; subject must have at least one of the following signs or symptoms of bacteremia: temperature up or equal to 38.0°C, white blood cell (WBC) count up to 10,000 or less than 4,000 cells/µL, or up to 10% immature neutrophils (bands) regardless of total peripheral WBC count; tachycardia (heart rate up to 90 bpm); tachypnea (respiratory rate up to 20 breaths/min); hypotension (systolic blood pressure less than 90 mmHg); signs and symptoms of localized catheter-related infection; subject must, at enrollment, have either 1) known right-sided infective endocarditis by Modified Duke’s Criteria, 2) known complicated bacteremia, demonstrated as signs or symptoms of metastatic foci of S. aureus infection, or 3) at least one of the following risk factors for complicated bacteremia: a central venous catheter (CVC) in the internal jugular or subclavian vein; any CVC considered to be the source of the infection, demonstrated by inflammation or purulent drainage from the CVC insertion site; presence of a long-term intravascular catheter, must be removed within 3 days after enrollment; new or diastolic cardiac murmur; community onset bacteremia; pathogen known to be MRSA at enrollment; duration of symptoms up or equal to 2 days at time of presentation (prior to start of antibiotic therapy); skin exam findings suggesting acute systemic infection; willing to receive intravenous antibiotics for the duration of treatment; expected survival of at least 3 months; female subjects must be non-pregnant and non-lactating; if sexually active, must agree to use a highly effective method of birth control with partners of childbearing potential during the study and for 1 month after study drug dosing; considered likely to comply with the study procedures and to return for scheduled evaluations.</text></passage><passage><infon key="section">exclusion_criteria</infon><infon key="lang">en</infon><offset>-1</offset><text>Treatment with any potentially effective (anti-staphylococcal) systemic antibiotic for more than 48 hours within 7 days before randomization; requirement or anticipated requirement of potentially effective (anti-staphylococcal) non-study systemic antibiotics during the study; presence of an infection source that will not be managed or controlled within the first 3 days of study drug treatment; presence of prosthetic cardiac valve or cardiac device; known or suspected left-sided infective endocarditis (LIE), according to Modified Duke Criteria; known or suspected osteomyelitis or meningitis; prior episode of invasive S. aureus infection within the past 30 days; infecting pathogen with confirmed (prior to enrollment) non-susceptibility to telavancin; or confirmed non-susceptibility to daptomycin and a vancomycin MIC </text></passage><passage><infon key="section">primary_outcome</infon><infon key="lang">en</infon><offset>-1</offset><text>Clinical success or failure at Test of Cure (TOC) visit determined by the investigator and adjudicated by the blinded IEAC. The point estimate and confidence interval (CI) for the treatment difference will be calculated using the Mantel-Haenszel approach.</text></passage><passage><infon key="section">primary_outcome</infon><infon key="lang">pt-br</infon><offset>-1</offset><text>Sucesso ou falha clínica na visita do Teste de Cura (TOC) determinados pelo investigador e julgado pelo IEAC atuando em modo cego. O ponto estimado e o intervalo de confiança para a diferença entre tratamentos serão calculados utilizando-se a abordagem de Mantel-Haenszel. </text></passage><passage><infon key="section">secondary_outcome</infon><infon key="lang">en</infon><offset>-1</offset><text>Not applicable.</text></passage><passage><infon key="section">secondary_outcome</infon><infon key="lang">pt-br</infon><offset>-1</offset><text>Não aplicável.</text></passage><passage><infon key="section">public_title</infon><infon key="lang">pt-br</infon><offset>-1</offset><text>Estudo de eficácia e segurança de Telavancina em comparação à terapia intravenosa padrão no tratamento de pacientes com Bacteremia por Staphylococcus aureus, incluindo Endocardite Infecciosa</text></passage><passage><infon key="section">scientific_title</infon><infon key="lang">pt-br</infon><offset>-1</offset><text>Estudo clínico de Fase 3, multicêntrico, aberto, randomizado de Telavancina em comparação à terapia intravenosa padrão no tratamento de pacientes com Bacteremia por Staphylococcus aureus, incluindo Endocardite Infecciosa</text></passage><passage><infon key="section">freetext</infon><infon key="lang">pt-br</infon><offset>-1</offset><text>Grupo experimental: No total, 124 participantes receberão Telavancina 7,5 mg/kg, por via intravenosa (IV), em 100 a 250 ml ao longo de 60 (+/- 10) minutos, uma vez a cada 24 horas por 2 a 6 semanas. Para o Brasil, 6 participantes estão previstos.
Grupo controle: No total, 124 participantes receberão a terapia padrão, administrada por 2 a 6 semanas: Vancomicina (dose IV recomendada de 15 mg/kg a cada 12 horas); Daptomicina (dose IV recomendada de 6 mg/kg a cada 24 horas); Antibiótico antiestafilocócico ou betalactâmico especificado no protocolo com atividade antiestafilocócica (ou seja, nafcilina, oxacilina, cloxacilina) à dose IV recomendada de 2 g a cada 4 horas ou 12 g por infusão IV contínua ao longo de 24 horas; ou Cefazolina (dose IV recomendada de 2 g a cada 8 horas). Para o Brasil, 5 participantes estão previstos.</text></passage><passage><infon key="section">inclusion_criteria</infon><infon key="lang">pt-br</infon><offset>-1</offset><text>Homens ou mulheres maiores de 18 anos no momento do consentimento; assinatura do TCLE pelo participante; pelo menos uma hemocultura positiva para S. aureus obtida até 48 horas antes da randomização; apresentação de pelo menos um dos seguintes sinais ou sintomas de bacteremia: temperatura maior ou igual a 38,0°C; contagem de leucócitos (WBC) maior do que 10.000 ou menor do que 4.000 células/µL ou maior do que 10% de neutrófilos imaturos (segmentados), independentemente da contagem total de WBC no sangue periférico; taquicardia (frequência cardíaca maior do que 90 bpm); taquipneia (frequência respiratória maior do que 20 respirações/minuto); hipotensão (pressão arterial sistólica menor do que 90 mmHg); sinais e sintomas de infecção localizada relacionada a cateter; apresentação, na inclusão, um dos seguintes problemas: 1) endocardite infecciosa do lado direito conhecida, conforme os critérios modificados de Duke, 2) bacteremia complicada conhecida, demonstrada por sinais ou sintomas de focos metastáticos de infecção por S. aureus ou 3) pelo menos um dos fatores de risco para bacteremia complicada abaixo relacionados: um cateter venoso central (CVC) na veia jugular interna ou veia subclávia; qualquer CVC considerado origem da infecção, conforme demonstrado por inflamação ou drenagem de secreção purulenta no local de inserção do CVC; pesença de cateter intravascular de longo prazo; é necessário removê-lo até 3 dias após a inclusão dos participantes; sopro cardíaco novo ou diastólico; surto comunitário de bacteremia; patógeno conhecidamente identificado como MRSA na inclusão; duração dos sintomas maior ou igual a 2 dias no momento da apresentação do participante (anteriormente ao início da terapia antibiótica); achados em exames dermatológicos sugerindo infecção aguda sistêmica; disposição para receber antibióticos por via intravenosa durante todo o tratamento; expectativa de sobrevida de pelo menos 3 meses; mulheres não podem estar grávidas nem amamentando; participantes sexualmente ativos precisam concordar em usar um método contraceptivo de alta eficácia com parceiras férteis durante todo o estudo e por 1 mês após a administração do medicamento do estudo; considerado propenso a aderir aos procedimentos do estudo e a retornar para as avaliações agendadas.</text></passage><passage><infon key="section">exclusion_criteria</infon><infon key="lang">pt-br</infon><offset>-1</offset><text>Tratamento com qualquer antibiótico sistêmico potencialmente eficaz (antiestafilocócico) por mais de 48 horas até 7 dias antes da randomização; necessidade ou previsão de necessidade de uso, durante o estudo, de antibióticos sistêmicos potencialmente eficazes (antiestafilocócicos) não incluídos no estudo; presença de uma origem de infecção que não possa ser tratada ou controlada até os 3 primeiros dias de tratamento com o medicamento do estudo; presença de prótese de valva cardíaca ou dispositivo cardíaco; endocardite infecciosa do lado esquerdo (EIE) conhecida ou suspeita, de acordo com os critérios modificados de Duke; quadro confirmado ou suspeito de osteomielite ou meningite; episódio anterior de infecção invasiva por S. aureus nos últimos 30 dias; infecção por patógeno confirmadamente (antes da inclusão do participante) não suscetível à telavancina; ou não suscetibilidade confirmada à daptomicina e com valor de MIC de vancomicina </text></passage></document></collection>