<?xml version="1.0" encoding="UTF-8"?><!DOCTYPE collection SYSTEM "BioC.dtd"><collection><source></source><date></date><key></key><document><id>RBR-3jtgfh</id><passage><infon key="section">public_title</infon><infon key="lang">en</infon><offset>-1</offset><text>Prophylactic antibiotic therapy indicated in reduction mammoplasty: clarifying its role in the prevention of surgical wound infection</text></passage><passage><infon key="section">scientific_title</infon><infon key="lang">en</infon><offset>-1</offset><text>Effectiveness of antibiotic prophylaxis in a single dose in the infection prevention on reduction mammoplasty surgery</text></passage><passage><infon key="section">freetext</infon><infon key="lang">en</infon><offset>-1</offset><text>Mammary hipertrophy</text></passage><passage><infon key="section">freetext</infon><infon key="lang">en</infon><offset>-1</offset><text>Cephalothin 2g intravenous administration in single dose 30 minutes before mammaplasty surgery in a experimental group of 75 patients and other  75 patients control group without the use of antibiotic</text></passage><passage><infon key="section">inclusion_criteria</infon><infon key="lang">en</infon><offset>-1</offset><text>woman, age from 18 to 70 years old, approved by the hospital medical joint comission; body mass index between 25 to 30
</text></passage><passage><infon key="section">exclusion_criteria</infon><infon key="lang">en</infon><offset>-1</offset><text>Using steroids ; have used antibiotics in the last 7 days prior to the surgery
</text></passage><passage><infon key="section">primary_outcome</infon><infon key="lang">en</infon><offset>-1</offset><text>Reduction of surgical site infection rates in the group with antibiotic prophylaxis when compared to antibiotic-free control group after follow-up for 35 days after surgery, observing the surgical wound behavior weekly and throught statistical evaluation of the data, with absolute and relative frequencies for categoric variables (surgical site infection, prophylactic antibiotic, ptosis, hypertrophy) and mean, standard deviation and median for numeric variables (weight resected, surgery time)with an error margin of 5% to define its statistical significance</text></passage><passage><infon key="section">primary_outcome</infon><infon key="lang">pt-br</infon><offset>-1</offset><text>Redução nos índices de infecção de sítio cirúrgico no grupo com antibioticoprofilaxia quando comparado ao grupo controle sem antibiótico, após acompanhamento por 35 dias no pós operatório, observando-se o comportamento da ferida cirúrgica semanalmente e atráves de  frequências absolutas e percentuais para as variáveis categóricas (infecção de sítio cirúrgico, antibiótico profilático, prose, hipertrofia) e  média, desvio padrão e mediana para as variáveis numéricas (peso ressecado, tempo cirúrgico) , com uma margem de erro de 5% a definir sua significância estatística. </text></passage><passage><infon key="section">secondary_outcome</infon><infon key="lang">en</infon><offset>-1</offset><text>Secondary outcomes are not expected</text></passage><passage><infon key="section">secondary_outcome</infon><infon key="lang">pt-br</infon><offset>-1</offset><text>não são esperados desfechos secundários</text></passage><passage><infon key="section">public_title</infon><infon key="lang">pt-br</infon><offset>-1</offset><text>Indicação de antibioticoterapia profilática em mamaplastia redutora: esclarecendo seu papel na prevenção de infecção de ferida cirúrgica  </text></passage><passage><infon key="section">scientific_title</infon><infon key="lang">pt-br</infon><offset>-1</offset><text>Eficácia da antibiótico profilaxia em dose única na prevenção de infecção em cirurgia de mamaplastia redutora</text></passage><passage><infon key="section">freetext</infon><infon key="lang">pt-br</infon><offset>-1</offset><text>Administração de Cefalotina 2g endovenosa em dose única 30 minutos antes da cirurgia de mamaplastia num grupo experimental de 75 pacientes e um outros de 75 pacientes como controle sem o uso do antibiotico</text></passage><passage><infon key="section">inclusion_criteria</infon><infon key="lang">pt-br</infon><offset>-1</offset><text>mulher;idade entre 18 e 70 anos;aprovado pela junta médica do hospital ; índice de massa corporal variando de 25 a 30

</text></passage><passage><infon key="section">exclusion_criteria</infon><infon key="lang">pt-br</infon><offset>-1</offset><text>usando esteróides ; uso de antibiotico nos últimos 7 dias prévios a cirurgia

</text></passage></document></collection>