<?xml version="1.0" encoding="UTF-8"?><!DOCTYPE collection SYSTEM "BioC.dtd"><collection><source></source><date></date><key></key><document><id>RBR-45xmzj</id><passage><infon key="section">public_title</infon><infon key="lang">en</infon><offset>-1</offset><text>Effect and tooth sensitivity caused by the use of hydrogen peroxide gel in at-home bleaching - clinical study.</text></passage><passage><infon key="section">scientific_title</infon><infon key="lang">en</infon><offset>-1</offset><text>Randomized clinical trial on the efficacy and tooth sensitivity of different concentrations of hydrogen peroxide.
</text></passage><passage><infon key="section">freetext</infon><infon key="lang">en</infon><offset>-1</offset><text>Dentin sensitivity, Dental bleaching</text></passage><passage><infon key="section">freetext</infon><infon key="lang">en</infon><offset>-1</offset><text>Group HP 4% : will be held at-home dental bleaching in 35 volunteers for a period of 14 days. Volunteers will receive the syringe containing the bleaching gel and apply the product on the tray individually acetate, twice daily sessions of 30 min each .

Group HP 10% : will be held at-home dental bleaching in 35 volunteers for a period of 14 days. Volunteers will receive the syringe containing the bleaching gel and apply the product on the tray individually acetate, twice daily sessions of 30 min each .</text></passage><passage><infon key="section">inclusion_criteria</infon><infon key="lang">en</infon><offset>-1</offset><text>Patients older than 18 years; good oral and general health; free maxillary anterior teeth restorations and do not carious lesion present; have the color of A2 or darker teeth according to the color scale Classical Vita (Vita Zahnfabrik, Bad Säckingen, Germany).</text></passage><passage><infon key="section">exclusion_criteria</infon><infon key="lang">en</infon><offset>-1</offset><text>Patients who already underwent tooth whitening; pregnant or lactating patients; who report tooth sensitivity; staining tetracycline; fluorosis or endodontics; with parafunctional habits, patients with dental prostheses; appliances orthodontic.</text></passage><passage><infon key="section">primary_outcome</infon><infon key="lang">en</infon><offset>-1</offset><text> The difference in color between the baseline condition and 1 month post-bleaching will be assessed by Vita Classical and Bleachedguide Vita shade guide as well as with the Vita Easyshade spectrophotometer. The data will be presented as means and standard deviations</text></passage><passage><infon key="section">primary_outcome</infon><infon key="lang">pt-br</infon><offset>-1</offset><text> A diferença de cor entre a condição inicial e 1 mês após clareamento será avaliada através das escalas de cor Vita Classical e Vita Bleachedguide e também com o espectrofotômetro Vita Easyshade. Os dados serão apresentados na forma de médias e desvios padrões.</text></passage><passage><infon key="section">secondary_outcome</infon><infon key="lang">en</infon><offset>-1</offset><text>The intensity of tooth sensitivity will be assessed using the numeric 5-point scale (NRS 0-4) and the visual analogue scale (VAS 0-10) and will be presented as means and standard deviations daily during dental bleaching,</text></passage><passage><infon key="section">secondary_outcome</infon><infon key="lang">pt-br</infon><offset>-1</offset><text> A intensidade da sensibilidade dental será avaliada através da escala numérica de 5 pontos (NRS 0-4) e da escala visual analógica VAS (0-10) e será apresentada como média e desvio padrão dos valores obtidos diariamente durante o tratamento.</text></passage><passage><infon key="section">public_title</infon><infon key="lang">pt-br</infon><offset>-1</offset><text>Avaliação do efeito e da sensibilidade dental causada pelo uso do gel de peróxido de hidrogênio no clareamento caseiro - estudo clínico.</text></passage><passage><infon key="section">scientific_title</infon><infon key="lang">pt-br</infon><offset>-1</offset><text>Efetividade e sensibilidade dental advinda do uso peróxido de hidrogênio em diferentes concentrações no clareamento dental – estudo clínico.
</text></passage><passage><infon key="section">freetext</infon><infon key="lang">pt-br</infon><offset>-1</offset><text>Grupo PH 4%: será realizado clareamento  caseiro em 35 voluntários pelo período de 14 dias. Os voluntários receberão a seringa contendo o gel clareador e aplicarão o produto em moldeira de acetato individual, duas vezes por dia em sessões de 30 min cada.

Grupo PH 10%:  será realizado clareamento  caseiro em 35 voluntários pelo período de 14 dias. Os voluntários receberão a seringa contendo o gel clareador e aplicarão o produto em moldeira de acetato i</text></passage><passage><infon key="section">inclusion_criteria</infon><infon key="lang">pt-br</infon><offset>-1</offset><text>Pacientes maiores de 18 anos; com boa saúde bucal e geral; com os dentes ântero-superiores livres de restaurações e que não 
apresentem lesão cariosa; possuir a cor dos dentes A2 ou mais escuros segundo a escala de cor Vita Classical (Vita Zahnfabrik, Bad </text></passage><passage><infon key="section">exclusion_criteria</infon><infon key="lang">pt-br</infon><offset>-1</offset><text>Pacientes que já realizaram clareamento dental; pacientes grávidas ou lactantes; pacientes que relatarem sensibilidade dental; manchamento por tetraciclina; fluorose; endodontia; com hábitos parafuncionais; portadores de prótese dental; portadores de aparelhos ortodônticos. </text></passage></document></collection>