<?xml version="1.0" encoding="UTF-8"?><!DOCTYPE collection SYSTEM "BioC.dtd"><collection><source></source><date></date><key></key><document><id>RBR-45ywtg</id><passage><infon key="section">public_title</infon><infon key="lang">en</infon><offset>-1</offset><text>Multiprofessional Program for Obesity Treatment in adolescents</text></passage><passage><infon key="section">scientific_title</infon><infon key="lang">en</infon><offset>-1</offset><text>Multidisciplinary Program for Obesity Treatment in Adolescents: efficacy trial</text></passage><passage><infon key="section">freetext</infon><infon key="lang">en</infon><offset>-1</offset><text>Obesity, Metabolic Syndrome</text></passage><passage><infon key="section">freetext</infon><infon key="lang">en</infon><offset>-1</offset><text>Multiprofessional program for Obesity Treatment 

Number of participants: In the first phase of the study will be involved 180 adolescents who are overweight or obese to profile and assess the prevalence of risk factors for Cardiovascular Diseases (CVD) and components of the metabolic syndrome. In the second phase will be part 90 adolescents from  those 180 that will be evaluated in phase 1, to compose three groups, two intervention groups (GI) (one group will participate in 16 weeks of intervention and another group will participate in 32 weeks of intervention) and a control group (CG), each counting with 30 teenagers.</text></passage><passage><infon key="section">inclusion_criteria</infon><infon key="lang">en</infon><offset>-1</offset><text>Adolescents classified as overweight or obese according to the criteria established by Cole et. al (2000); concordance of the adolescent and his/her parents/guardians in participating integrally in the interventions. </text></passage><passage><infon key="section">exclusion_criteria</infon><infon key="lang">en</infon><offset>-1</offset><text>The exclusion criteria will be: endocrine and metabolic diseases previously diagnosed and informed to the pediatrician; long-term alcohol consumption; use of glucocorticoids and psychotropics which could affect appetite regulation; less than 70 % compliance in all multidisciplinary interventions.</text></passage><passage><infon key="section">primary_outcome</infon><infon key="lang">en</infon><offset>-1</offset><text>Reducing body fat verified by bioelectrical impedance analysis device based on statistically significant difference (p &lt;0.05), comparing the measures of the week before the beginning of the interventions and the one obtained on the next week after the completion of 16 and/or 32 weeks of intervention.</text></passage><passage><infon key="section">primary_outcome</infon><infon key="lang">pt-br</infon><offset>-1</offset><text>Redução da gordura corporal verificada pelo aparelho de bioimpedância elétrica a partir da constatação de diferença estatística (p&lt;0,05), entre a avaliação feita na semana anterior ao início das intervenções e a mesma medida realizada na semana seguinte após o término das 16 e/ou 32 semanas de intervenção. </text></passage><passage><infon key="section">secondary_outcome</infon><infon key="lang">en</infon><offset>-1</offset><text>Increase the level of cardiorespiratory fitness verified by the 20 meters Leger test based on statistical difference (p &lt;0.05), among the results obtained on the week before the beginning of the interventions and those ones verified in the next week after the end of 16 and 32 weeks intervention.</text></passage><passage><infon key="section">secondary_outcome</infon><infon key="lang">pt-br</infon><offset>-1</offset><text>Aumento da aptidão cardiorrespiratória verificada por meio do teste Leger de 20 metros a partir da constatação de diferença estatística (p&lt;0,05), sendo realizada a avaliação na semana anterior ao início das intervenções e na semana seguinte após o término das 16 e 32 semanas de intervenção.</text></passage><passage><infon key="section">secondary_outcome</infon><infon key="lang">en</infon><offset>-1</offset><text>Improvements in the quality of life related to health checked by the generic questionnaire PedsQLTM 4.0 based on statistically significant difference (p &lt;0.05), among the evaluations being held on the week before the beginning of the interventions and on the next week after the end of 16 and 32 weeks intervention.</text></passage><passage><infon key="section">secondary_outcome</infon><infon key="lang">pt-br</infon><offset>-1</offset><text>Melhora da qualidade de vida relacionada à saúde verificada pelo questionário genérico PedsQLTM 4.0 a partir da constatação de diferença estatística (p&lt;0,05), sendo realizada a avaliação na semana anterior ao início das intervenções e na semana seguinte após o término das 16 e 32 semanas de intervenção.</text></passage><passage><infon key="section">secondary_outcome</infon><infon key="lang">en</infon><offset>-1</offset><text>Reduction in the prevalence of metabolic syndrome (MS) based on the cutoff points from the International Diabetes Federation (IDF 2007) having as a goal a 15% reduction among the assessment performed in the week before the beginning of the interventions and on the week after the completion of 16 and 32 weeks of intervention.</text></passage><passage><infon key="section">secondary_outcome</infon><infon key="lang">pt-br</infon><offset>-1</offset><text>Redução na prevalência de síndrome metabólica (SM) baseada nos pontos de corte do International Diabetes Federation (IDF, 2007) a partir da constatação de uma redução de 15% entre a avaliação realizada na semana anterior ao início das intervenções e na semana seguinte após o término das 16 e 32 semanas de intervenção.</text></passage><passage><infon key="section">public_title</infon><infon key="lang">pt-br</infon><offset>-1</offset><text>Programa Multiprofissional de Tratamento da Obesidade em adolescentes</text></passage><passage><infon key="section">scientific_title</infon><infon key="lang">pt-br</infon><offset>-1</offset><text>Programa Multiprofissional de Tratamento da Obesidade em adolescentes: Ensaio de Eficácia
</text></passage><passage><infon key="section">freetext</infon><infon key="lang">pt-br</infon><offset>-1</offset><text>Programa Multiprofissional de Tratamento da Obesidade 

Número de participantes: Na primeira fase do estudo farão parte 180 adolescentes com excesso de peso ou obesidade, para traçar o perfil e avaliar a prevalência de fatores de risco para Doenças Cardiovasculares (DCV) e componentes da Síndrome Metabólica. Para a segunda fase, farão parte 90 adolescentes entre os 180 que terão sido avaliados na fase 1, para a composição de 3 grupos, sendo dois grupos de intervenção (GI) (um grupo participará de 16 semanas de intervenção e outro grupo participará de 32 semanas de intervenção) e um grupo de controle (GC), cada um contando com 30 adolescentes. </text></passage><passage><infon key="section">inclusion_criteria</infon><infon key="lang">pt-br</infon><offset>-1</offset><text>Adolescentes com sobrepeso ou obesidade de acordo com os pontos de corte estabelecidos por Cole et. al (2000); concordância do adolescente e seu responsável em participar no programa multiprofissional de tratamento da obesidade; e disponibilidade para participar integralmente das intervenções. </text></passage><passage><infon key="section">exclusion_criteria</infon><infon key="lang">pt-br</infon><offset>-1</offset><text>Problemas genéticos, endócrinos ou metabólicos previamente diagnosticados e informados ao pediatra; consumo em longo prazo de álcool; uso de glicocorticoides ou psicotrópicos que poderiam afetar na regulação do apetite; taxa de adesão de no mínimo 70% das intervenções multiprofissionais.</text></passage></document></collection>