<?xml version="1.0" encoding="UTF-8"?><!DOCTYPE collection SYSTEM "BioC.dtd"><collection><source></source><date></date><key></key><document><id>RBR-439f77</id><passage><infon key="section">public_title</infon><infon key="lang">en</infon><offset>-1</offset><text>Behavioral intervention about adherence to oral antidiabetic to treatment of diabetes mellitus</text></passage><passage><infon key="section">scientific_title</infon><infon key="lang">en</infon><offset>-1</offset><text>Effect of strategies </text></passage><passage><infon key="section">freetext</infon><infon key="lang">en</infon><offset>-1</offset><text>diabetes mellitus type 2,
medication adherence, hypoglycemic agents, stress psychological </text></passage><passage><infon key="section">freetext</infon><infon key="lang">en</infon><offset>-1</offset><text>Experimental group: Application of strategies </text></passage><passage><infon key="section">inclusion_criteria</infon><infon key="lang">en</infon><offset>-1</offset><text>Patients of both genders with diabetes mellitus,type 2; adults over 18 years; continuous use for at least six months of oral antidiabetic agents; show an average score intention greater than or equal to 4.</text></passage><passage><infon key="section">exclusion_criteria</infon><infon key="lang">en</infon><offset>-1</offset><text>Drug administration by a caregiver; use insulin to treat diabetes mellitus; make diabetes monitoring in other health service.

</text></passage><passage><infon key="section">primary_outcome</infon><infon key="lang">en</infon><offset>-1</offset><text>Increasing the overall proportion of adherence to oral antidiabetic agents in more than 80%,determined through the action planning strategies and coping planning strategies from the realization of a range of at least 5% in the study beginning and end of the study.  </text></passage><passage><infon key="section">primary_outcome</infon><infon key="lang">pt-br</infon><offset>-1</offset><text>Aumento da proporção global de adesão aos antidiabéticos orais em mais que 80% no período de 105 dias, determinada por meio das estratégias de planejamento da ação e enfrentamento de obstáculos a partir da constatação de uma variação de pelo menos 5% no inicio do estudo e no final do estudo  </text></passage><passage><infon key="section">secondary_outcome</infon><infon key="lang">en</infon><offset>-1</offset><text>Decrease in glycated hemoglobin value in the period of 105 days, determined through the action planning strategies and coping planning strategies from the realization of a range of at least 5% in the study beginning and end of the study.  Decrease emotional distress related to diabetes in the period of 105 days,  determined through the action planning strategies and coping planning strategies from the realization of a range of at least 5% in the study beginning and end of the study.</text></passage><passage><infon key="section">secondary_outcome</infon><infon key="lang">pt-br</infon><offset>-1</offset><text>Diminuição do valor de hemoglobina glicada no período de 105 dias, determinada por meio das estratégias de planejamento da ação e enfrentamento de obstáculos a partir da constatação de uma variação de pelo menos 5% no inicio do estudo e no final do estudo  Diminuição do estresse emocional relacionado ao diabetes no período de 105 dias, determinada por meio das estratégias de planejamento da ação e enfrentamento de obstáculos a partir da constatação de uma variação de pelo menos 5% no inicio do estudo e no final do estudo </text></passage><passage><infon key="section">public_title</infon><infon key="lang">pt-br</infon><offset>-1</offset><text>Intervenção comportamental sobre a adesão dos antidiabéticos orais para o tratamento do diabetes mellitus</text></passage><passage><infon key="section">scientific_title</infon><infon key="lang">pt-br</infon><offset>-1</offset><text>Efeito das estratégias </text></passage><passage><infon key="section">freetext</infon><infon key="lang">pt-br</infon><offset>-1</offset><text>Grupo experimental: Aplicação presencial das estratégias de </text></passage><passage><infon key="section">inclusion_criteria</infon><infon key="lang">pt-br</infon><offset>-1</offset><text>Serão incluídos na amostra os sujeitos que atenderem aos seguintes critérios: fazer uso continuo de medicamentos antidiabéticos orais há pelo menos seis meses; ter habilidade para ler e escrever em português do Brasil; capazes de compreender e seguir as instruções do protocolo; possuir idade igual ou superior a 18 anos; demonstrar um escore médio de intenção comportamental positivo (maior ou igual a 4).</text></passage><passage><infon key="section">exclusion_criteria</infon><infon key="lang">pt-br</infon><offset>-1</offset><text>Serão excluídos da amostra os sujeitos que apresentarem aos seguintes critérios: administração dos medicamentos por um cuidador; utilizar insulina para o tratamento do DM tipo 2; realizar acompanhamento do diabetes em outro serviço de saúde.</text></passage></document></collection>