<?xml version="1.0" encoding="UTF-8"?><!DOCTYPE collection SYSTEM "BioC.dtd"><collection><source></source><date></date><key></key><document><id>RBR-4qpj2r</id><passage><infon key="section">public_title</infon><infon key="lang">en</infon><offset>-1</offset><text>Effect of Human Ration on Weight Loss and Bone Health in Overweight Women</text></passage><passage><infon key="section">scientific_title</infon><infon key="lang">en</infon><offset>-1</offset><text>Effect of Human Ration in Weight Loss and in Bone Health in Overweight Women</text></passage><passage><infon key="section">freetext</infon><infon key="lang">en</infon><offset>-1</offset><text>Weight loss. Organic mineral homeostase. Bone health.</text></passage><passage><infon key="section">freetext</infon><infon key="lang">en</infon><offset>-1</offset><text>Study led with female subjects enrolled in a Family Health Strategy in Viçosa, Minas Gerais. The minimum sample size of 20 individuals was calculated based on the study of Mera et al. (1998), based on body weight change of 6.4% and a standard deviation of 4.63 kg assuming a statistical power of 95 %, according to Allison et al. (2003). The inclusion criteria were body mass index greater than 25 kg/m2 and age between 24 and 45 years. This is a prospective, randomized, cross-over. The quantity of total study participants were 22 volunteers, from which are formed two groups of volunteers, randomly. The subjects were submitted to two different treatments in different orders, randomly: 15% caloric restriction associated with consumption of shake placebo containing no feed (human intervention one) then a 15% caloric restriction associated with the consumption of shake test feed containing 20 g (human intervention 2), or vice versa. Intervention 1: Shake the 11 subjects consumed milk containing 20 g of Feed Human as a substitute for breakfast, seven days per week for five weeks. Intervention 2: 11 subjects consumed a placebo as a substitute shake breakfast, seven days per week for five weeks. After the first intervention, 1 or 2, subjects underwent a week interval between treatments (washout) and soon after, the order of the speeches were exchanged and those individuals subjected to intervention 1 underwent intervention 2 and vice versa.</text></passage><passage><infon key="section">inclusion_criteria</infon><infon key="lang">en</infon><offset>-1</offset><text>Female gender. IMC higher than 25 and less than 34.9 kg/m2 and age between 24 and 45 years.</text></passage><passage><infon key="section">exclusion_criteria</infon><infon key="lang">en</infon><offset>-1</offset><text>Pregnant or breastfeeding women. Menopausal women or who underwent removal of the uterus. Which used anti-inflammatories. Who presented intolerance or allergy to any ingredient in the product. Which drink´s alcohol or smokes. Who were using the drug for inhibiting appetite. Antidepressants or whatever to interfere in bone mineral metabolism (bisphosphonates, anabolic steroids, calcitonin, fluoride, hormone replacement therapy, androgens, calcium, vitamin D, thiazide diuretics, and statins). Women with a history of conditions or diseases associated with changes in bone mass such as kidney disease (cholelithiasis, chronic renal failure), gastrointestinal disease (celiac disease, chronic liver disease, malabsorption syndrome, gastrectomy or colectomy). History of endocrine disease (hyperparathyroidism, hyperthyroidism or hypothyroidism). Fractures in the last six months. Which had shown restraint for more than two months and showed fluctuations in body weight greater than 5% in the two months before recruitment.</text></passage><passage><infon key="section">primary_outcome</infon><infon key="lang">en</infon><offset>-1</offset><text>Anthropometric and blood pressure evaluation: body weight, height, waist circumference and blood pressure level assessment. Body composition: measurement of body composition (lean and fat). Bone health: measurement of bone mineral content and serum biochemical bone metabolism markers. Iron and zinc bioavailability: biochemical measurements of serum iron, complete blood count, serum ferritin, plasma zinc and erythrocyte.</text></passage><passage><infon key="section">primary_outcome</infon><infon key="lang">pt-br</infon><offset>-1</offset><text>Avaliação antropométrica e da pressão arterial. Aferição do peso corporal, estatura, perímetro da cintura e avaliação do nível pressórico. Composição corporal: aferição da composição corporal (massa magra e gordurosa). Saúde óssea: aferição do conteúdo mineral ósseo e dosagens de marcadores bioquímicos do metabolismo ósseo. Biodisponibilidade de ferro e zinco: dosagens bioquímicas de ferro sérico, hemograma completo, ferritina sérica, zinco plasmático e eritrocitário. </text></passage><passage><infon key="section">primary_outcome</infon><infon key="lang">en</infon><offset>-1</offset><text>There were modifications in anthropometric measures weight and waist circumference, but there were no differences between treatments. There was no change in blood pressure level. Body composition and bone health showed no significant changes. The group that consumed "Human Ration" showed improvement in hemoglobin concentration (P = 0.0001) and were not observed any loss in relation to the absorption of zinc. Erythrocyte zinc and BMI (body mass index) showed a negative correlation r = -0.5123 P = 0.0005. </text></passage><passage><infon key="section">primary_outcome</infon><infon key="lang">pt-br</infon><offset>-1</offset><text>Houveram modificações quanto às medidas antropométricas peso e circunferência de cintura, porém não houve diferenças entre os tratamentos; Não houve modificação no nível de pressão arterial. A composição corporal e saúde óssea não apresentaram modificações significativas. O grupo que consumiu "Ração Humana" apresentou melhora na concentração de hemoglobina (P = 0,0001)  e não foram observados nenhum prejuízo em relação à absorção de zinco; O zinco eritrocitário e o IMC (índice de massa corporal) apresentaram correlação negativa r = -0,5123 P = 0,0005.</text></passage><passage><infon key="section">secondary_outcome</infon><infon key="lang">en</infon><offset>-1</offset><text>Food consumption: assessment of dietary intake by 3 day food record and Health eating index. Assessment of physical activity: International Questinário Physical Activity (IPAQ).</text></passage><passage><infon key="section">secondary_outcome</infon><infon key="lang">pt-br</infon><offset>-1</offset><text>Consumo alimentar: avaliação do consumo alimentar pelo registro alimentar de 3 dias e índice de qualidade da dieta. Avaliação do perfil de atividade física: Questionário Internacional de Atividade Física (IPAQ).</text></passage><passage><infon key="section">secondary_outcome</infon><infon key="lang">en</infon><offset>-1</offset><text>Volunteers who consumed "Human Ration" showed a significant increase in iron intake (P = 0.0002), phosphorus (P &lt; 0.0001), zinc (P &lt; 0.0001) and vitamin E (P = 0.001). There were no changes in physical activity level of the volunteers.</text></passage><passage><infon key="section">secondary_outcome</infon><infon key="lang">pt-br</infon><offset>-1</offset><text>As voluntárias que consumiram "Ração Humana" apresentaram aumento significativo do consumo de ferro (P = 0,0002), fósforo (P &lt; 0,0001), zinco (P &lt; 0,0001) e vitamina E (P = 0,001). Não houveram modificações no nível de atividade física das voluntárias.</text></passage><passage><infon key="section">public_title</infon><infon key="lang">pt-br</infon><offset>-1</offset><text>Efeito da Ração Humana na Perda de Peso e na Saúde Óssea em Mulheres Acima do Peso</text></passage><passage><infon key="section">scientific_title</infon><infon key="lang">pt-br</infon><offset>-1</offset><text>Efeito da Ração Humana na Perda de Peso e na Saúde Óssea em Mulheres com Sobrepeso/Obesidade</text></passage><passage><infon key="section">freetext</infon><infon key="lang">pt-br</infon><offset>-1</offset><text>Estudo conduzido com indivíduos do gênero feminino cadastradas em uma Estratégia de Saúde da Família no município de Viçosa, Minas Gerais. O tamanho amostral mínimo foi de 20 indivíduos, calculado com base no estudo de Mera et al.(1998), baseando-se em alteração de peso corporal de 6,4% e desvio padrão de 4,63 kg, considerando poder estatístico de 95%, segundo Allison et a. (2003). Os critérios para inclusão foram índice de massa corporal maior que 25 kg/m2 e idade entre 24 e 45 anos. Trata-se de um estudo prospectivo, randomizado e em cross-over. O quantitativo de participantes total do estudo foi de 22 voluntárias, a partir do qual foram formados dois grupos de voluntárias, de forma aleatória. As participantes  foram  submetidas a dois diferentes tratamentos, em ordens diferentes, de forma aleatória: 15% de restrição  energética associada ao consumo de shake placebo, que não continha a ração humana(intervenção 1) seguida de 15% de restrição energética associada ao consumo de shake teste, contendo 20 g de ração humana (Intervenção 2), ou vice-versa. Intervenção 1: 11 indivíduos consumiram shake a base de leite contendo 20 g de Ração Humana como substituto do desjejum, sete dias por semanas, durante cinco semanas. Intervenção 2: 11 indivíduos consumiram um shake placebo como substituto do desjejum, sete dias por semanas, durante cinco semanas.  Após a primeira intervenção, 1 ou 2, os indivíduos foram submetidos a uma semana de intervalo entre os tratamentos (washout) e logo após, a ordem das intervenções foram trocadas e aqueles indivíduos submetidos à intervenção 1 foram submetidos à intervenção 2 e vice-versa.</text></passage><passage><infon key="section">inclusion_criteria</infon><infon key="lang">pt-br</infon><offset>-1</offset><text>Sexo feminino, IMC maior que 25 e menor que 34,9 kg/m2 e idade entre 24 e 45 anos.</text></passage><passage><infon key="section">exclusion_criteria</infon><infon key="lang">pt-br</infon><offset>-1</offset><text>Gestantes. Lactantes. Mulheres na menopausa, que foram submetidas à retirada do útero, que usavam anti-inflamatórios, que apresentavam alergia ou intolerância a algum ingrediente do produto, que eram etilistas e/ou tabagistas, que estavam fazendo uso de medicamento para inibição de apetite, antidepressivos ou que quaisquer que interferisse no metabolismo mineral ósseo (bifosfonatos, anabolizantes, calcitonina, flúor, terapia de reposição hormonal, androgênicos, cálcio, vitamina D, diuréticos tiazídicos e estatinas). Mulheres com relato de condições ou doenças associadas à alteração da massa óssea, como doença renal (litíase, insuficiência renal crônica) doença gastrointestinal (doença celíaca, hepatopatia crônica, síndrome de má absorção, gastrectomia ou colectomia). Histórico  de doença endócrina (hiperparatireoidismo, hiper ou hipotireoidismo). Fraturas nos últimos seis meses, que tinham apresentado imobilização por tempo superior a dois meses e que apresentaram oscilações de peso corporal maior que 5% nos dois meses que antecederam o recrutamento.</text></passage></document></collection>