<?xml version="1.0" encoding="UTF-8"?><!DOCTYPE collection SYSTEM "BioC.dtd"><collection><source></source><date></date><key></key><document><id>RBR-2s7ptv</id><passage><infon key="section">public_title</infon><infon key="lang">en</infon><offset>-1</offset><text>Associaton of products for tooth sensitivity treatment</text></passage><passage><infon key="section">scientific_title</infon><infon key="lang">en</infon><offset>-1</offset><text>Analysis of products association for dentin hypersensitivity treatment</text></passage><passage><infon key="section">freetext</infon><infon key="lang">en</infon><offset>-1</offset><text>Cervical dentin hypersensitivity, diseases of the digestive system, stomatognathic diseases, dentin sensitivity, abrasion of teeth, erosion of teeth </text></passage><passage><infon key="section">freetext</infon><infon key="lang">en</infon><offset>-1</offset><text>1 intervention: 20 patients will be submitted to application of a glass ionomer resin in the sensitive region, the application will be held once a day repeating on a 48-hour interval for a total of 4 sessions, the protocol of each session will be: prophylaxis rinsing and removing excess water, applying the Clinpro forming a uniform layer of 0.5mm, lightcure for 20 seconds, the application can be associated with another product according to the group

2 intervention: 20 patients will be submitted to application of a potassium nitrate and 2% sodium fluoride in the sensitive region, the application will be held once a day repeating on a 48-hour interval for a total of 4 sessions, the protocol of each session will be : prophylaxis, apply evenly on the teeth, wait 10 minutes, remove the gel from the teeth with cotton and plenty of water,  the application can be associated with another product of the study according to the group</text></passage><passage><infon key="section">inclusion_criteria</infon><infon key="lang">en</infon><offset>-1</offset><text>Healthy volunteers; both genres; presence of dentin exposure lesions with clinical diagnosis of moderate or severe tooth sensitivity; good oral hygiene</text></passage><passage><infon key="section">exclusion_criteria</infon><infon key="lang">en</infon><offset>-1</offset><text>Presence of cavities, cracks or enamel fractures; extensive  or unsatisfactory restorations; recent restorations involving the labial surface; dentures or orthodontics; presence of periodontal disease and/or parafunctional habits; systemic disease and / or severe psychological; constant use of analgesic and / or anti-inflammatory or allergic response to dental products </text></passage><passage><infon key="section">primary_outcome</infon><infon key="lang">en</infon><offset>-1</offset><text>Reduction in dentin hypersensitivity in patients 180 days assessed by visual analogy scale of pain from the observation of a range of at least 30% in the pre and post intervention measurements</text></passage><passage><infon key="section">primary_outcome</infon><infon key="lang">pt-br</infon><offset>-1</offset><text>Redução na hipersensibilidade dentinária de pacientes no período de 180 dias verificado por meio de escala visual analogia da dor a partir da constatação de uma variação de pelo menos 30% nas medições pré e pós intervenção </text></passage><passage><infon key="section">secondary_outcome</infon><infon key="lang">en</infon><offset>-1</offset><text>Evaluate the etiology of dentin hypersensitivity in pretreatment verified by questionnaire and clinical examination period.</text></passage><passage><infon key="section">secondary_outcome</infon><infon key="lang">pt-br</infon><offset>-1</offset><text>Avaliar a etiologia da hipersensibilidade dentinaria no período pré tratamento verificado por meio de questionário e exame clínico.</text></passage><passage><infon key="section">secondary_outcome</infon><infon key="lang">en</infon><offset>-1</offset><text>Evaluate the prevalence of dentin hypersensitivity in pretreatment verified by questionnaire and clinical examination period.</text></passage><passage><infon key="section">secondary_outcome</infon><infon key="lang">pt-br</infon><offset>-1</offset><text>Avaliar a prevalência da hipersensibilidade dentinaria no período pré tratamento verificado por meio de questionário e exame clínico.</text></passage><passage><infon key="section">secondary_outcome</infon><infon key="lang">en</infon><offset>-1</offset><text>Evaluate the age group most affected by dentin hypersensitivity in pretreatment verified by questionnaire and clinical examination period.</text></passage><passage><infon key="section">secondary_outcome</infon><infon key="lang">pt-br</infon><offset>-1</offset><text>Avaliar a faixa etária mais acometida por hipersensibilidade dentinária no período pré tratamento verificado por meio de questionário e exame clínico.</text></passage><passage><infon key="section">secondary_outcome</infon><infon key="lang">en</infon><offset>-1</offset><text>Reduction in dentin hypersensitivity in patients 7, 15, 30 e 60 days assessed by visual analogy scale of pain from the observation of a range of at least 30% in the pre and post intervention measurements</text></passage><passage><infon key="section">secondary_outcome</infon><infon key="lang">pt-br</infon><offset>-1</offset><text>Redução na hipersensibilidade dentinária de pacientes no período de 7, 15, 30 e 60 dias verificado por meio de escala visual analogia da dor a partir da constatação de uma variação de pelo menos 30% nas medições pré e pós intervenção </text></passage><passage><infon key="section">public_title</infon><infon key="lang">pt-br</infon><offset>-1</offset><text>Avaliação da associação de produtos para tratamento da sensibilidade dos dentes</text></passage><passage><infon key="section">scientific_title</infon><infon key="lang">pt-br</infon><offset>-1</offset><text>Análise da associação de produtos para tratamento de hipersensibilidade hentinária</text></passage><passage><infon key="section">freetext</infon><infon key="lang">pt-br</infon><offset>-1</offset><text>1 intervenção: 20 pacientes serão submetidos a aplicação de um ionômero de vidro modificado por resina na região sensível, a aplicação será realizada uma vez por dia se repetindo em um intervalo de 48 horas em um total de 4 sessões, o protocolo de cada sessão será: profilaxia, lavagem e remoção de excesso de água, aplicar o Clinpro formando uma camada uniforme de 0,5mm, fotoativar por 20 segundos, podendo a aplicação ser associada com outro produto do trabalho de acordo com o grupo.</text></passage><passage><infon key="section">inclusion_criteria</infon><infon key="lang">pt-br</infon><offset>-1</offset><text>Voluntários sadios; ambos generos; presença de lesões de exposição de dentina com diagnóstico clínico de hipersensibilidade dentinária moderada ou grave; higiene oral adequada</text></passage><passage><infon key="section">exclusion_criteria</infon><infon key="lang">pt-br</infon><offset>-1</offset><text>Presença de cáries; rachaduras ou fraturas de esmalte; restaurações extensas ou insatisfatórias; restaurações recentes envolvendo a superfície vestibular; próteses ou aparelhos ortodônticos;presença de doença periodontal e/ou hábitos parafuncionais; doenças sistêmicas e/ou psicológicas graves; utilização constante de analgésico e/ou anti-inflamatórios ou resposta alérgica aos produtos dentários </text></passage></document></collection>