<?xml version="1.0" encoding="UTF-8"?><!DOCTYPE collection SYSTEM "BioC.dtd"><collection><source></source><date></date><key></key><document><id>RBR-3x57fj</id><passage><infon key="section">public_title</infon><infon key="lang">en</infon><offset>-1</offset><text>Analgesic and adjuvant anesthetic effect of tramadol after third molar surgery</text></passage><passage><infon key="section">scientific_title</infon><infon key="lang">en</infon><offset>-1</offset><text>Postoperative analgesia and  anesthetic effect of local tramadol chloridrate injection after oral surgery</text></passage><passage><infon key="section">freetext</infon><infon key="lang">en</infon><offset>-1</offset><text>Postsurgical pain, unerupted tooth</text></passage><passage><infon key="section">freetext</infon><infon key="lang">en</infon><offset>-1</offset><text>52 patients will be selected and 104 bilateral unerupted third molar extractions were performed in both sides of the same patient with a washout period of one week between one and other surgery. Each side to be operated, of the same patient,will be allocated in one of the study group randomized by an computer program: Group T (n=52) the surgical side with receive 2mL of 100mg-tramadol inject submucosally in operated region and inside thooth alveolous immediately after surgery and Group P (n=52) the contra-lateral side will receive 2ml of aline solution as the same manner. Each side will be operate within a wash-out period of one week. Oral surgery will be held under local anesthesy and when necessary crown and roots will be cut using surgical burs under sterile saline solution irrigation. Neither the surgeon nor the patient will know which medication is going to be injected in the first or the  second side. Medications and placebo will be prepared by another operator (non-surgeon)to assure double blinding of the research. </text></passage><passage><infon key="section">inclusion_criteria</infon><infon key="lang">en</infon><offset>-1</offset><text>Both gender, above 18 years of age, necessity of removal of inferior impacted third molars, symetric and bilateral </text></passage><passage><infon key="section">exclusion_criteria</infon><infon key="lang">en</infon><offset>-1</offset><text>In use of analgesic or anti-inflammatory drugs before 24 hours treatment, history of seizure, pregnancy, 
lactation, history of psychiatric illness, allergy to the drugs used in this study</text></passage><passage><infon key="section">primary_outcome</infon><infon key="lang">en</infon><offset>-1</offset><text>Pain reduction after surgery will be measured by an visual analogical scale (VAS). The hypotheses is that the 100mm visual analogical scale will show lower rates after 4, 8, 24, and 72 hours after surgery</text></passage><passage><infon key="section">primary_outcome</infon><infon key="lang">pt-br</infon><offset>-1</offset><text>Redução da dor após cirurgia de terceiros molares será medida por escala visual analógica. Espera-se que a escala visual analógica de 100mm apresente valores mais baixos a nos períodos avaliados de 4, 8, 24 48 e 72 horas após as cirurgias. </text></passage><passage><infon key="section">secondary_outcome</infon><infon key="lang">en</infon><offset>-1</offset><text>Absence of adverse effects reports during postoperative period until suture removal, eight days after surgery, acessed by patient's clinical file</text></passage><passage><infon key="section">secondary_outcome</infon><infon key="lang">pt-br</infon><offset>-1</offset><text>Ausência de relatos de efeitos adversos durante o curso pós-operatório até a remoção da sutura oito dias após a cirurgia, avaliada através das informações contidas no prontuário do paciente. </text></passage><passage><infon key="section">secondary_outcome</infon><infon key="lang">en</infon><offset>-1</offset><text>Analgesic consumption reduction associated to tramadol use, assessed by patient's diary informations noting the exact moment of anesthetic wore-off</text></passage><passage><infon key="section">secondary_outcome</infon><infon key="lang">pt-br</infon><offset>-1</offset><text>Redução do consumo de analgésicos associada ao uso do tramadol, avaliada pelas informações contidas no diário do paciente quanto ao momento exato de término da sensação anestésica.</text></passage><passage><infon key="section">public_title</infon><infon key="lang">pt-br</infon><offset>-1</offset><text>Efeito analgésico e anestésico do tramadol após cirurgias para extração do dente ciso</text></passage><passage><infon key="section">scientific_title</infon><infon key="lang">pt-br</infon><offset>-1</offset><text>Analgesia pós-operatória e ação anestésica do cloridrato de tramadol utilizado localmente após cirurgia bucal</text></passage><passage><infon key="section">freetext</infon><infon key="lang">pt-br</infon><offset>-1</offset><text>Serão selecionados 52 pacientes e executadas as exodontias de 104 terceiros molares inferiores posicionados incorretamente, bilateralmente de cada paciente. Cada lado a ser operado, do mesmo paciente, será alocado em um dos grupos da pesquisa seguindo um processo de randomização por sorteio em programa de computador: Grupo T (n=52) - o lado operado que recebe 2ml de 100mg de tramadol injetados na submucosa no local da cirurgia e dentro do alvéolo imediatamente após o término da cirurgia e Grupo P (n=52) - o lado contra-lateral que recebe 2ml de solução salina normal da mesma maneira. Cada lado será operado   com intervalo mínimo de 1 semana entre uma cirurgia e outra. As cirurgias serão conduzidas sob anestesia local e, quando necessária odontosecção da coroa e das raízes será executada por meio de instrumento cortante rotatório-brocas de aço sob irrigação por solução salina. O paciente será controle dele mesmo. O cirurgião operador nem os pacientes alocados terão conhecimento de qual medicação receberão o primeiro e segundo lados. As medicações serão preparadas por outro cirurgião (não operador) para manter a randomização e para assegurar o cegamento duplo da pesquisa</text></passage><passage><infon key="section">inclusion_criteria</infon><infon key="lang">pt-br</infon><offset>-1</offset><text>Ambos os gêneros, idade acima de 18 anos, necessidade de remoção de terceiros molares inferiores impactados simétricos e bilaterais</text></passage><passage><infon key="section">exclusion_criteria</infon><infon key="lang">pt-br</infon><offset>-1</offset><text>Em uso de analgésico ou  antinflamatório 24horas antes da cirurgia, histórico de desmaios, histórico de convulsão, gestantes, lactantes, histórico de doença psiquiátrica, alergia às drogas utilizadas neste estudo</text></passage></document></collection>