<?xml version="1.0" encoding="UTF-8"?><!DOCTYPE collection SYSTEM "BioC.dtd"><collection><source></source><date></date><key></key><document><id>RBR-27kdyf</id><passage><infon key="section">public_title</infon><infon key="lang">en</infon><offset>-1</offset><text>Light therapy and electrical stimulation on functional performance in volleyball athletes</text></passage><passage><infon key="section">scientific_title</infon><infon key="lang">en</infon><offset>-1</offset><text>Low level laser therapy and neuromuscular electrical stimulation on knee extension strength and jump in volleyball athletes: a randomized controlled trial</text></passage><passage><infon key="section">freetext</infon><infon key="lang">en</infon><offset>-1</offset><text>Athletic Performance, muscle Weakness. </text></passage><passage><infon key="section">freetext</infon><infon key="lang">en</infon><offset>-1</offset><text>INTERVENTION
All 36 healthy volleyball athletes who passed the initial selection and agreed to participate in the study, conduct a muscle strength and jump training program, which is held in both legs simultaneously. The training will be held in a period of six weeks with frequency of three times a week, totaling 18 training. The interval between one session and another will be 24 hours.</text></passage><passage><infon key="section">inclusion_criteria</infon><infon key="lang">en</infon><offset>-1</offset><text>Healthy volunteers; volleyball players; gender male; non-smoking; aged between 17 and 18; weight within 15% variation limit of normal weight for male athletes, taking into account height and physique.</text></passage><passage><infon key="section">exclusion_criteria</infon><infon key="lang">en</infon><offset>-1</offset><text>smoking volunteers; history of alcohol or substance abuse; diagnosis of cardiac, renal, gastrointestinal, hepatic, pulmonary, neurological, psychiatric, hematological or metabolic disorders; that are not available to participate in all stages of the study.</text></passage><passage><infon key="section">primary_outcome</infon><infon key="lang">en</infon><offset>-1</offset><text>Athletes have muscular strength of knee extension of dominant and non-dominant assessed by dynamometry, from a range of at least 10% in the pre-intervention ( 24 hours prior to intervention) and post intervention (24 hours after completion of the intervention). Athletes have jump height measured by the maximum range of the test from a variation of at least 10% in preintervention ( 24 hours prior to intervention) and post intervention (24 hours after completion of the intervention).</text></passage><passage><infon key="section">primary_outcome</infon><infon key="lang">pt-br</infon><offset>-1</offset><text>Os atletas terão a força muscular de extensão de joelho do membro dominante e não dominante avaliadas, através da dinamometria manual, a partir de uma variação de pelo menos 10% nas medições pré (24 horas antes da intervenção)e pós intervenção (24 horas após término da intervenção). Os atletas terão a altura do salto avaliada, através do teste de alcance máximo, a partir de uma variação de pelo menos 10% nas medições pré pré (24 horas antes da intervenção)e pós intervenção (24 horas após término da intervenção).</text></passage><passage><infon key="section">secondary_outcome</infon><infon key="lang">en</infon><offset>-1</offset><text>Athletes have the perception of the global effect of the jump evaluated through a subjective perception scale as it classifies tried his heels in these days, and can respond on a scale al -5 to +5 variation or very much worse better, from a variation of at least 10% in the pre-intervention ( 24 hours prior to intervention) and post intervention (24 hours after completion of the intervention). Athletes have evaluated the amount of jumps through the maximum number of hops test within two minutes from a range of at least 10% in the pre-intervention ( 24 hours prior to intervention) and post intervention (24 hours after completion of the intervention).</text></passage><passage><infon key="section">secondary_outcome</infon><infon key="lang">pt-br</infon><offset>-1</offset><text>Os atletas terão a percepção do efeito global do salto avaliada, através de uma escala subjetiva de percepção que questionará como ele classifica o salto dele nesses dias, podendo responder em uma escala que ai de -5 a + 5 a variação de muito pior ou extremamente melhor, a partir de uma variação de pelo menos 10% nas medições pré (24 horas antes da intervenção)e pós intervenção (24 horas após término da intervenção). Os atletas terão a quantidade de saltos avaliada, através do teste de quantidade máxima de saltos em dois minutos, a partir de uma variação de pelo menos 10% nas medições pré (24 horas antes da intervenção)e pós intervenção (24 horas após término da intervenção).</text></passage><passage><infon key="section">public_title</infon><infon key="lang">pt-br</infon><offset>-1</offset><text>Terapia por luz e estimulação elétrica no desempenho funcional em atletas de voleibol</text></passage><passage><infon key="section">scientific_title</infon><infon key="lang">pt-br</infon><offset>-1</offset><text>Laser de baixa intensidade e estimulação elétrica neuromuscular na força de extensão de joelho e no salto em atletas de voleibol: um estudo controlado aleatorizado</text></passage><passage><infon key="section">freetext</infon><infon key="lang">pt-br</infon><offset>-1</offset><text>INTERVENÇÃO
Todos os 36 atletas de voleibol saudáveis, que passarão pela seleção inicial e concordaram em participar do estudo, realizarão um programa de treinamento de força muscular e salto, sendo este realizado em ambos os membros inferiores de forma simultânea. O treinamento será realizado em um período de seis semanas com freqüência de três vezes na semana, totalizando 18 treinamentos. O intervalo entre uma sessão e outra será de 24 horas.</text></passage><passage><infon key="section">inclusion_criteria</infon><infon key="lang">pt-br</infon><offset>-1</offset><text>Voluntários sadios; praticantes de voleibol; gênero masculino; não fumantes; idade entre 17 e 18 anos; peso dentro do limite de variação de 15% do peso considerado normal para homens atletas, levando-se em consideração altura e estrutura física.</text></passage><passage><infon key="section">exclusion_criteria</infon><infon key="lang">pt-br</infon><offset>-1</offset><text>voluntários fumantes; histórico de abuso de álcool ou drogas; diagnósticos de patologias cardíacas, renais, gastrintestinais, hepáticas, pulmonares, neurológicas, psiquiátricas, hematológicas ou metabólicas; que não estejam disponíveis para participar de todas as etapas do estudo.</text></passage></document></collection>