<?xml version="1.0" encoding="UTF-8"?><!DOCTYPE collection SYSTEM "BioC.dtd"><collection><source></source><date></date><key></key><document><id>RBR-4s7gh3</id><passage><infon key="section">public_title</infon><infon key="lang">en</infon><offset>-1</offset><text>PREVER Study: Efficacy of Chlorthalidone associated with Amiloride versus  Losartan in reducing blood pressure of patients with hypertension Prever 2 Study
</text></passage><passage><infon key="section">scientific_title</infon><infon key="lang">en</infon><offset>-1</offset><text>PREVER Study: Efficacy of Chlorthalidone associated with Amiloride versus  Losartan in reducing blood pressure of patients with hypertension Prever 2 Study
</text></passage><passage><infon key="section">freetext</infon><infon key="lang">en</infon><offset>-1</offset><text>Hypertension</text></passage><passage><infon key="section">freetext</infon><infon key="lang">en</infon><offset>-1</offset><text>Drug: Chlorthalidone 12,5 mg associated with Amiloride 2,5 mg once daily
Drug: Losartan 25 mg once daily </text></passage><passage><infon key="section">inclusion_criteria</infon><infon key="lang">en</infon><offset>-1</offset><text>I. Individuals with 40 to 70 years, of both sexes;
II. Diagnosis of Hypertension in stage I, ie, systolic (SBP)  between 140-159 mmHg or diastolic blood pressure (DBP) between 90-99 mmHg</text></passage><passage><infon key="section">exclusion_criteria</infon><infon key="lang">en</infon><offset>-1</offset><text>I. Chronic diseases that reduce life expectancy or difficulty in understanding the guidelines, which limit the possibility of participation in the study;
II. Refusal to participate or sign an informed consent;</text></passage><passage><infon key="section">primary_outcome</infon><infon key="lang">en</infon><offset>-1</offset><text>I. Lowering blood pressure to less than 140/90 mmHg; II. Incidence of Adverse Events; III. Incidence of diabetes mellitus, microalbuminuria, hypokalemia, hiperuricemia and left ventricular hypertrophy on ECG. </text></passage><passage><infon key="section">primary_outcome</infon><infon key="lang">pt-br</infon><offset>-1</offset><text>I. Redução da pressão arterial para valores inferiores a 140/90 mmHg; II. Incidência de Eventos Adversos; III. Incidência de diabetes mellitus, microalbuminúria, hipocalemia, hiperuricemia e hipertrofia ventricular esquerda no ECG.  </text></passage><passage><infon key="section">secondary_outcome</infon><infon key="lang">en</infon><offset>-1</offset><text>I. All-cause mortality II. Incidence of Coronary Artery Disease (Acute Coronary Syndrome, need for revascularization, sudden death) III. Fatal and nonfatal stroke IV. Heart failure (requiring hospitalization) V. Duplication of plasma levels of creatinine or need for dialysis VI. Incidence of diabetes mellitus. </text></passage><passage><infon key="section">secondary_outcome</infon><infon key="lang">pt-br</infon><offset>-1</offset><text>I. Mortalidade por qualquer causa II. Incidência de Doença Arterial Coronariana (Síndrome Coronariana Aguda, necessidade de revascularização miocárdica, morte súbita) III. AVC fatal e não fatal IV. Insuficiência cardíaca (com necessidade de internação hospitalar) V. Duplicação de valores plasmáticos de creatinina ou necessidade de terapia dialítica VI. Incidência de diabetes mellitus. </text></passage><passage><infon key="section">public_title</infon><infon key="lang">pt-br</infon><offset>-1</offset><text>Estudo PREVER: Eficácia de Clortalidona associada a Amilorida versus Losartana na redução da pressão arterial de pacientes com hipertensão arterial Estudo PREVER 2
</text></passage><passage><infon key="section">scientific_title</infon><infon key="lang">pt-br</infon><offset>-1</offset><text>Estudo PREVER: Eficácia de Clortalidona associada a Amilorida versus Losartana na redução da pressão arterial de pacientes com hipertensão arterial Estudo PREVER 2
</text></passage><passage><infon key="section">freetext</infon><infon key="lang">pt-br</infon><offset>-1</offset><text>Medicamento: Clortalidona 12,5 mg associada à Amilorida 2,5mg 1 comprimido ao dia por via oral por 18 meses
Medicamento: Losartana 25 mg 1 comprimido ao dia por via oral por 18 meses;</text></passage><passage><infon key="section">inclusion_criteria</infon><infon key="lang">pt-br</infon><offset>-1</offset><text>I.	Indivíduos com 40 a 70 anos, de ambos os sexos;
II.	Diagnóstico de Hipertensão Arterial em estágio I, ou seja, Pressão Arterial Sistólica (PAS) entre 140-159 mmHg ou Pressão Arterial Diastólica (PAD) entre 90-99 mmHg;</text></passage><passage><infon key="section">exclusion_criteria</infon><infon key="lang">pt-br</infon><offset>-1</offset><text>I.	Doenças crônicas que reduzam a expectativa de vida ou dificuldade de entendimento de orientações, que limitem a possibilidade de participação no estudo;
II.	Recusa em participar ou assinar o Termo de Consentimento Livre e Esclarecido;</text></passage></document></collection>