<?xml version="1.0" encoding="UTF-8"?><!DOCTYPE collection SYSTEM "BioC.dtd"><collection><source></source><date></date><key></key><document><id>RBR-4hrrsr</id><passage><infon key="section">public_title</infon><infon key="lang">en</infon><offset>-1</offset><text>Influence of knee pain on kinematics of knee,ankle and foot during stair descent and immediate effects of an intervention</text></passage><passage><infon key="section">scientific_title</infon><infon key="lang">en</infon><offset>-1</offset><text>Influence of Patellofemoral Pain Syndrome on 3D kinematics of knee,ankle and foot during stair descent and immediate effects of an intervention</text></passage><passage><infon key="section">freetext</infon><infon key="lang">en</infon><offset>-1</offset><text>Patellofemoral Pain Syndrome</text></passage><passage><infon key="section">freetext</infon><infon key="lang">en</infon><offset>-1</offset><text>Intervention Group (n=8)

 Physical Therapy Intervention to improve the knee, ankle and foot movements and promote knee pain relief during stair descent.</text></passage><passage><infon key="section">inclusion_criteria</infon><infon key="lang">en</infon><offset>-1</offset><text>The inclusion criterias are pain in the patellofemoral joint region for at least two months during squatting, prolonged sitting, descending or ascending stairs.
</text></passage><passage><infon key="section">exclusion_criteria</infon><infon key="lang">en</infon><offset>-1</offset><text>Any previous knee surgery, history of patellar dislocation or any other limitations that would influence gait.</text></passage><passage><infon key="section">primary_outcome</infon><infon key="lang">en</infon><offset>-1</offset><text>Expected Primary outcome measure :  Significant decrease in the intensity of knee pain mesured by visual analogue scale (VAS)during stair descent imediately after the Physical therapy Intervention.</text></passage><passage><infon key="section">primary_outcome</infon><infon key="lang">pt-br</infon><offset>-1</offset><text>Desfecho primário esperado:   Diminuição significativa da dor anterior no joelho durante a descida de escada imediatamente após a Intervenção por Fisioterapia medida pela Escala Visual Analógica de Dor. </text></passage><passage><infon key="section">primary_outcome</infon><infon key="lang">en</infon><offset>-1</offset><text>Primary outcome measure found:  Significant decrease in the intensity of knee pain mesured by visual analogue scale during stair descent imediately after the Physical therapy Intervention (VASbefore =2,5±2,3 cm, VASafter = 0,7±1,7 cm, Cohen's effect size=0,90, p=0,00). </text></passage><passage><infon key="section">primary_outcome</infon><infon key="lang">pt-br</infon><offset>-1</offset><text>Desfecho primário encontrado:   Houve diminuição significativa da dor anterior no joelho durante a descida de escada imediatamente após a Intervenção por Fisioterapia, medida pela Escala Visual Analógica de Dor(EVA)(EVAantes =2,5±2,3 cm, EVAdepois = 0,7±1,7 cm, tamanho do efeito de Cohen=0,90, p=0,00).  </text></passage><passage><infon key="section">primary_outcome</infon><infon key="lang">en</infon><offset>-1</offset><text>Expected Primary outcome measure :  Modification of the knee, ankle and foot movements during stair descent immediately after the intervention , measured a six camera motion capture system (VICON, Oxford Metrics Limited; UK) that evaluated the 3D knee kinematics , ankle and foot during the down stairs.</text></passage><passage><infon key="section">primary_outcome</infon><infon key="lang">pt-br</infon><offset>-1</offset><text>Desfecho primário esperado:   Modificação dos movimentos do joelho, tornozelo e pé durante a descida de escada imediatamente após a intervenção, medida por meio de um sistema óptico eletrônico(VICON, Oxford Metrics Limited; UK)que avaliou a cinemática 3D do joelho, tornozelo e pé durante a descida de escada. </text></passage><passage><infon key="section">primary_outcome</infon><infon key="lang">en</infon><offset>-1</offset><text>Primary outcome found:  A decrease in the peak knee flexion(peak knee flexion before =25,9±6,8 degrees , peak knee flexion after = 20,9±4,4 degrees, Cohen's effect size=0,89, p=0,00).An increase in ankle extension (Extension before=-4,2±3,3 degrees, Extension after = -8,8±4,1 graus, Cohen's effect size=1,24 p=0,00)and decrease in the ankle inversion (Inversion before =-15,0±6,2 degrees, Inversion after = -10,7±4,5 degrees, Cohen's effect size=0,82, p=0,03)and aduction (Aduction before =-7,7±4,2 degrees, Aduction after = -3,4±3,5 degrees, Cohen's effect size=1,11, p=0,03) immediately after intervention . There was an increase in forefoot eversion after physical therapy intervention (Eversion before =2,9±5,2 degrees, Eversion after = 4,1±6,3 degrees, Cohen's effect size=0,20, p=0,01).</text></passage><passage><infon key="section">primary_outcome</infon><infon key="lang">pt-br</infon><offset>-1</offset><text>Desfecho primário encontrado:   No joelho houve diminuição do pico de flexão(Pico de flexão antes =25,9±6,8 graus , Pico de flexão depois = 20,9±4,4 graus, tamanho do efeito de Cohen=0,89, p=0,00). No tornozelo houve aumento da extensão (Extensão antes =-4,2±3,3 graus, Extensão depois = -8,8±4,1 graus, tamanho do efeito de Cohen=1,24 p=0,00), diminuição da inversão (Inversão antes =-15,0±6,2 graus, Inversão depois = -10,7±4,5 graus, tamanho do efeito de Cohen=0,82, p=0,03)e adução(Adução antes =-7,7±4,2 graus, Adução depois = -3,4±3,5 graus, tamanho do efeito de Cohen=1,11, p=0,03) durante a descida de escada imediatamente após a Intervenção por Fisioterapia. No antepé houve aumento na eversão (Eversão antes =2,9±5,2 graus, Eversão depois = 4,1±6,3 graus, tamanho do efeito de Cohen=0,20, p=0,01).</text></passage><passage><infon key="section">secondary_outcome</infon><infon key="lang">en</infon><offset>-1</offset><text>No secondary outcome measures were expected.</text></passage><passage><infon key="section">secondary_outcome</infon><infon key="lang">pt-br</infon><offset>-1</offset><text>Não eram esperados desfechos secundários</text></passage><passage><infon key="section">public_title</infon><infon key="lang">pt-br</infon><offset>-1</offset><text>Influência da dor no joelho nos movimentos do joelho, tornozelo e pé durante a descida de escada e efeitos imediatos de uma intervenção</text></passage><passage><infon key="section">scientific_title</infon><infon key="lang">pt-br</infon><offset>-1</offset><text>Influência da Síndrome da Dor Patelofemoral na cinemática do joelho, tornozelo e pé durante a descida de escada e efeitos imediatos de uma intervenção</text></passage><passage><infon key="section">freetext</infon><infon key="lang">pt-br</infon><offset>-1</offset><text>Grupo Intervenção (n=8)

Sessão Única de Intervenção por Fisioterapia para melhorar o movimento e a dor no joelho durante a descida de escada.</text></passage><passage><infon key="section">inclusion_criteria</infon><infon key="lang">pt-br</infon><offset>-1</offset><text>Voluntários com diagnóstico de dor anterior no joelho por no mínimo dois meses em pelo menos um dos membros inferiores. Os sinais e sintomas devem surgir quando descer escada ou subir escada, agachamento, permanecer sentado por longos períodos.
</text></passage><passage><infon key="section">exclusion_criteria</infon><infon key="lang">pt-br</infon><offset>-1</offset><text>Doenças sistêmicas ou neurológicas que comprometem o caminhar, cirurgia no joelho ou luxação da patela.</text></passage></document></collection>