<?xml version="1.0" encoding="UTF-8"?><!DOCTYPE collection SYSTEM "BioC.dtd"><collection><source></source><date></date><key></key><document><id>RBR-2jtbyw</id><passage><infon key="section">public_title</infon><infon key="lang">en</infon><offset>-1</offset><text>Evaluation of Preoperative Physiotherapy Influence on Postoperative Pulmonary Function of Megaesophagus Surgery</text></passage><passage><infon key="section">scientific_title</infon><infon key="lang">en</infon><offset>-1</offset><text>Evaluation of A Preoperative Physiotherapeutic Program Influence on Postoperative Pulmonary Function of Megaesophagus Correction</text></passage><passage><infon key="section">freetext</infon><infon key="lang">en</infon><offset>-1</offset><text>Chagasic megaesophagus, achalasia, esophageal neoplasia.</text></passage><passage><infon key="section">freetext</infon><infon key="lang">en</infon><offset>-1</offset><text>Thirty patients with megaesophagus, graus III and IV, from Clinicas Hospital of Federal University of Triangulo Mineiro and thirty patients with resectable esophageal cancer from Pio XII Foundation of Barretos Hospital of Cancer in the preoperative of esophagectomy, of both genders, aging between 18 and 75 years old will participate in the study. The patients are going to be randomly allocated in two groups (groups 1 and 2). Randomization will be stratified by gender, therefore there will be two envelopes, each with blocks of four (two per group). Group 1 (control): The volunteers are going to receive usual physical therapy care characterized by being instructed to perform deep breathing exercises associated to upper and lower limbs movements. Group 2 (intervention): The volunteers are going to receive the same treatment as group 1 and they will also perform inspiratory and expiratory muscle training with Threshold IMT and Threshold PEP devices, respectively. The preoperative physiotherapy treatment will be applied at least two weeks before surgery. One limitation of the study is that it is an open trial.</text></passage><passage><infon key="section">inclusion_criteria</infon><infon key="lang">en</infon><offset>-1</offset><text>Patients diagnosed with achalasia grades III and IV. Patients with resectable esophageal cancer. Age greater than 18 and less than or equal to 75.</text></passage><passage><infon key="section">exclusion_criteria</infon><infon key="lang">en</infon><offset>-1</offset><text>Patients who are operated in a period of less than two weeks after the initial assessment. Patients who do not understand the proposed treatment or who refuse to sign the Instrument of Consent.</text></passage><passage><infon key="section">primary_outcome</infon><infon key="lang">en</infon><offset>-1</offset><text>We expect that group 2 (intervention), due to the effective preoperative respiratory muscle training, evolve with lower incidence of postoperative pulmonary complications after esophageal surgery, characterized by: better pulmonary function evaluated by spirometry (higher forced expiratory volume in 1 second [FEV1], forced vital capacity [FVC] and FEV1/FVC ratio, higher maximal respiratory pressures and higher maximal voluntary ventilation evaluated with manovacuometry.</text></passage><passage><infon key="section">primary_outcome</infon><infon key="lang">pt-br</infon><offset>-1</offset><text>Espera-se que o grupo 2 (intervenção), em função do treinamento efetivo da musculatura respiratória no pré-operatório, evolua com menor incidência de complicações pulmonares no pós-operatório de cirurgias de esôfago, caracterizada por: melhor função pulmonar avaliada pela espirometria (maior volume expiratório forçado no 1 segundo [VEF1], capacidade vital forçada [CVF] e relação (VEF1/CVF), maiores pressões respiratórias máximas e ventilação voluntária máxima avaliadas com o manovacuômetro.</text></passage><passage><infon key="section">secondary_outcome</infon><infon key="lang">en</infon><offset>-1</offset><text>It is possible that a better pulmonary function in the postoperative in group 2 will lead to a better functional capacity, which will be evaluated by the distance walked in the 6-min walk test.</text></passage><passage><infon key="section">secondary_outcome</infon><infon key="lang">pt-br</infon><offset>-1</offset><text>É possível que o grupo 2 por apresentar melhor função pulmonar no pós-operatório apresente melhor capacidade funcional que será avaliada pela distância percorrida no teste de caminhada de 6 minutos.</text></passage><passage><infon key="section">secondary_outcome</infon><infon key="lang">en</infon><offset>-1</offset><text>If group 2 present a better pulmonary function in the postoperative, it is possible that these patients have a shorter hospital length of stay (in days). </text></passage><passage><infon key="section">secondary_outcome</infon><infon key="lang">pt-br</infon><offset>-1</offset><text>Caso o grupo 2 apresente melhor função pulmonar no pós-operatório é possível que esses pacientes apresentem menor tempo de internação hospitalar (em dias).</text></passage><passage><infon key="section">public_title</infon><infon key="lang">pt-br</infon><offset>-1</offset><text>Avaliação da Influência da Fisioterapia no Pré-operatório de Cirurgia de Megaesôfago Sobre a Função Pulmonar no Pós-Operatório</text></passage><passage><infon key="section">scientific_title</infon><infon key="lang">pt-br</infon><offset>-1</offset><text>Avaliação da Influência de Um Programa De Tratamento Fisioterapêutico no Pré-operatório de Correção de Megaesôfago Sobre a Função Pulmonar no Pós-operatório</text></passage><passage><infon key="section">freetext</infon><infon key="lang">pt-br</infon><offset>-1</offset><text>Participarão do estudo 30 pacientes com megaesôfago, graus III e IV, do Hospital das Clínicas da Universidade Federal do Triângulo Mineiro e 30 pacientes com câncer de esôfago ressecável da Fundação Pio XII - Hospital do Câncer de Barretos no pré-operatório de esofagectomia, de ambos os gêneros, com idade entre 18 e 75 anos. Os pacientes serão randomizados por sorteio em 2 grupos (grupo 1 e grupo 2). A randomização será estratificada por gênero, portanto haverá dois envelopes, cada um com blocos de quatro (dois de cada grupo). Grupo 1 (controle): Os voluntários receberão cuidados fisioterapêuticos usuais caracterizados por ensinamento dos exercícios respiratórios associados a exercícios de membros superiores e inferiores. Grupo 2 (intervenção): Os voluntários receberão o mesmo atendimento que os do Grupo 1 e realizarão o treinamento da musculatura inspiratória e expiratória utilizando os aparelhos Threshold IMT e Threshold PEP, respectivamente. O atendimento fisioterapêutico pré-operatório deverá ser realizado no mínimo duas semanas antes da cirurgia. Uma limitação do estudo é que não haverá mascaramento.</text></passage><passage><infon key="section">inclusion_criteria</infon><infon key="lang">pt-br</infon><offset>-1</offset><text> Pacientes com diagnóstico de megaesôfago graus III e IV. Pacientes com diagnóstico de câncer de esôfago ressecável. Idade superior a 18 anos e igual ou inferior a 75.</text></passage><passage><infon key="section">exclusion_criteria</infon><infon key="lang">pt-br</infon><offset>-1</offset><text>Pacientes que forem operados em um período inferior a duas semanas após a avaliação inicial. Pacientes que não compreenderem o tratamento proposto ou que se recusarem a assinar o Termo de Consentimento Livre e Esclarecido.</text></passage></document></collection>