<?xml version="1.0" encoding="UTF-8"?><!DOCTYPE collection SYSTEM "BioC.dtd"><collection><source></source><date></date><key></key><document><id>RBR-2vfhfv</id><passage><infon key="section">public_title</infon><infon key="lang">en</infon><offset>-1</offset><text>Influence of suplementation of different types of fats on heart health.</text></passage><passage><infon key="section">scientific_title</infon><infon key="lang">en</infon><offset>-1</offset><text>LDL and HDL physical and chemical properties, oxidative and cardiometabolic biomarkers may be modulated by consumption of omega-3, omega-6 and omega-9 in individuals with intermediate cardiovascular risk?</text></passage><passage><infon key="section">freetext</infon><infon key="lang">en</infon><offset>-1</offset><text>Cardiovascular diseases, unspecified Hyperlipemia, Non-insulin-dependent diabetes mellitus, Essential (primary) hypertension , Obesity.</text></passage><passage><infon key="section">freetext</infon><infon key="lang">en</infon><offset>-1</offset><text>Randomized double blind study</text></passage><passage><infon key="section">inclusion_criteria</infon><infon key="lang">en</infon><offset>-1</offset><text>Both sexes, between 30 to 74 years old, medium and high cardiovascular risk.</text></passage><passage><infon key="section">exclusion_criteria</infon><infon key="lang">en</infon><offset>-1</offset><text>Malnutrition, prengnancy, previous cardiovascular event, included in other clinical trial, using ilegal drugs, psychiatric alterations, allergic to any compound of intervention.</text></passage><passage><infon key="section">primary_outcome</infon><infon key="lang">en</infon><offset>-1</offset><text>The omega 3 intervention will promote, in comparison to other fatty acids and placebo: Reduction of electronegative LDL, LDL(-); Reduction of small LDL subfraction and increase of large LDL subfraction; Reduction of small HDL subfraction and increase of large HDL subfraction; Increase of paroxonase (PON1); Reduction of non esterified fatty acid (NEFAs).</text></passage><passage><infon key="section">primary_outcome</infon><infon key="lang">pt-br</infon><offset>-1</offset><text>A intervenção com ômega 3, quando comparada aos demais ácidos graxos e placebo promoverá: Redução de LDL eletronegativa, LDL(-); Redução de subfrações lipoproteicas de LDL pequenas e aumento da LDL grande; Redução de sufrações de HDL pequenas e aumento de HDL grande; Aumento de paroxonase (PON1); Redução de ácidos graxos não esterificados (NEFAS). </text></passage><passage><infon key="section">primary_outcome</infon><infon key="lang">en</infon><offset>-1</offset><text>The omega 3 intervention promoted, in comparison to other fatty acids and placebo: Reduction of electronegative LDL, LDL(-) (-21%); Reduction of small LDL subfraction (-1.7%) and increase of large LDL subfraction (3.0 nm); Reduction of small HDL subfraction (-2.5%) and increase of large HDL subfraction (4.0%); Increase of paroxonase (PON1) (1.2%); Reduction of non esterified fatty acid (NEFAs) (-0.1%).</text></passage><passage><infon key="section">primary_outcome</infon><infon key="lang">pt-br</infon><offset>-1</offset><text>A intervenção com ômega 3, quando comparada aos demais ácidos graxos e placebo promoveu: Redução de LDL eletronegativa, LDL(-) de 21%; Redução de subfrações lipoproteicas de LDL pequenas (-1,7%) e aumento do tamanho da LDL (3,0 nm); Redução de sufrações de HDL pequenas (-2,5%) e aumento de HDL grande (4,0%); Aumento de 1,2% na atividade da paroxonase (PON1); Redução de -0,1% nos NEFAs.</text></passage><passage><infon key="section">secondary_outcome</infon><infon key="lang">en</infon><offset>-1</offset><text>The omega 3 intervention will promote, in comparison to other fatty acids and placebo: Improve of lipid profile; Improve of anthropometric parameters; Improve in glucose; Improve in blood pressure;</text></passage><passage><infon key="section">secondary_outcome</infon><infon key="lang">pt-br</infon><offset>-1</offset><text>A intervenção com ômega 3, quando comparada aos demais ácidos graxos e placebo promoverá: Melhora no perfil lipídico; Melhora em parâmetros antropométricos; Melhora da glicemia; Melhora da pressão arterial;  </text></passage><passage><infon key="section">secondary_outcome</infon><infon key="lang">en</infon><offset>-1</offset><text>The omega 3 intervention promoted, in comparison to other fatty acids and placebo: Improve of lipid profile (-12% CT, -13.4% LDL-c, -23% TAG and +7.9% HDL-c). Improve of anthropometric parameters (-0.5 % body fat); Improve in blood pressure (-3.6 SBP e -4.7 DBP). </text></passage><passage><infon key="section">secondary_outcome</infon><infon key="lang">pt-br</infon><offset>-1</offset><text> intervenção com ômega 3, quando comparada aos demais ácidos graxos e placebo promoveu: Melhora no perfil lipídico (-12% CT, -13,4% LDL-c, -23% TAG e +7,9% HDL-c); Melhora em parâmetros antropométricos (-0,5 % massa gorda); Melhora da pressão arterial (-3,6 PAS e -4,7 PAD).</text></passage><passage><infon key="section">public_title</infon><infon key="lang">pt-br</infon><offset>-1</offset><text>Influência da suplementação com diferentes tipos de gorduras na saúde do coração.</text></passage><passage><infon key="section">scientific_title</infon><infon key="lang">pt-br</infon><offset>-1</offset><text>Propriedades físico-químicas da LDL e da HDL, marcadores cardiometabólicos e oxidativos podem ser modulados pelo consumo de ômega-3, ômega-6 e ômega-9 em indivíduos com risco cardiovascular intermediário?</text></passage><passage><infon key="section">freetext</infon><infon key="lang">pt-br</infon><offset>-1</offset><text>Estudo randomizado, duplo cego, duração de oito semanas, utilizando suplementação (3g/dia) de ácidos graxos: ômega-3, 6, 9 e óleo mineral como placebo
omega-3 (n=90) - óleo de peixe com 60% de ácidos graxos eicosapentaenoico e docosaexaenoico, sendo ofertado 3 cápsulas por dia (1,0 g/cápsula).</text></passage><passage><infon key="section">inclusion_criteria</infon><infon key="lang">pt-br</infon><offset>-1</offset><text>Ambos os sexos, entre 30 e 74 anos de idade, risco cardiovascular intermediário e alto.
</text></passage><passage><infon key="section">exclusion_criteria</infon><infon key="lang">pt-br</infon><offset>-1</offset><text>Desnutrição, gravidez, eventos cardiovasculares prévios, participação em outros estudos clínicos, uso de drogas ilícitas, alterações psiquiátricas, alergia a qualquer componente da intervenção.</text></passage></document></collection>