<?xml version="1.0" encoding="UTF-8"?><!DOCTYPE collection SYSTEM "BioC.dtd"><collection><source></source><date></date><key></key><document><id>RBR-29j956</id><passage><infon key="section">public_title</infon><infon key="lang">en</infon><offset>-1</offset><text>Effect of diacerein in patients with diabetes treated with  antihyperglycemic drugs</text></passage><passage><infon key="section">scientific_title</infon><infon key="lang">en</infon><offset>-1</offset><text>Effect of diacerein in metabolic control and acute inflammatory markers in patients with type 2 diabetes using andidiabetic agents.

</text></passage><passage><infon key="section">freetext</infon><infon key="lang">en</infon><offset>-1</offset><text>Diabete Melito</text></passage><passage><infon key="section">freetext</infon><infon key="lang">en</infon><offset>-1</offset><text>intervention group- Diacerein 50mg 1 tablet via oral twice a day, for 90 days; other medications should be maintainded.Participant will take 1 capsule at lunch and 1 capsule at dinner for 12 weeks
control group - placebo 1 tablet via oral twice a day, for 90 days, 1 capsule at lunch and 1 capsule at dinner;other medications should be maintainded.</text></passage><passage><infon key="section">inclusion_criteria</infon><infon key="lang">en</infon><offset>-1</offset><text>35 years old and older; HbA1c </text></passage><passage><infon key="section">exclusion_criteria</infon><infon key="lang">en</infon><offset>-1</offset><text>Pregnant and lactating women; Chronic inflammatory diseases such as rheumatoid arthritis, osteoarthritis; Use of anti-inflammatory drugs for more than 5 days in the last 3 months; Previous diagnosis of pancreatitis; Hypersensitivity to Reina (active metabolite of diacerein) and other antraquinonic derivatives (laxative); Diabetic Nephropathy and \ or kidney failure; Liver disease (transaminases</text></passage><passage><infon key="section">primary_outcome</infon><infon key="lang">en</infon><offset>-1</offset><text>The outcome is the delta of plasma concentration of glycated hemoglobin ( final value - baseline value, in %), measured by immunoturbidimetric assay in plasma samples.   The  between groups expected difference is 1.1%.             </text></passage><passage><infon key="section">primary_outcome</infon><infon key="lang">pt-br</infon><offset>-1</offset><text>O desfecho é a variação na concentração plasmática de hemoglobina glicosilada (delta= valor final menos basal,em %); será aferido por ensaio imunoturbidimétrico em amostras de plasma. Espera-se diferenças dos deltas de hemoglobina glicosilada entre os grupos de 1,1%.   </text></passage><passage><infon key="section">secondary_outcome</infon><infon key="lang">en</infon><offset>-1</offset><text>Delta of fasting glucose (mg/dL); enzymatic and colorimetric method. Levels of acute phase inflammatory markers: C-reactive protein, interleukin-1, interleukin-6, TNF-alpha (Luminex® Human Ultrasensitive ).  Delta lipid profile:  plasma concentration of total cholesterol, LDL, HDL, triglycerides.  Adverse events rate.</text></passage><passage><infon key="section">secondary_outcome</infon><infon key="lang">pt-br</infon><offset>-1</offset><text>Delta de glicemia de jejum (mg/dL) pelo método enzimático colorimétrico. Níveis de marcadores inflamatórios de fase aguda: proteína C reativa, interleucina 1, interleucina 6, TNF-alfa (Luminex® Human Ultrasensitive ) Delta de perfil lipídico: concentração plasmática de colesterol total, LDL, HDL, triglicerídeos. Taxa de eventos adversos. </text></passage><passage><infon key="section">public_title</infon><infon key="lang">pt-br</infon><offset>-1</offset><text>Efeito da diacereina em pacientes com diabete em tratamento</text></passage><passage><infon key="section">scientific_title</infon><infon key="lang">pt-br</infon><offset>-1</offset><text>Efeito da diacereína no controle metabólico e parâmetros inflamatórios agudos em pacientes diabéticos tipo 2 em uso de drogas anti-hiperglicêmicas</text></passage><passage><infon key="section">freetext</infon><infon key="lang">pt-br</infon><offset>-1</offset><text>grupo intervenção- Diacereína 50mg 1 cápsula via oral 2x/dia, durante 90 dias; os demais medicamentos em uso serão mantidos nas mesmas doses.
grupo controle- placebo via oral 2x/dia, durante 90 dias; os demais medicamentos em uso serão mantidos nas mesmas doses.</text></passage><passage><infon key="section">inclusion_criteria</infon><infon key="lang">pt-br</infon><offset>-1</offset><text>Idade 35 anos ou mais; Hemoglobina glicosilada </text></passage><passage><infon key="section">exclusion_criteria</infon><infon key="lang">pt-br</infon><offset>-1</offset><text>Mulheres gestantes e lactantes; Doenças inflamatórias crônicas como artrite reumatóide,osteoartrite; Uso de antiinflamatórios por mais de 5 dias nos últimos 3 meses; Diagnóstico prévio de pancreatite; Hipersensibilidade a Reina (metabólito ativo da diacereína) e outros derivados antraquinônicos(laxativos); Nefropatia diabética e\ou insuficiência renal; Doença hepática(transaminases </text></passage></document></collection>