<?xml version="1.0" encoding="UTF-8"?><!DOCTYPE collection SYSTEM "BioC.dtd"><collection><source></source><date></date><key></key><document><id>RBR-3b3m2r</id><passage><infon key="section">public_title</infon><infon key="lang">en</infon><offset>-1</offset><text>Effects of Physical Therapy on  Temporomandibular Disorder in Patients with Fibromyalgia</text></passage><passage><infon key="section">scientific_title</infon><infon key="lang">en</infon><offset>-1</offset><text>Effects of Physical Therapy on Myogenous Temporomandibular Disorder in Patients with Fibromyalgia</text></passage><passage><infon key="section">freetext</infon><infon key="lang">en</infon><offset>-1</offset><text>Fribromialgia,  Temporomandibular Joint Dysfunction Syndrome, Temporomandibular Joint Disorder </text></passage><passage><infon key="section">freetext</infon><infon key="lang">en</infon><offset>-1</offset><text>"</text></passage><passage><infon key="section">inclusion_criteria</infon><infon key="lang">en</infon><offset>-1</offset><text>Fourteen women between 30 and 60 years old; diagnosed with fibromyalgia; presented pain in the jaw, temples, face, preauricular area and ears at rest or during function  and palpation of three or more of the 20 muscle sites (tendon and temporalis, masseter, submandibular region, the lateral pterygoid area) muscle;   limited mouth opening; visual analogue scale (VAS) between 3 and 7.</text></passage><passage><infon key="section">exclusion_criteria</infon><infon key="lang">en</infon><offset>-1</offset><text> internal derangement of the temporomandibular joint, a predominantly mouth breathing pattern, systemic, pulmonary or cardiac musculoskeletal disease and history of trauma to the face or cervical spine.</text></passage><passage><infon key="section">primary_outcome</infon><infon key="lang">en</infon><offset>-1</offset><text>Improved intensity proven by visual analog pain scale.</text></passage><passage><infon key="section">primary_outcome</infon><infon key="lang">pt-br</infon><offset>-1</offset><text>Melhora da intensidade da dor comprovada pela escala visual analógica.</text></passage><passage><infon key="section">primary_outcome</infon><infon key="lang">en</infon><offset>-1</offset><text>The effects on pain in the temporomandibular joint area, neck pain and mental health were similar to those found in the control group, so the physical therapy protocol employed showed no effects on pain intensity.</text></passage><passage><infon key="section">primary_outcome</infon><infon key="lang">pt-br</infon><offset>-1</offset><text>Os efeitos sobre a dor na região da articulação temporomandibular, dor no pescoço e da saúde mental, foram semelhantes aos encontrados no grupo de controle, portanto o protocolo fisioterapêutico empregado não mostrou efeitos sobre a intensidade da dor.</text></passage><passage><infon key="section">secondary_outcome</infon><infon key="lang">en</infon><offset>-1</offset><text>Improved quality of life measured by the Short Form Health Survey (SF-36).</text></passage><passage><infon key="section">secondary_outcome</infon><infon key="lang">pt-br</infon><offset>-1</offset><text>Melhora da qualidade de vida medida através do Short Form Health Survey (SF-36).</text></passage><passage><infon key="section">secondary_outcome</infon><infon key="lang">en</infon><offset>-1</offset><text>Improvement in overall quality of life of the study subjects was observed as evidenced by the increase of the parameters of the SF-36 questionnaire.</text></passage><passage><infon key="section">secondary_outcome</infon><infon key="lang">pt-br</infon><offset>-1</offset><text>Foi observada melhoria na qualidade de vida global dos sujeitos do estudo, comprovadas pelo aumento dos parâmetros do questionário de qualidade de vida SF-36.</text></passage><passage><infon key="section">public_title</infon><infon key="lang">pt-br</infon><offset>-1</offset><text>Estudo da efetividade da fisioterapia na  disfunção temporomandibular  em pacientes com fibromialgia</text></passage><passage><infon key="section">scientific_title</infon><infon key="lang">pt-br</infon><offset>-1</offset><text>Estudo da efetividade da fisioterapia na  disfunção temporomandibular miogênica em pacientes com fibromialgia</text></passage><passage><infon key="section">freetext</infon><infon key="lang">pt-br</infon><offset>-1</offset><text> </text></passage><passage><infon key="section">inclusion_criteria</infon><infon key="lang">pt-br</infon><offset>-1</offset><text>Quatorze mulheres entre 30 e 60 anos de idade; com diagnóstico de fibromialgia; apresentar dor na mandíbula, têmpora, face, área pré-auricular e ouvidos em repouso ou durante função e à palpação em três ou mais dos 20 sítios musculares (tendão e músculo temporal, masseter, região submandibular, área do pterigóideo lateral);  apresentar limitação da abertura da boca e Escala visual analógica (EVA) entre 3 e 7.</text></passage><passage><infon key="section">exclusion_criteria</infon><infon key="lang">pt-br</infon><offset>-1</offset><text>Apresentar desarranjo interno da articulação temporomandibular, respiração predominantemente bucal, doença musculoesquelética de ordem sistêmica, pulmonar e cardíaca, histórico de trauma em região da face e coluna cervical.</text></passage></document></collection>