<?xml version="1.0" encoding="UTF-8"?><!DOCTYPE collection SYSTEM "BioC.dtd"><collection><source></source><date></date><key></key><document><id>RBR-5q24zh</id><passage><infon key="section">public_title</infon><infon key="lang">en</infon><offset>-1</offset><text>Effect of Aerobic Training on Blood Pressure Levels of Hypertensive Subjects</text></passage><passage><infon key="section">scientific_title</infon><infon key="lang">en</infon><offset>-1</offset><text>Effects of Aerobic High Intensity Training on Blood Pressure Levels of Resistant Hypertensive</text></passage><passage><infon key="section">freetext</infon><infon key="lang">en</infon><offset>-1</offset><text>Hypertension, Resistant Hypertension</text></passage><passage><infon key="section">freetext</infon><infon key="lang">en</infon><offset>-1</offset><text>Experimental Group: 50 resistant hypertensive subjects, high intensity interval aerobic training for 8 weeks, with frequency of 3 exercise sessions per week, each session with 60 minutes.

Control Group: 50 resistant hypertensive subjects, moderate intensity continuous aerobic training for 8 weeks, with frequency of 3 exercise sessions per week, each session with 60 minutes.</text></passage><passage><infon key="section">inclusion_criteria</infon><infon key="lang">en</infon><offset>-1</offset><text>Age between 40 and 60 years; men or women; body mass index under 30 kg / m²; able to participate in exercise; no regular physically active in the last 4 months</text></passage><passage><infon key="section">exclusion_criteria</infon><infon key="lang">en</infon><offset>-1</offset><text>Smoking; with history of ischemic stroke or hemorrhagic; or CHD; or obstructive pulmonary disease or chronic restrictive; or diabetes mellitus; or chronic atrial fibrillation</text></passage><passage><infon key="section">primary_outcome</infon><infon key="lang">en</infon><offset>-1</offset><text>Control in blood pressure levels, assess by the method of Ambulatory Blood Pressure Monitoring (ABPM) and oscilometric method (FINOMETER and DIXTAL), from decrease of blood pressure in measurements pre and post-intervention with physical exercise.</text></passage><passage><infon key="section">primary_outcome</infon><infon key="lang">pt-br</infon><offset>-1</offset><text>Controle nos níveis de pressão arterial, avaliado pelo método de Monitorização Ambulatorial da Pressão Arterial (MAPA)e método oscilométrico seminautomático (FINOMETER e DIXTAL), a partir da diminuição da pressão arterial nas medições pré e pós intervenção com exercício físico. </text></passage><passage><infon key="section">secondary_outcome</infon><infon key="lang">en</infon><offset>-1</offset><text>Improve in vasodilator response, assess by the method of venous occlusion plethysmography, verified by incresead of 10% in blood flow in measurements pre and post-intervention with physical exercise.  </text></passage><passage><infon key="section">secondary_outcome</infon><infon key="lang">pt-br</infon><offset>-1</offset><text>Melhora na resposta vasodilatadora, avaliada pelo método de pletismografia de oclusão venosa, constatado pelo aumento de 10% de fluxo sanguíneo nas medições de pré e pós intervenção com exercício físico.  </text></passage><passage><infon key="section">secondary_outcome</infon><infon key="lang">en</infon><offset>-1</offset><text>Improve in baroreflex sensitivity, assess by alpha index, verified by incresead of 10% in sensitivity in measurements pre and post-intervention with physical exercise. </text></passage><passage><infon key="section">secondary_outcome</infon><infon key="lang">pt-br</infon><offset>-1</offset><text>Melhora na sensibilidade barorreflexa, avaliada pelo índice alfa, constatada pelo aumento de 10% da sensibilidade nas medições pré e pós intervenção com exercício físico. </text></passage><passage><infon key="section">secondary_outcome</infon><infon key="lang">en</infon><offset>-1</offset><text>Improve in autonomic modulation, assess by espectral analysis,verified by incresead of 10% parasimpathetic modulation and/or by decrease of 10% of sympathetic modulation in measurements pre and post-intervention with physical exercise.</text></passage><passage><infon key="section">secondary_outcome</infon><infon key="lang">pt-br</infon><offset>-1</offset><text>Melhora na modulação autonômica, avaliada pela análise espectral, constatada pelo aumento de 10% da modulação parassimpática e/ou pela diminuição de 10% da modulaçãos simpática nas medições pré e pós intervenção com exercício físico.</text></passage><passage><infon key="section">public_title</infon><infon key="lang">pt-br</infon><offset>-1</offset><text>Efeito do Treino Aeróbio sobre os Níveis de Pressão Arterial de Hipertensos</text></passage><passage><infon key="section">scientific_title</infon><infon key="lang">pt-br</infon><offset>-1</offset><text>Efeito do Treinamento Físico Aeróbio de Alta Intensidade sobre a Pressão Arterial Clínica e Ambulatorial de Hipertensos Resistentes</text></passage><passage><infon key="section">freetext</infon><infon key="lang">pt-br</infon><offset>-1</offset><text>Grupo Experimental: 50 hipertensos resistentes, treino aeróbio intervalado de alta intensidade durante 8 semanas, com frequência de 3 sessões de exercício por semana, cada sessão com duração de 60 minutos.

Grupo Controle: 50 hipertensos resistentes, treino aeróbio contínuo de moderada intensidade durante 8 semanas, com frequência de 3 sessões de exercício por semana, cada sessão com duração de 60 minutos.</text></passage><passage><infon key="section">inclusion_criteria</infon><infon key="lang">pt-br</infon><offset>-1</offset><text>Idade entre 40 e 60 anos; homens ou mulheres; índice de massa corporal menor que 30 kg/m²; aptos a participar de exercício físico; não praticantes de atividade física regular nos últimos 4 meses</text></passage><passage><infon key="section">exclusion_criteria</infon><infon key="lang">pt-br</infon><offset>-1</offset><text>Fumantes; com histórico de acidente vascular cerebral isquêmico ou hemorrágico; ou doença coronariana; ou doença pulmonar obstrutiva ou restritiva crônica; ou diabetes mellitus; ou fibrilação atrial crônica</text></passage></document></collection>