<?xml version="1.0" encoding="UTF-8"?><!DOCTYPE collection SYSTEM "BioC.dtd"><collection><source></source><date></date><key></key><document><id>RBR-3m6cny</id><passage><infon key="section">public_title</infon><infon key="lang">en</infon><offset>-1</offset><text>Comparative efficacy and safety study of dolutegravir and lopinavir/ritonavir in second-line treatment</text></passage><passage><infon key="section">scientific_title</infon><infon key="lang">en</infon><offset>-1</offset><text>200304 - A phase 3b,randomised,open-label study of the antiviral activity and safety of dolutegravir compared to lopinavir/ritonavir both administered with dual nucleoside reverse transcriptase inhibitor therapy in HIV-1 (Type I virus of acquired immunodeficiency syndrome) infected adult
subjects with treatment failure on first line therapy</text></passage><passage><infon key="section">freetext</infon><infon key="lang">en</infon><offset>-1</offset><text>infection, human immunodeficiency virus</text></passage><passage><infon key="section">freetext</infon><infon key="lang">en</infon><offset>-1</offset><text>It will be included 612 subjects randomized on proportion of 1:1 divided on 2 treatment</text></passage><passage><infon key="section">inclusion_criteria</infon><infon key="lang">en</infon><offset>-1</offset><text>HIV-1 infected subjects greater or equal to 18 years of age;

A female subject may be eligible to enter and participate in the study if she: is of non-childbearing potential defined as either post-menopausal (12 months of spontaneous amenorrhea and greater or equal to 45 years of age) or physically incapable of becoming pregnant with documented tubal ligation, hysterectomy, or bilateral oophorectomy or, is of child-bearing potential, with a negative pregnancy test at both screening and day 1 and agrees to use one of the protocol-defined methods of contraception to avoid pregnancy;</text></passage><passage><infon key="section">exclusion_criteria</infon><infon key="lang">en</infon><offset>-1</offset><text>Women who are breastfeeding;  any evidence of an active Centers for Disease Control and Prevention (CDC) Category C disease exceptions include cutaneous Kaposi</text></passage><passage><infon key="section">primary_outcome</infon><infon key="lang">en</infon><offset>-1</offset><text>The proportion of subjects responsive from the randomized subjects that received at least one dose of study medication (intention to treat population): It will be analize on time frame: 48 week; Using the Snapshot algorithm of FDA; Plasma HIV-1 ribonucleic acid (RNA) less than 50 copies per millilitre (c/mL)  The proportion of subjects non responsive: Subjects with HIV-1 RNA greater or equal than 50 c/mL; Without HIV RNA data at week 48, subjects with background ART substitutions not permitted per protocol and subjects with background ART substitutions permitted per protocol after week 4 but where their last HIV-1 RNA result prior to the date of decision to switch was greater or equal than 50 c/mL</text></passage><passage><infon key="section">primary_outcome</infon><infon key="lang">pt-br</infon><offset>-1</offset><text>Proporção de sujeitos de pesquisa responsivos dentre os indivíduos randomizados que recebem pelo menos uma dose da medicação em estudo (população com intenção de tratar): Será avaliada na semana 48; Utilizando o algorítimo Snapshot do FDA; HIV-1 ácido ribonucléico (RNA) menor do que 50 cópias por mililitro (c/mL)  Proporção dos sujeitos de pesquisa não responsivos: Indivíduos com HIV-1 RNA maior ou igual a 50 c/mL;Sem dados de HIV RNA na semana 48, indivíduos com substituição de ART permitida pelo protocolo após a semana 4 mas que seu último resultado de HIV-1 RNA antes da data de decisão para a mudança foi maior ou igual a 50c/mL </text></passage><passage><infon key="section">secondary_outcome</infon><infon key="lang">en</infon><offset>-1</offset><text>Proportion of subjects with plasma HIV-1 RNA &lt;50 c/mL using the Snapshot algorithm on week 24;  Proportion of subjects with plasma HIV-1 RNA &lt;400 c/mL using the Snapshot algorithm on week 24; Proportion of subjects without virologic or tolerability failure by Weeks 24 and 48;Incidence of disease progression; </text></passage><passage><infon key="section">secondary_outcome</infon><infon key="lang">pt-br</infon><offset>-1</offset><text>Proporção de indivíduos com plasma HIV-1 RNA menor do que 50c/mL usando o algorítimo Snapshot na semana 24; Poporção de indivíduos com plasma HIV-1 RNA menor que 400 cópias/mililitro (c/mL) usando o algorítimo de Snapshot na semana 24; Proporção de indivíduos sem falha ou tolerância virológica entre a semana 24 e 48; Incidência da progressão da doença;</text></passage><passage><infon key="section">public_title</infon><infon key="lang">pt-br</infon><offset>-1</offset><text>Estudo comparativo de segurança e eficácia do dolutagravir e lopinavir/ritonavir em tratamento de segunda linha</text></passage><passage><infon key="section">scientific_title</infon><infon key="lang">pt-br</infon><offset>-1</offset><text>200304 - Estudo de fase 3b, randomizado, aberto, da atividade antiviral e segurança de dolutegravir em comparação com lopinavir/ritonavir, ambos administrados com terapia de inibidor de transcriptase reversa de nucleosídeo duplo em indivíduos adultos infectados com HIV-1 (vírus do tipo I da síndrome de imunodeficiência adquirida) com falha de tratamento em terapia de primeira linha</text></passage><passage><infon key="section">freetext</infon><infon key="lang">pt-br</infon><offset>-1</offset><text>Serão incluídos 612 sujeitos de pesquisa randomizados na proporção 1:1 em dois braços de tratamento (306 sujeitos no braço 1 e 306 sujeitos no braço 2). No Brasil serão incluídos 80 indivíduos.

Droga do braço 1: Sujeito de pesquisa receberá dolutegravir em comprimido via oral de 50 mg uma vez ao dia e mais dois inibidores nucleosídeos da transcriptase reversa selecionados pelo investigador do estudo</text></passage><passage><infon key="section">inclusion_criteria</infon><infon key="lang">pt-br</infon><offset>-1</offset><text>Indivíduos infectados com HIV-1 maiores ou iguais a 18 anos de idade;

Um indivíduo do sexo feminino pode ser elegível para entrar e participar do estudo se:  não estiver em idade fértil, definido como pós-menopausa (12 meses de amenorreia espontânea e maior ou igual a 45 anos de idade) ou fisicamente incapaz de engravidar com ligação tubária, histeretomia ou ooforectomia bilateral documentada ou, estiver em idade fértil, com teste de gravidez negativo tanto na avaliação inicial quanto no dia 1 e concordar em usar um dos métodos contraceptivos para evitar a gravidez definidos pelo protocolo;</text></passage><passage><infon key="section">exclusion_criteria</infon><infon key="lang">pt-br</infon><offset>-1</offset><text>Mulheres que estejam amamentando; qualquer evidência de doença ativa de categoria C dos Centros para Controle e Prevenção de Doenças (CDC), exceções incluem sarcoma cutâneo de Kaposi que não exija uma terapia sistêmica e niveis de células CD4+ atuais ou histórico menor do que 200 células por milímetro cúbico; indivíduos com comprometimento hepático grave, classe C, como determinado pela classificação de Child-Pugh; doença hepática instável, como definido pela presença de ascite, encefalopatia, coagulopatia, hipoalbuminemia, varizes esofágicas ou gástricas ou icterícia persistente, cirrose, anormalidades biliares conhecidas, com exceção de síndrome de Gilbert ou cálculos biliares assintomáticos; necessidade prevista de terapia para vírus da hepatite C, HCV, durante a fase randomizada do estudo; histórico ou presença de alergia ou intolerância aos medicamentos em estudo ou seus componentes ou medicamentos de sua classe; malignidades em andamento, exceto sarcoma cutâneo de Kaposi, carcinoma de célula basal ou carcinoma de célula escamosa cutânea resseccionado, não invasivo ou neoplasia intraepitelial cervical; outras malignidades localizadas exigem acordo entre o investigador e o monitor médico do estudo para inclusão do indivíduo;  indivíduos que, no julgamento do investigador, apresentam um risco significativo de possível suicídio. Histórico recente de comportamento e/ou ideia suicida pode ser considerado como evidência de risco grave de suicídio; tratamento com vacina imunoterapêutica para HIV-1 dentro de 90 dias do período de avaliação inicial; tratamento com qualquer agente, exceto a ART licenciada como permitido acima, com atividade documentada contra HIV-1 in vitro/vivo dentro de 28 dias da primeira dose de produto investigacional. A exceção é o uso de entecavir, em situações clínicas apropriadas, para tratamento de hepatite B , por exemplo, intolerância anterior a tenofovir, resistência viral a lamivudina (3TC)/Emtricitabine (FTC), após discussão e acordo entre o investigador e o monitor médico; exposição a um medicamento ou vacina experimental dentro de 28 dias, 5 meias-vidas do agente em teste, ou duas vezes a duração do efeito biológico do agente em teste, o que for maior, antes da primeira dose de produto invstigacional; qualquer evidência de resistência viral primária a inibidores de protease ou inibidores de integrase com base na presença de qualquer mutação importante associada à resistência; o vírus do indivíduo não leva a resultados usando genótipo na avaliação inicial, os dados de ensaio são essenciais para a determinação de elegibilidade;  qualquer anormalidade laboratorial verificada de grau 4, com exceção de triglicérides de grau 4. Um único teste de repetição é permitido durante o período de avaliação inicial para verificar um resultado; qualquer anormalidade laboratorial aguda na avaliação inicial que, no parecer do investigador, impediria a participação do indivíduo no estudo de um composto investigacional; alanina aminotransferase, ALT, maio ou igual do que 5 vezes o limite superior da normalidade, ULN, ou ALT maior ou igual do que 3xULN e bilirrubina maior ou igual do que 1,5xULN (com mais de 35% bilirrubina direta)</text></passage></document></collection>