<?xml version="1.0" encoding="UTF-8"?><!DOCTYPE collection SYSTEM "BioC.dtd"><collection><source></source><date></date><key></key><document><id>RBR-24ydf6</id><passage><infon key="section">public_title</infon><infon key="lang">en</infon><offset>-1</offset><text>Functional impact of Foot Orthoses in rheumatoid arthritis feet</text></passage><passage><infon key="section">scientific_title</infon><infon key="lang">en</infon><offset>-1</offset><text>Kinect and functional impact of foot orthoses in rheumatoid arthritis feet </text></passage><passage><infon key="section">freetext</infon><infon key="lang">en</infon><offset>-1</offset><text>Rheumatoid arthritis with involvement of other organs and systems/Rheumatoid arthritis</text></passage><passage><infon key="section">freetext</infon><infon key="lang">en</infon><offset>-1</offset><text>Intervention group: 28 subjects with rheumatoid arthritis randomly allocated of both sexes will make use of foot orthoses in your shoes everyday between 4-6 hours daily for 02 months. Control group: 28 subjects with rheumatoid arthritis randomly allocated of both sexes did not receive the intervention (foot orthoses) and keep their shoes everyday without interference for 02 months.</text></passage><passage><infon key="section">inclusion_criteria</infon><infon key="lang">en</infon><offset>-1</offset><text>Volunteers with Rheumatoid Arthritis; both genders; aged between 18 and 75 years; ability to walk with or without the use of assistive devices (cane, crutch or walker); agree to participate by signing the Informed Consent Form (ICF).</text></passage><passage><infon key="section">exclusion_criteria</infon><infon key="lang">en</infon><offset>-1</offset><text>Volunteers with Rheumatoid Arthritis presenting neurological disease and disability to walk; cognitive impairment; lesions on the skin of the feet; surgery on lower limb; pregnancy.</text></passage><passage><infon key="section">primary_outcome</infon><infon key="lang">en</infon><offset>-1</offset><text>Disability of the foot and ankle. Improvement in disability verified by a change of at least 20 points with a standard deviation of 30 points in the AOFAS scale in the pre and post intervention measurements.</text></passage><passage><infon key="section">primary_outcome</infon><infon key="lang">pt-br</infon><offset>-1</offset><text>Capacidade Funcional do pé e tornozelo. Melhora da funcionalidade do pé e tornozelo verificada por uma mudança de pelo menos 20 pontos com desvio padrão de 30 pontos na escala AOFAS nas medições pré e pós intervenção.</text></passage><passage><infon key="section">primary_outcome</infon><infon key="lang">en</infon><offset>-1</offset><text>Small difference but no significant on disability of the foot and ankle for the foot orthoses group.</text></passage><passage><infon key="section">primary_outcome</infon><infon key="lang">pt-br</infon><offset>-1</offset><text>Pequena diferença mas não significativa na capacidade funcional doo pé e tornozelo a favor do grupo que usou a palmilhas. </text></passage><passage><infon key="section">secondary_outcome</infon><infon key="lang">en</infon><offset>-1</offset><text>Load distribution and oscillation. Improvement on  load distribution in the feet and the oscillation of the centers of gravity in the pre and post intervention measurements, verified by computed baropodometry to standart values: 60% charge in rearfoot; 40% in the forefoot; 50% in the left foot and 50% on the right foot with a standard deviation of 3%. Oscillation between 0.010 cm2 to 0.15 with standard deviation of 0.20.</text></passage><passage><infon key="section">secondary_outcome</infon><infon key="lang">pt-br</infon><offset>-1</offset><text>Distribuição da carga e oscilação nos pés. Melhora na distribuição da carga nos pés e da oscilação dos centros de gravidade nas medições pré e pós intervenção, aferidas pela baropodometria computadorizada para valores normativos: 60% de carga no retro-pé; 40% no ante-pé;50% no pé esquerdo e 50% no pé direito com desvio padrão de 3%. Oscilação entre 0,010 cm2 a 0,15 com desvio padrão de 0,20. </text></passage><passage><infon key="section">secondary_outcome</infon><infon key="lang">en</infon><offset>-1</offset><text>There was no significant difference in load distribution and oscillation of feet between the groups.</text></passage><passage><infon key="section">secondary_outcome</infon><infon key="lang">pt-br</infon><offset>-1</offset><text>Não houve diferença significativa na distribuição da carga e oscilação dos pés entre os grupos.</text></passage><passage><infon key="section">secondary_outcome</infon><infon key="lang">en</infon><offset>-1</offset><text>Global functionality. Improvement of the global functionality measured for any increase in the HAQ (Health Assessment Questionnaire)in the pre and post intervention measurements.</text></passage><passage><infon key="section">secondary_outcome</infon><infon key="lang">pt-br</infon><offset>-1</offset><text>Funcionalidade Global. Melhora da funcionalidade global aferida por qualquer aumento nos pontos do HAQ (Health Assessment Questionnaire) nas medições pré e pós intervenção.</text></passage><passage><infon key="section">secondary_outcome</infon><infon key="lang">en</infon><offset>-1</offset><text>Small difference but no significant on global functionality of the foot and ankle for the foot orthoses group.</text></passage><passage><infon key="section">secondary_outcome</infon><infon key="lang">pt-br</infon><offset>-1</offset><text>Pequena diferença mas não significativa na funcionalidade global a favor do grupo que usou a palmilhas. </text></passage><passage><infon key="section">public_title</infon><infon key="lang">pt-br</infon><offset>-1</offset><text>Impacto na funcionalidade de palmilhas em indivíduos com pés afetados pela Artrite Reumatóide</text></passage><passage><infon key="section">scientific_title</infon><infon key="lang">pt-br</infon><offset>-1</offset><text>Impacto cinético e funcional de palmilhas em indivíduos com pé reumatóide </text></passage><passage><infon key="section">freetext</infon><infon key="lang">pt-br</infon><offset>-1</offset><text>Grupo intervenção: 28 voluntários com artrite reumatóide alocados aleatoriamente de ambos os sexos irão fazer uso de palmilhas em seus calçados de uso cotidiano entre 4 a 6 horas diárias por 02 meses subsequentes. Grupo controle: 28 voluntários com artrite reumatóide alocados aleatoriamente de ambos os sexos não receberão a intervenção (palmilhas) e manterão seus calçados de uso cotidiano sem interferências por 02 meses subsequentes.</text></passage><passage><infon key="section">inclusion_criteria</infon><infon key="lang">pt-br</infon><offset>-1</offset><text>Voluntários com Artrite Reumatóide; ambos os gêneros; idade entre 18 e 75 anos;  capacidade de caminhar com ou sem uso de dispositivos auxiliares (bengala,muleta ou andador); concordar em participar do estudo mediante assinatura do Termo de Consentimento Livre e Esclarecido(TCLE).</text></passage><passage><infon key="section">exclusion_criteria</infon><infon key="lang">pt-br</infon><offset>-1</offset><text>Voluntários com Artrite Reumatóide que apresentem doença neurológica e incapacidade de caminhar; déficit cognitivo; lesões na pele dos pés; cirurgia no membro inferior; gravidez.</text></passage></document></collection>