<?xml version="1.0" encoding="UTF-8"?><!DOCTYPE collection SYSTEM "BioC.dtd"><collection><source></source><date></date><key></key><document><id>RBR-2ypjhv</id><passage><infon key="section">public_title</infon><infon key="lang">en</infon><offset>-1</offset><text>Genetic monitoring and balance in the redox medical residents occupationally exposed to inhaled anesthetics</text></passage><passage><infon key="section">scientific_title</infon><infon key="lang">en</infon><offset>-1</offset><text>Genetic monitoring and redox balance in resident physicians occupationally exposed to inhaled anesthetics</text></passage><passage><infon key="section">freetext</infon><infon key="lang">en</infon><offset>-1</offset><text>DNA damage of residents in anesthesiology during the period of residence</text></passage><passage><infon key="section">freetext</infon><infon key="lang">en</infon><offset>-1</offset><text>Monitoring semiannual of the subjects by venous blood.
Experimental group: 30 medical residents occupationally exposed to residues of inhaled anesthetics, the beginning of the residence at the end of it, totaling three years of study with gathering held every six months.</text></passage><passage><infon key="section">inclusion_criteria</infon><infon key="lang">en</infon><offset>-1</offset><text>First year of medical residency in anesthesiologists areas; general surgery; orthopedics; neurosurgery; healthy volunteers; both genders; aged 18 to 35</text></passage><passage><infon key="section">exclusion_criteria</infon><infon key="lang">en</infon><offset>-1</offset><text>Have done medical residence in the areas of interest of the study; Carrier malignancy; be more than 35 years of age</text></passage><passage><infon key="section">primary_outcome</infon><infon key="lang">en</infon><offset>-1</offset><text>It is expected to find increased DNA damage of participants increases as its exposure through the comet assay in lymphocytes analyzed by fluorescence microscopy images with the aid of a software capable of detecting the intensity of the tail, and the higher the greater the tail damage, besides biochemical and hormonal results and oxidative stress test directly related to DNA damage. We also expect information of anesthetic gases residue concentrations in the operating room to operating rooms still without adequate exhaust system and renewal of air and its possible effects compared to rooms with adequate exhaust system. The results in all tests are comparative between the exposed and control groups for significant difference check.</text></passage><passage><infon key="section">primary_outcome</infon><infon key="lang">pt-br</infon><offset>-1</offset><text>É esperado encontrar aumento de danos no DNA dos participantes conforme aumenta sua exposição através do teste do cometa em linfócitos, analisados por imagens em microscopia de fluorescência com auxilio de um software capaz de detectar a intensidade da cauda, sendo que quanto maior a cauda maior o dano, alem resultados bioquímicos e hormonais e teste de estresse oxidativo relacionado diretamente a dano no DNA. Esperamos também  informações das concentrações de resíduos de gases anestésicos em centro cirúrgico com salas cirúrgicas ainda sem adequado sistema de exaustão e renovação de ar e de seus possíveis efeitos comparados com salas com adequado sistema de exaustão. Os resultados obtidos em todos os testes são comparativos entre o grupo exposto e grupo controle para verificação de diferença significativa.</text></passage><passage><infon key="section">secondary_outcome</infon><infon key="lang">en</infon><offset>-1</offset><text>Are not expected.</text></passage><passage><infon key="section">secondary_outcome</infon><infon key="lang">pt-br</infon><offset>-1</offset><text>Não são esperados.</text></passage><passage><infon key="section">public_title</infon><infon key="lang">pt-br</infon><offset>-1</offset><text>Monitoramento genético e de equilíbrio na oxirredução em médicos residentes ocupacionalmente expostos aos anestésicos inalatórios </text></passage><passage><infon key="section">scientific_title</infon><infon key="lang">pt-br</infon><offset>-1</offset><text>Monitoramento genético e de balanço redox em médicos residentes ocupacionalmente expostos aos anestésicos inalatórios</text></passage><passage><infon key="section">freetext</infon><infon key="lang">pt-br</infon><offset>-1</offset><text>Biomonitoramento semestral dos indivíduos  participantes através de coleta de sangue venoso.
Grupo experimental: 30 médicos residentes  expostos ocupacionalmente aos resíduos de anestésicos inalatórios, do inicio da residencia ao final da mesma, totalizando assim 3 anos de estudo com coleta realizada a cada seis meses. </text></passage><passage><infon key="section">inclusion_criteria</infon><infon key="lang">pt-br</infon><offset>-1</offset><text>Primeiro ano de residencia medica nas areas anestesiologistas; cirurgia geral; ortopedia; neurocirurgia; voluntários sadios; ambos os gêneros; idade entre 18 a 35 anos</text></passage><passage><infon key="section">exclusion_criteria</infon><infon key="lang">pt-br</infon><offset>-1</offset><text>Ter feito residencia medica nas áreas de interesse do estudo; portador de doença maligna; ter mais que 35 anos de idade</text></passage></document></collection>