<?xml version="1.0" encoding="UTF-8"?><!DOCTYPE collection SYSTEM "BioC.dtd"><collection><source></source><date></date><key></key><document><id>RBR-3dgcpv</id><passage><infon key="section">public_title</infon><infon key="lang">en</infon><offset>-1</offset><text>Is it safe to prescribe antibiotics at the commonly administered dose for obese and patients with stomach reduction surgery? Study of available concentration of oral amoxicillin</text></passage><passage><infon key="section">scientific_title</infon><infon key="lang">en</infon><offset>-1</offset><text>Is it safe to prescribe antibiotics in tablets dosage form for obese and bariatric patients? Oral bioavailability study of amoxicillin </text></passage><passage><infon key="section">freetext</infon><infon key="lang">en</infon><offset>-1</offset><text>Nutritional and metabolic diseases, Obesity, Bariatric Surgery.</text></passage><passage><infon key="section">freetext</infon><infon key="lang">en</infon><offset>-1</offset><text>Will be selected 40 patients, aged between 18 and 50 years, divided in two groups. The recruitment of the research subjects will be by multimedia, posters and direct contact with gastric surgeons of Maringa and region, for those patients that are indicated to the Roux in Y gastric surgery, attended by SUS and private health plan. It will be asked to the responsible for the safekeeping of patient data (doctors or social worker) to contact the patients that apply the criteria of study inclusion, and invite them to participate of the research. 
Phase I: 20 health and obese patients that are in the waiting list for bariatric surgery of Maringa or Region, that apply the criteria of study inclusion, with designation to Roux in Y gastric surgery.</text></passage><passage><infon key="section">inclusion_criteria</infon><infon key="lang">en</infon><offset>-1</offset><text>Health obese patients that are waiting to undergo bariatric surgery;
Health volunteers who have undergone bariatric surgery by the technique Roux in Y gastric band at least 3 months ago;</text></passage><passage><infon key="section">exclusion_criteria</infon><infon key="lang">en</infon><offset>-1</offset><text>Intolerance or hypersensitivity to Amoxicillin;
Renal or hepatic faillure;</text></passage><passage><infon key="section">primary_outcome</infon><infon key="lang">en</infon><offset>-1</offset><text>Statistically significant difference (p &lt;0.05) in the pharmacokinetic parameters between the obese and bariatric group, and the group that received suspension versus tablet, which will be calculated from the concentration curve versus time.</text></passage><passage><infon key="section">primary_outcome</infon><infon key="lang">pt-br</infon><offset>-1</offset><text>Diferença estatisticamente significativa (p&lt; 0,05) nos parâmetros farmacocinéticos entre o grupo de obesos e bariátricos, e grupo que recebeu suspensão versus comprimido, que serão calculados a partir da curva de concentração versus tempo. </text></passage><passage><infon key="section">secondary_outcome</infon><infon key="lang">en</infon><offset>-1</offset><text>Statistically significant difference (p &lt;0.05) in the pharmacokinetic parameters only between the group that received suspension versus tablet.</text></passage><passage><infon key="section">secondary_outcome</infon><infon key="lang">pt-br</infon><offset>-1</offset><text>Diferença estatisticamente significativa (p&lt; 0,05) nos parâmetros farmacocinéticos somente entre o grupo grupo que recebeu suspensão versus comprimido.</text></passage><passage><infon key="section">public_title</infon><infon key="lang">pt-br</infon><offset>-1</offset><text>É seguro prescrever antibióticos na dose comumente administrada para obesos e pacientes que realizaram cirurgia de redução de estômago? Estudo da  concentração disponível da amoxicilina na forma oral</text></passage><passage><infon key="section">scientific_title</infon><infon key="lang">pt-br</infon><offset>-1</offset><text>É seguro prescrever antibióticos na dose padrão para pacientes obesos e bariátricos? Estudo da biodisponibilidade oral da amoxicilina
</text></passage><passage><infon key="section">freetext</infon><infon key="lang">pt-br</infon><offset>-1</offset><text>Seleção dos sujeitos:
Serão recrutados 40 pacientes, com idade entre 18 e 50 anos, divididos em 2 grupos. O recrutamento dos participantes da pesquisa se dará por divulgação através de multimídia, cartazes e contato direto com cirurgiões gástricos de Maringá e região, para aqueles que tem indicação para realizar a cirurgia do tipo bypass gástrico em Y de Roux, atendidos pelo SUS e pelo setor privado. Será solicitado ao responsável pela guarda dos dados dos pacientes (médico ou assistente social) para que entrem em contato com estes pacientes, que atendem os critérios de inclusão do projeto, e convidá-los a participar da pesquisa.</text></passage><passage><infon key="section">inclusion_criteria</infon><infon key="lang">pt-br</infon><offset>-1</offset><text>
Pacientes obesos saudáveis que estejam esperando para se submeter à cirurgia bariátrica;
Voluntários saudáveis que passaram por cirurgia bariátrica pela técnica de bypass gástrico em Y de Roux há pelo menos 3 meses;</text></passage><passage><infon key="section">exclusion_criteria</infon><infon key="lang">pt-br</infon><offset>-1</offset><text>Intolerância ou hipersensibilidade a Amoxicilina;
Insuficiência renal ou hepática;</text></passage></document></collection>