<?xml version="1.0" encoding="UTF-8"?><!DOCTYPE collection SYSTEM "BioC.dtd"><collection><source></source><date></date><key></key><document><id>RBR-3hf227</id><passage><infon key="section">public_title</infon><infon key="lang">en</infon><offset>-1</offset><text>Assessment of the pain level  of Benzathine Benzylpenicillin administered in the region ventrogluteal (hip) vs. dorsogluteal</text></passage><passage><infon key="section">scientific_title</infon><infon key="lang">en</infon><offset>-1</offset><text>Assessment of acceptance of intramuscular injection of penicillin in the region ventral gluteal in emergency units in Goiânia - Goiás</text></passage><passage><infon key="section">freetext</infon><infon key="lang">en</infon><offset>-1</offset><text>We assess the level of pain on intramuscular administration of Benzathine Benzylpenicillin.
Pathological conditions, signs and symptoms, Buttocks, Penicillin G Benzathine, Pain.</text></passage><passage><infon key="section">freetext</infon><infon key="lang">en</infon><offset>-1</offset><text>Sixty one subjects were recruited from use of Benzilpenicina G Benzathine (Benzetacil) intramuscularly. Thirty one people in the intervention group received the drug in the ventral gluteal or hip region. already in the control group 30 people received the gluteal back region.
In the i</text></passage><passage><infon key="section">inclusion_criteria</infon><infon key="lang">en</infon><offset>-1</offset><text>Present the prescription of Benzylpenicillin; be over 18 years old; be served in the medication room of two  Centro de Atendimento Integrais a Saúde (CAIS) of the eastern region of Goiânia.</text></passage><passage><infon key="section">exclusion_criteria</infon><infon key="lang">en</infon><offset>-1</offset><text>Have an injury on the skin or muscles of the buttock; present prescription of procaine penicillin associated with Benzylpenicillin; have psychiatric disorders.</text></passage><passage><infon key="section">primary_outcome</infon><infon key="lang">en</infon><offset>-1</offset><text>Application acceptance of Benzetacil in ventrogluteal region or hip performed through the graduated numerical scale from zero to ten, which zero means no pain and ten the worst imaginable pain.</text></passage><passage><infon key="section">primary_outcome</infon><infon key="lang">pt-br</infon><offset>-1</offset><text>Aceitação da aplicação da benzetacil na região ventroglutea ou quadril realizada atraves de  escala numérica graduada de zero a dez, a qual zero significa ausência de dor e dez, a pior dor imaginável.   </text></passage><passage><infon key="section">secondary_outcome</infon><infon key="lang">en</infon><offset>-1</offset><text>The pain intensity reported by the subject application site of intramuscular injection. Verified by assessment of pain using the graduated numerical scale from zero to ten, which zero means no pain and ten the worst imaginable pain. After the injection was carried out the assessment at the time giving the injection, after one minute and three minutes under the supervision of researchers.</text></passage><passage><infon key="section">secondary_outcome</infon><infon key="lang">pt-br</infon><offset>-1</offset><text>A intensidade de dor relatada pelo sujeito no local de aplicação da injeção intramuscular. Verificado através da avaliação da dor utilizando a escala numérica graduada de zero a dez, a qual zero significa ausência de dor e dez, a pior dor imaginável. Após a injeção foi realizado a avaliação no momento da aplicação da injeção, após um minuto e três minutos sob a supervisão dos pesquisadores.</text></passage><passage><infon key="section">public_title</infon><infon key="lang">pt-br</infon><offset>-1</offset><text>Avaliação do nível de dor da benzetacil administrada na região ventro glútea (quadril) vs dorso glútea</text></passage><passage><infon key="section">scientific_title</infon><infon key="lang">pt-br</infon><offset>-1</offset><text>Avaliação da aceitação da injeção intramuscular de penicilina na região ventro glútea em unidades de emergência em Goiânia - Goiás</text></passage><passage><infon key="section">freetext</infon><infon key="lang">pt-br</infon><offset>-1</offset><text>Foram recrutados 61 indivíduos em uso de Benzilpenicina Benzatina G (benzetacil) por via intramuscular. No grupo intervenção 31 pessoas receberam a medicação na região ventro glútea ou quadril. já no grupo controle 30 pessoas a receberam na região dorso glútea. 
Na sala de injeção, retirava-se da urna o envelope contendo o número, o qual determinava  em qual dos dois locais seria realizada a aplicação da injeção. </text></passage><passage><infon key="section">inclusion_criteria</infon><infon key="lang">pt-br</infon><offset>-1</offset><text>Apresentar a receita médica da Benzilpenicilina; ser maior de 18 anos; ser atendido nas salas de injeções de dois Centro de Atendimento Integrais a Saúde (CAIS) da região leste de Goiânia.</text></passage><passage><infon key="section">exclusion_criteria</infon><infon key="lang">pt-br</infon><offset>-1</offset><text>Possuir alguma lesão na pele ou na musculatura da região glútea; apresentar receita médica de penicilina procaína associada à Benzilpenicilina; possuir alterações psíquicas.</text></passage></document></collection>