<?xml version="1.0" encoding="UTF-8"?><!DOCTYPE collection SYSTEM "BioC.dtd"><collection><source></source><date></date><key></key><document><id>RBR-5n95rm</id><passage><infon key="section">public_title</infon><infon key="lang">en</infon><offset>-1</offset><text>Evaluation of an educational program for the home care of patients undergoing prostate surgery</text></passage><passage><infon key="section">scientific_title</infon><infon key="lang">en</infon><offset>-1</offset><text>Analysis of a teaching program for the preparation for discharge of patients undergoing radical prostatectomy</text></passage><passage><infon key="section">freetext</infon><infon key="lang">en</infon><offset>-1</offset><text>Male Urogenital Diseases 
Prostatectomy</text></passage><passage><infon key="section">freetext</infon><infon key="lang">en</infon><offset>-1</offset><text>INTERVENTION GROUP:

The IG was composed of a total of 34 participants. The procedures performed in this group consisted of an individualized support in the rehabilitation period of the radical prostatectomy that counted on oral orientation, writing and telephonic reinforcement. Thus, the procedures occurred in three sequential moments, these being:</text></passage><passage><infon key="section">inclusion_criteria</infon><infon key="lang">en</infon><offset>-1</offset><text>Age over 18 years; have cognitive ability for participation assessed from the application of mini mental state examination; refer locomotor ability, visual, hearing and realization of self-care; have a telephone (fixed or mobile) to continue the education program.</text></passage><passage><infon key="section">exclusion_criteria</infon><infon key="lang">en</infon><offset>-1</offset><text>Patients report difficulties to receive phone calls were excluded.</text></passage><passage><infon key="section">primary_outcome</infon><infon key="lang">en</infon><offset>-1</offset><text>Expected outcome: "Mean difference in the general and perceived self-efficacy levels of patients exposed to the teaching program, in relation to patients exposed to the routine guidelines of the services". This variable is measured using the General and Perceived Self-Efficacy scale. The instrument consists of 10 items with Likert type scale responses ranging from one to five, with a minimum score of 10 and maximum score of 50 points. Each item refers to the achievement of goals and indicates a stable internal attribution of success, the higher the score, the greater the perception of self-efficacy.</text></passage><passage><infon key="section">primary_outcome</infon><infon key="lang">pt-br</infon><offset>-1</offset><text>Desfecho esperado: "Diferença média dos níveis de autoeficácia geral e percebida dos pacientes expostos ao programa de ensino, em relação aos pacientes expostos às orientações de rotina dos serviços". Esta variável mensurada por meio da escala de Autoeficácia Geral e Percebida. O instrumento é composto por 10 itens com respostas em escala do tipo Likert que varia de um a cinco, sendo a pontuação mínima 10 e máxima igual a 50 pontos. Cada item refere-se ao alcance de metas e indica uma atribuição interna estável do sucesso, sendo que quanto maior a pontuação, maior percepção da autoeficácia. </text></passage><passage><infon key="section">primary_outcome</infon><infon key="lang">en</infon><offset>-1</offset><text>Outcome found: among the 68 patients that composed the sample, 34 of whom were CG And 34 of the IM, no significant differences were identified between the two Post-test, at the level of the general and perceived self-efficacy variable.</text></passage><passage><infon key="section">primary_outcome</infon><infon key="lang">pt-br</infon><offset>-1</offset><text>Desfecho encontrado: entre os 68 pacientes que compuseram a amostra, sendo 34 indivíduos do GC e 34 do GI, não foram identificadas diferenças significativas entre os dois grupos, no pós-teste, ao nível da variável autoeficácia geral e percebida.</text></passage><passage><infon key="section">secondary_outcome</infon><infon key="lang">en</infon><offset>-1</offset><text>Expected outcome: "Average difference in levels of psychological morbidity (anxiety and depression), satisfaction with the guidelines received and knowledge of patients exposed to the educational program, in relation to patients who received the routine guidelines of the services." To assess anxiety and depression, the Hospital Anxiety and Depression Scale (HADS) scale was used. The HADS scale contains 14 multiple-choice questions. It is composed of two sub scales, for anxiety and depression, with seven items each. Each question has four response options with values ??ranging from zero to three. The overall score in each sub-scale ranges from zero to 21, and the greater the value, the greater the emotional distress. The authors of this instrument suggest value eight as cutoff point, considering the lower values ??as absence of anxiety and depression. To evaluate the variable Satisfaction with guidelines for home care, an item with a variation of 1 to 5 was adopted, in which 1 represents "extremely unsatisfied", 2 "dissatisfied", 3 "not sure", 4 "satisfied" and 4 5 "totally satisfied". To measure the knowledge variable, a structured questionnaire containing 23 questions was elaborated with "right", "wrong", "do not know" answers. The phrases correspond to the guidelines contained in the booklet "Guidelines for home care: Radical surgery of the prostate" and allow to evaluate the knowledge that patients have about the care in the postoperative period of radical prostatectomy (care with the surgical cut and SVD; Urinary incontinence, exercises for pelvic musculature, physical exercise, feeding and fluid intake, bowel movements, signs of complication and problems with erection). For each correct answer a point was assigned, totaling a maximum of 23 points. For wrong answers or do not know, there was no punctuation.</text></passage><passage><infon key="section">secondary_outcome</infon><infon key="lang">pt-br</infon><offset>-1</offset><text>Desfecho esperado: "Diferença média dos níveis de morbidade psicológica (ansiedade e depressão), satisfação com as orientações recebidas e conhecimento dos pacientes expostos ao programa de ensino, em relação aos pacientes que receberam as orientações de rotina dos serviços". Para avaliar a ansiedade e depressão utilizou-se a escala Hospital Anxiety and Depression Scale (HADS). A escala HADS contém 14 questões do tipo múltipla escolha. Compõe-se de duas sub escalas, para ansiedade e depressão, com sete itens cada. Cada questão possui quatro opções de respostas com valores que variam de zero a três. A pontuação global em cada sub escala vai de zero a 21, sendo que quanto maior o valor maior o transtorno emocional. Os autores deste instrumento sugerem o valor oito como ponto de corte, considerando os valores inferiores como ausência de ansiedade e de depressão. Para avaliar a variável Satisfação com as orientações para cuidados domiciliares, adotou-se um item com variação de 1 a 5, na qual 1 representa “extremamente insatisfeito”, 2 “insatisfeito”, 3 “não tem certeza”, 4 “satisfeito” e 5 “totalmente satisfeito”. Para mensuração da variável conhecimento foi elaborado um questionário estruturado contendo 23 questões com opções de respostas “certo”, “errado”, “não sabe”. As frases correspondem às orientações contidas no livreto “Manual de orientações para o cuidado domiciliar: Cirurgia Radical da Próstata” e permitem avaliar os conhecimentos que os pacientes possuem sobre os cuidados no pós-operatório de prostatectomia radical (cuidados com o corte cirúrgico e SVD; incontinência urinária; exercícios para a musculatura da pelve; cuidados quanto aos exercícios físicos, à alimentação e à ingestão de líquidos; evacuações; sinais de complicação e problemas de ereção). Para cada resposta correta foi atribuído um ponto, totalizando máximo de 23 pontos. Para respostas erradas ou não sabe, não houve pontuação. </text></passage><passage><infon key="section">secondary_outcome</infon><infon key="lang">en</infon><offset>-1</offset><text>Outcome found: among the 68 patients that comprised the sample, 34 individuals from CG and 34 from IG, significant differences between the two groups were identified in the post-test, at the level of the variables psychological morbidity (anxiety and depression), satisfaction and knowledge</text></passage><passage><infon key="section">secondary_outcome</infon><infon key="lang">pt-br</infon><offset>-1</offset><text>Desfecho encontrado: entre os 68 pacientes que compuseram a amostra, sendo 34 indivíduos do GC e 34 do GI, foram identificadas diferenças significativas entre os dois grupos, no pós-teste, ao nível das variáveis morbidade psicológica (ansiedade e depressão), satisfação e conhecimento.</text></passage><passage><infon key="section">public_title</infon><infon key="lang">pt-br</infon><offset>-1</offset><text>Avaliação de um programa de ensino para o cuidado domiciliar de pacientes submetidos à cirurgia de próstata
</text></passage><passage><infon key="section">scientific_title</infon><infon key="lang">pt-br</infon><offset>-1</offset><text>Análise de um programa de ensino para o preparo para a alta de pacientes submetidos à prostatectomia radical</text></passage><passage><infon key="section">freetext</infon><infon key="lang">pt-br</infon><offset>-1</offset><text>GRUPO INTERVENÇÃO:

O GI foi composto por um total de 34 participantes. Os procedimentos realizados neste grupo consistiram em um apoio individualizado no período de reabilitação da prostatectomia radical que contou com orientação oral, escrita e reforço telefônico. Assim, os procedimentos ocorreram em três momentos sequenciais, sendo estes:</text></passage><passage><infon key="section">inclusion_criteria</infon><infon key="lang">pt-br</infon><offset>-1</offset><text>Ter idade acima de 18 anos; ter capacidade cognitiva para a participação avaliada a partir da aplicação do mini exame do estado mental; referir capacidade locomotora, visual, auditiva e de realização do autocuidado; possuir telefone (fixo ou celular) para dar seguimento ao programa de ensino.</text></passage><passage><infon key="section">exclusion_criteria</infon><infon key="lang">pt-br</infon><offset>-1</offset><text>Foram excluídos os pacientes que relataram dificuldades para receber ligações telefônicas.</text></passage></document></collection>