<?xml version="1.0" encoding="UTF-8"?><!DOCTYPE collection SYSTEM "BioC.dtd"><collection><source></source><date></date><key></key><document><id>RBR-2v6ghb</id><passage><infon key="section">public_title</infon><infon key="lang">en</infon><offset>-1</offset><text>Laser effectiveness in the treatment of local and distant pain in temporomandibular disorder</text></passage><passage><infon key="section">scientific_title</infon><infon key="lang">en</infon><offset>-1</offset><text>Effect of low-level laser therapy in nociceptive local and corporal points in temporomandibular disorder: a double-blind randomized clinical trial</text></passage><passage><infon key="section">freetext</infon><infon key="lang">en</infon><offset>-1</offset><text>Temporomandibular disorder</text></passage><passage><infon key="section">freetext</infon><infon key="lang">en</infon><offset>-1</offset><text>Ninety women will be studied, aged between 18 and 60 years old, among them, 60 will be diagnosed with temporomandibular disorder (TMD) (Research Diagnostic Criteria for Temporomandibular Disorders - RDC / TMD) and 30 volunteers will compose the control group (without TMD) . The volunteers from the TMD group will be randomized and divided into two subgroups: low intensity laser application (n = 30) and placebo irradiation (n = 30). The LLLT protocol will consist of 8 sessions with wavelengths of 780 nm, two sessions per week, totaling one month of therapy. In the temporomandibular joint the laser application will be 7.5 J / cm2 (30 mW / 10 seconds) in 5 points: lateral, superior, anterior, posterior and inferior regions around the pole. In the musculature the LLLT dose will be 5 J / cm2 (20 mW / 10 seconds): in the masseter (upper, middle and lower regions) and in the anterior portion of the temporalis muscle.</text></passage><passage><infon key="section">inclusion_criteria</infon><infon key="lang">en</infon><offset>-1</offset><text>Women</text></passage><passage><infon key="section">exclusion_criteria</infon><infon key="lang">en</infon><offset>-1</offset><text>Women</text></passage><passage><infon key="section">primary_outcome</infon><infon key="lang">en</infon><offset>-1</offset><text>Reduction of pain symptomatology, verified through the Visual Analogue Scale, the application of the Short-form McGill Questionaire and the Pressure Pain Threshold at the pre and posttreatment moments, and the expected reduction is 50% or more in pain intensity and sensitivity for the group that received low intensity laser therapy (LLLT); and 20% or less in the parameters described above for the placebo group. Reduction of the levels of anxiety and stress for both groups (active laser and placebo), verified through the Beck Inventory Questionnaire and the dosage of the morning salivary cortisol at the pre and posttreatment moments, and the expected reduction is 50% or more for both groups.</text></passage><passage><infon key="section">primary_outcome</infon><infon key="lang">pt-br</infon><offset>-1</offset><text>Redução da sintomatologia dolorosa, verificada por meio da Escala Visual Analógica, da aplicação da Versão Reduzida do McGill e do Limiar de Dor à Pressão nos momentos pré e pós-tratamento, sendo que a redução esperada é de 50% ou mais na intensidade e sensibilidade à dor para o grupo que recebeu a laserterapia de baixa intensidade (LLLT); e de 20% ou menos nos parâmetros acima descritos para o grupo placebo.  Redução dos níveis de ansiedade e estresse de para ambos os grupos (laser ativo e placebo), verificados por meio da aplicação do questionário Inventário de Beck e dosagem do cortisol salivar matinal nos momentos pré e pós-tratamento, sendo que a redução esperada é de 50% ou mais para ambos os grupos.</text></passage><passage><infon key="section">secondary_outcome</infon><infon key="lang">en</infon><offset>-1</offset><text>Secondary outcomes are not expected.</text></passage><passage><infon key="section">secondary_outcome</infon><infon key="lang">pt-br</infon><offset>-1</offset><text>Não são esperados desfechos secundários.</text></passage><passage><infon key="section">public_title</infon><infon key="lang">pt-br</infon><offset>-1</offset><text>Eficácia do laser no tratamento da dor local e à distância na disfunção temporomandibular</text></passage><passage><infon key="section">scientific_title</infon><infon key="lang">pt-br</infon><offset>-1</offset><text>Efeito da laserterapia de baixa intensidade em pontos álgicos locais e à distância na disfunção temporomandibular: ensaio clínico randomizado duplo-cego</text></passage><passage><infon key="section">freetext</infon><infon key="lang">pt-br</infon><offset>-1</offset><text>Serão estudadas 90 mulheres, com idade entre 18 e 60 anos, dentre estas, 60 deverão apresentar disfunção temporomandibular (DTM) (diagnóstico estabelecido pelo Research Diagnostic Criteria for Temporomandibular Disorders – RDC/TMD) e 30 farão parte do grupo controle (sem DTM). As voluntárias do grupo com DTM serão aleatoriamente randomizadas e divididas em dois subgrupos: aplicação do laser de baixa intensidade (n = 30) e aplicação de irradiação placebo (n = 30). O protocolo da LLLT consistirá em 8 aplicações com comprimento de onda de 780 nm, sendo duas sessões por semana, totalizando um mês de terapia. Na articulação temporomandibular a aplicação do laser será de 7,5 J/cm2 (30 mW/10 segundos) em 5 pontos: polo lateral, superior, anterior, posterior e inferior. Na musculatura a dose da LLLT será de 5 J/cm2 (20 mW/10 segundos) no masseter (terços superior, médio e inferior) e na porção anterior do temporal.</text></passage><passage><infon key="section">inclusion_criteria</infon><infon key="lang">pt-br</infon><offset>-1</offset><text>Voluntárias do sexo feminino; que apresentem dor na região facial com duração de pelo menos 03 meses; diagnóstico de dor miofascial (disfunção temporomandibular) de acordo com os critérios do Research Diagnostic Criteria (RDC/TMD – este diagnóstico será estabelecido após uma avaliação com a equipe de pesquisadores).</text></passage><passage><infon key="section">exclusion_criteria</infon><infon key="lang">pt-br</infon><offset>-1</offset><text>Voluntárias que já estejam realizando qualquer outro tipo de tratamento para disfunção temporomandibular; que apresentem histórico de tumores, traumas ou cirurgias na região da cabeça e/ou pescoço; diagnóstico prévio de fibromialgia ou outra síndrome dolorosa músculo-esquelética (doenças reumáticas, dentre outras); que apresentem distúrbios neurológicos e/ou psiquiátricos; voluntárias que fazem uso de medicamentos controlados (ansiolíticos, antidepressivos e/ou anticonvulsivantes); mulheres grávidas; usuárias de marca-passo cardíaco. </text></passage></document></collection>