<?xml version="1.0" encoding="UTF-8"?><!DOCTYPE collection SYSTEM "BioC.dtd"><collection><source></source><date></date><key></key><document><id>RBR-4njyw9</id><passage><infon key="section">public_title</infon><infon key="lang">en</infon><offset>-1</offset><text>Effects of fish oil supplementation  on pre diabetes in patients with chronic hepatitis C.</text></passage><passage><infon key="section">scientific_title</infon><infon key="lang">en</infon><offset>-1</offset><text>Effects of omega 3 fatty acids supplementation  on insulin resistance in patients with chronic hepatitis C.</text></passage><passage><infon key="section">freetext</infon><infon key="lang">en</infon><offset>-1</offset><text>Hepatitis C virus-infected patients, insulin resistance</text></passage><passage><infon key="section">freetext</infon><infon key="lang">en</infon><offset>-1</offset><text>Patients (n-100) will receive basic nutritional orientations based  on healthy eating and will be divided into two groups according to the type of supplementation with either omega-3 (1080mg of EPA plus 720mg of DHA) polyunsaturated fatty acids (fish oil - Test Group) or 1800mg of soybean oil (control group) for 12 weeks.</text></passage><passage><infon key="section">inclusion_criteria</infon><infon key="lang">en</infon><offset>-1</offset><text>Adults (age </text></passage><passage><infon key="section">exclusion_criteria</infon><infon key="lang">en</infon><offset>-1</offset><text>Diabetics or those using drugs to alleviate insulin resistance, co-infected (HIV or HBV), hepatitis with autoimmune or use of antiviral treatment (interferon and ribavirin), decompensated liver disease or patients with hepatocellular carcinoma; With other neoplasias; Patients with chronic renal failure or decompensated heart failure.</text></passage><passage><infon key="section">primary_outcome</infon><infon key="lang">en</infon><offset>-1</offset><text>Reduction of insulin resistance, according Homa, in patients with chronic hepatitis C after supplementation with omega 3 fatty acids</text></passage><passage><infon key="section">primary_outcome</infon><infon key="lang">pt-br</infon><offset>-1</offset><text>Redução da resistência à insulina, através do índice HOMA, em pacientes portadores de hepatite crônica por vírus C após a suplementação com ácidos graxos ômega 3. </text></passage><passage><infon key="section">secondary_outcome</infon><infon key="lang">en</infon><offset>-1</offset><text>Reduction of inflammatory cytokines (IL-1,IL-6, TNF)  in patients with chronic hepatitis C after supplementation with omega 3 fatty acids</text></passage><passage><infon key="section">secondary_outcome</infon><infon key="lang">pt-br</infon><offset>-1</offset><text>Redução das citocinas inflamatórias (IL-1,IL-6, TNF) em pacientes portadores de hepatite crônica por vírus C após a suplementação com ácidos graxos ômega 3</text></passage><passage><infon key="section">public_title</infon><infon key="lang">pt-br</infon><offset>-1</offset><text>Efeitos da suplementação de óleo de peixe sobre o pré diabetes em pacientes portadores de hepatite crônica por vírus C. </text></passage><passage><infon key="section">scientific_title</infon><infon key="lang">pt-br</infon><offset>-1</offset><text>Efeitos da suplementação de ácidos graxos ômega 3 sobre a resistência à insulina em pacientes portadores de hepatite crônica por vírus C. </text></passage><passage><infon key="section">freetext</infon><infon key="lang">pt-br</infon><offset>-1</offset><text>Os pacientes (n-100) receberão orientações nutricionais básicas sobre alimentação saudável e serão divididos em dois grupos de acordo com o tipo de suplementação: ácidos graxos poliinsaturados ômega 3 (1080mg de EPA e 720mg de DHA), à base de óleo de peixe (Grupo Teste), e 1800mg de óleo de soja (Grupo Controle) por um período de 12 semanas. </text></passage><passage><infon key="section">inclusion_criteria</infon><infon key="lang">pt-br</infon><offset>-1</offset><text>Adultos (idade </text></passage><passage><infon key="section">exclusion_criteria</infon><infon key="lang">pt-br</infon><offset>-1</offset><text>Diabéticos ou em uso de droga para atenuar  à resistência a insulina; Co-infectados (HIV ou VHB), com hepatite auto-imune ou em uso de tratamento antiviral (Interferon e Ribavirina); Descompensados da doença hepática ou portadores de hepatocarcinoma; Com outras neoplasias; Portadores de Insuficiência Renal Crônica ou Insuficiência Cardíaca descompensada. 
</text></passage></document></collection>