<?xml version="1.0" encoding="UTF-8"?><!DOCTYPE collection SYSTEM "BioC.dtd"><collection><source></source><date></date><key></key><document><id>RBR-2b2hqh</id><passage><infon key="section">public_title</infon><infon key="lang">en</infon><offset>-1</offset><text>The n-3 fatty acid supplementation in breast tumor patients</text></passage><passage><infon key="section">scientific_title</infon><infon key="lang">en</infon><offset>-1</offset><text>Effect of supplementation with n-3 fatty acid on nutritional status, quality of life, immune response and the enzyme fatty acid synthase activity in patients with breast tumors in chemotherapy treatment</text></passage><passage><infon key="section">freetext</infon><infon key="lang">en</infon><offset>-1</offset><text>Malignant neoplasm of breast </text></passage><passage><infon key="section">freetext</infon><infon key="lang">en</infon><offset>-1</offset><text>Thirty-eight patients in the experimental group will receive 2 g per day of fish oil concentrate (MaxOmega®). Equal number of patients will be assigned to the control group and will receive 2g per day of mineral oil. All patients will receive supplementation for 4 weeks.</text></passage><passage><infon key="section">inclusion_criteria</infon><infon key="lang">en</infon><offset>-1</offset><text>Treatment naïve breast cancer patients with 18 to 70 years of age, with mammographic image classification of BIRADS 4C or above and malignancy confirmed by biopsy results.</text></passage><passage><infon key="section">exclusion_criteria</infon><infon key="lang">en</infon><offset>-1</offset><text>Metastasis or reincidiva, pacemaker user, hematologic disease or other blood disorders that affect the laboratory results, inability to communicate verbally and presence of edema.</text></passage><passage><infon key="section">primary_outcome</infon><infon key="lang">en</infon><offset>-1</offset><text>The primary endpoint of the study is the nutritional status of patients. We expect to observe maintenance or improvement in the nutritional status in the experimental group, verified by measuring the body mass índex (BMI), evidenced by the difference of at least 10% in the mean delta BMI between the intervention group and the control.</text></passage><passage><infon key="section">primary_outcome</infon><infon key="lang">pt-br</infon><offset>-1</offset><text>O desfecho primário do estudo é o estado nutricional das pacientes. Espera-se observar manutenção ou melhora do estado nutricional no grupo experimental, verificado pela mensuração do índice de massa corporal (IMC),  constatada pela diferença de pelo menos 10% na média dos deltas dos IMC entre o grupo intervenção e o controle. </text></passage><passage><infon key="section">secondary_outcome</infon><infon key="lang">en</infon><offset>-1</offset><text>Secondary outcomes are: 1. Body composition. It is expected that in the experimental group patients maintain or increase lean body mass, assessed by bioelectrical impedance analysis (RJL system), evidenced by the difference of at least 10% in lean body mass (kg) deltas between the intervention group and the control.  2. Immunological and inflammatory biomarkers. It is expected that in the experimental group patients increase CD4+/ CD8+ ratio (assessed by flow cytometry) and reduce serum levels of IL-6  IL-1? and tumor necrosis factor (TNF-alpha) (measured by the  immuno enzyme assay ELISA), based on the difference of at least 10% in the deltas of these variables between the intervention group and the control.  3.Enzyme fatty acid synthase. Reduction in the serum level of the enzyme fatty acid synthase (FASN) is expected, evaluated by ELISA immunoassay method,  evidenced by the decrease of at least 10% in the delta between the treatment group and control.</text></passage><passage><infon key="section">secondary_outcome</infon><infon key="lang">pt-br</infon><offset>-1</offset><text>Os desfechos secundários são: 1.Composição corporal. Espera-se que no grupo experimental as pacientes mantenham ou aumentem a massa magra corporal, avaliada por meio de bioimpedância elétrica (RJL system), a partir da constatação da diferença de pelo menos 10% na média dos deltas da massa magra (kg) entre o grupo intervenção e o controle.  2.Marcadores imunológicos e inflamatórios. Espera-se que no grupo experimental as pacientes aumentem a razão CD4+/CD8+ (avaliada por citometria de fluxo) e reduzam os níveis séricos das citocinas IL-6, IL-1? e fator de necrose tumoral (TNF-alfa) (avalidos pelo método  imuno-ensaio ELISA),  a partir da constatação da diferença de pelo menos 10% na média dos deltas dessas variáveis entre o grupo de intervenção e o controle.   3.Enzima ácido graxo sintase. Espera-se que ocorra redução no nível sérico da enzima ácido graxo sintase (FASN), avalido pelo método de imuno-ensaio ELISA, a partir da constatação da diminuição em pelo menos 10% na média dos deltas entre o grupo de intervenção e o controle.  </text></passage><passage><infon key="section">public_title</infon><infon key="lang">pt-br</infon><offset>-1</offset><text>Suplementação com Ácido Graxo n-3 em pacientes portadores de tumores de mama</text></passage><passage><infon key="section">scientific_title</infon><infon key="lang">pt-br</infon><offset>-1</offset><text>Efeito da Suplementação com Ácido Graxo n-3 no estado nutricional, qualidade de vida, resposta imunitária e atividade da enzima ácido graxo sintase de pacientes portadores de Tumores de Mama em Tratamento Quimioterápico </text></passage><passage><infon key="section">freetext</infon><infon key="lang">pt-br</infon><offset>-1</offset><text>Trinta e oito pacientes do grupo experimental receberão 2g por dia de concentrado de óleo de peixe (MaxOmega®). Igual número de pacientes serão alocadas para o grupo controle e receberão 2g por dia de óleo mineral. Todas as pacientes receberão suplementação por 4 semanas.</text></passage><passage><infon key="section">inclusion_criteria</infon><infon key="lang">pt-br</infon><offset>-1</offset><text>Pacientes com idade entre 18 e 70 anos, que apresentem imagem mamográfica com classificação a partir de BIRADS 4C e com diagnóstico por biopsia positivo para câncer de mama, virgens de tratamento.</text></passage><passage><infon key="section">exclusion_criteria</infon><infon key="lang">pt-br</infon><offset>-1</offset><text>Presença de metástase ou reincidiva, usuárias de marcapasso, doenças hematológicas ou outras alterações sanguíneas que repercutem nos resultados laboratoriais, impossibilidade de comunicação verbal e aquelas impossibilitadas de serem pesadas ou que apresentarem edema de extremidade importante.</text></passage></document></collection>