<?xml version="1.0" encoding="UTF-8"?><!DOCTYPE collection SYSTEM "BioC.dtd"><collection><source></source><date></date><key></key><document><id>RBR-3vwfjs</id><passage><infon key="section">public_title</infon><infon key="lang">en</infon><offset>-1</offset><text>The Use of Topiramate in the Crack Addiction</text></passage><passage><infon key="section">scientific_title</infon><infon key="lang">en</infon><offset>-1</offset><text>The Use of Topiramate in the Crack Addiction</text></passage><passage><infon key="section">freetext</infon><infon key="lang">en</infon><offset>-1</offset><text>Cocaine crack addiction.</text></passage><passage><infon key="section">freetext</infon><infon key="lang">en</infon><offset>-1</offset><text>This is a double blind study. Subjects: We wil select individuals with crack cocaine addiction diagnosis, males, and with minimum age of 18 years, and maximum age 50 years old, and capable of consenting. The intervention will be held for 12 weeks. Study groups: 20 individuals who make use of topiramate and 20 individuals who make use of placebo. Randomization: The sample will be randomized by permuted block technique. The total sample will have 40 participants. Patients will be randomly selected from the Psychosocial Care Center of Palmas, Brazil. Randomization will be performed according to a computer generated random list by the method exchanged in blocks. The first five participants will be allocated in the group who use the medication topiramate. The next five in grup that use placebo. Following five in the second group topiramate and so on until the total number of 40 individuals. Medications that will be used: 25 to 200 mg of topiramate (increased at doses every 7 days 25mg) for 12 weeks. Placebo for 12 weeks single capsule. Urine test to confirm the negative use of the drug: Be quantified for each group (arm) the number of individuals testing negative urine after 12 weeks of intervention. The urine test for cocaine is an immunoassay based on the competitive binding between the antibody drug conjugate immobilized on the membrane and the drug or its metabolites which may be present in the urine sample. The test strip has immobilized drug conjugate in the area of test and antibodies conjugated to gold colloidal conjugate to the membrane. During the examination, a urine sample migrates by capillary action. The benzoylecgonine, if the sample Urine below 300 ng / ml did not saturate the binding sites of antibodies conjugated to gold in the test strip. Antibodies conjugated to gold shall captured by drug conjugate fixed and a line appears red in the test area. She did not develop in the test that the level of benzoylecgonine is above 300 ng/ml saturating all of the binding sites antibodies. Thus, a urine sample positive not form a red line in the test area because of competition drug, whereas a negative result the urine sample make a line in test area because of the absence of competition drug. Regardless of the presence of benzoylecgonine, a red line control area will always appear. The presence of this line serves as verifying sufficient volume sample stream as appropriate, and control for the reagents. Therefore, the presence of two test lines will be considered negative.</text></passage><passage><infon key="section">inclusion_criteria</infon><infon key="lang">en</infon><offset>-1</offset><text>Exclusively dependence of crack cocaine. Male gender. Aged between 18-50 years.</text></passage><passage><infon key="section">exclusion_criteria</infon><infon key="lang">en</infon><offset>-1</offset><text>Neurological diseases and serious mental disorder. Volunteers already under use of drug therapy for addictions to the crack cocaine. Of multiple drugs users, substance dependents addition to the crack cocaine.</text></passage><passage><infon key="section">primary_outcome</infon><infon key="lang">en</infon><offset>-1</offset><text>It is expected that 70% of the group that is free of the use topiramate use of crack after 12 weeks of therapy. It is expected that 20% of the placebo group is free of drug after 12 weeks of therapy. This is to be used as a method to measure the urine test for cocaine. It wil be cataloged the number of such subject result in each group (or arm).</text></passage><passage><infon key="section">primary_outcome</infon><infon key="lang">pt-br</infon><offset>-1</offset><text>Espera-se que 70% do grupo que use topiramato esteja livre do uso do crack após 12 semanas de terapêutica. Espera-se que 20% do grupo placebo esteja livre da droga após 12 semanas de terapêutica. Para tal, será utilizado como método de medida o Teste de urina para cocaína. Serão quantificados para cada grupo (braço) o número de indivíduos com teste de urina negativo após 12 semanas de intervenção. Serão catalogados o número de indivíduo com tal resultado em cada grupo (ou braço).</text></passage><passage><infon key="section">secondary_outcome</infon><infon key="lang">en</infon><offset>-1</offset><text>Even after the patient has no discontinuated the crack cocaine use it is expected that individuals who use topiramate to reduce by 80% the number of days a week (frequency) making use of the drug. This will be assessed the average number of days per week that the patient remains without the drug: Will be checked through the patient's account in diary and interview with their families the average number of days (each week for 12 weeks) that was without using the drug each week. The average number will be added to each individual average of each group (or arm).</text></passage><passage><infon key="section">secondary_outcome</infon><infon key="lang">pt-br</infon><offset>-1</offset><text>Mesmo que  o paciente não tenha interrompido o uso de crack espera-se que os indivíduos que usem topiramato reduzam em 80% o número de dias semanais (frequência) que faz uso da droga. Para tal será avaliado o Número médio de dias por semana (toda semana por 12 semanas) em que o paciente permanece sem a droga: Serão averiguados através do relato do paciente em diário e entrevista com seus familiares o número médio de dias que ficou sem usar a droga em cada semana. O número médio de cada indivíduo será somado a média de cada grupo (ou braço).</text></passage><passage><infon key="section">secondary_outcome</infon><infon key="lang">en</infon><offset>-1</offset><text>Even after the patient has no discontinuated the crack cocaine use it is expected that individuals who use topiramate to reduce by 80% the average weekly amount (number) that causes the drug. This will be assessed the average number of drugs consumed per week: Will be  checked through the patient's account in diary and interview with their families the average amount (each week for 12 weeks) of drug consumed each week. The average number will be added to each individual average of each group (or arm). Will be considered the amount in grams. When the patient does not know tell the exact weight, this value will be estimated by standardizing the weight of 1 gram each stone to crack.</text></passage><passage><infon key="section">secondary_outcome</infon><infon key="lang">pt-br</infon><offset>-1</offset><text>Mesmo  que o paciente não tenha interrompido o uso de crack espera-se que os indivíduos que usem topiramato reduzam em 80% a quantidade média semanal (quantidade) que faz uso da droga. Para tal será avaliado a Quantidade média da droga consumida por semana (toda semana por 12 semanas): Serão averiguados através do relato do paciente em diário e entrevista com seus familiares a quantidade média da droga consumida em cada semana. O número médio de cada indivíduo será somado a média de cada grupo (ou braço). Serão considerados a quantidade em gramas. Quando o paciente não souber informar o peso exato, esse valor será estimado através da padronização do peso de 1 grama para cada pedra de crack.</text></passage><passage><infon key="section">secondary_outcome</infon><infon key="lang">en</infon><offset>-1</offset><text>It is expected that the group that makes use of topiramate few side effects present in the same proportion as the use placebo group. This will be evaluated weekly side effects: Will be checked through the patient's account in diary and interview with their relatives the presence of side effects (each week for 12 weeks) with the use of medications in each week, even for the placebo group. Will be cataloged any side effects reported by the patient.</text></passage><passage><infon key="section">secondary_outcome</infon><infon key="lang">pt-br</infon><offset>-1</offset><text>Espera-se que o grupo que faça uso de topiramato apresente poucos efeitos colaterais, na mesma proporção que o grupo que utilizará placebo. Para tal, serão avaliados os Efeitos colaterais semanais: Serão averiguados através do relato do paciente em diário e entrevista com seus familiares a presença de efeitos colaterais (toda semana por 12 semanas) com o uso das medicações em cada semana, mesmo para o grupo placebo. Serão catalogados quaisquer efeitos colaterais relatados pelo paciente.</text></passage><passage><infon key="section">public_title</infon><infon key="lang">pt-br</infon><offset>-1</offset><text>O Uso do Topiramato na Dependência ao Crack</text></passage><passage><infon key="section">scientific_title</infon><infon key="lang">pt-br</infon><offset>-1</offset><text>O Uso do Topiramato na Dependência ao Crack</text></passage><passage><infon key="section">freetext</infon><infon key="lang">pt-br</infon><offset>-1</offset><text>Trata-se de um estudo duplo cego. Sujeitos: Serão selecionados indivíduos com diagnóstico de dependência de crack do gênero masculino e com idade mínima de 18 anos e idade máxima de 50 anos, capazes de consentir. A intervenção será realizada por 12 semanas. Grupos do estudo (braços): 20 indivíduos que farão uso de topiramato e 20 indivíduos que farão uso de placebo. Randomização: A amostra será randomizada através da técnica permutada em blocos. A amostra total terá 40 participantes. Os pacientes serão aleatoriamente selecionados do Centro de Atenção Psicossocial de Palmas, Brasil. A randomização será realizada de acordo com uma lista aleatória gerada em computador através do método permutado em blocos.Os primeiros cinco participantes serão alocados no grupo que utilizará a medicação topiramato. Os próximos cinco no grupo que utilizará placebo. Na sequência os outro cinco no grupo topiramato e assim sucessivamente até atingir o número total de 40 indivíduos. Medicações que serão utilizadas: Topiramato de 25 a 200mg (doses aumentada a cada 7 dias em 25mg) por 12 semanas. Placebo em cápsula única por 12 semanas. Teste de urina para avaliação da negatividade do uso da droga: O teste de urina para cocaína é um imunoensaio baseado na ligação competitiva pelos anticorpos entre a droga conjugada imobilizada sobre a membrana e a droga ou seu metabólito que possa estar presente na amostra de urina. A tira reativa tem a droga conjugada imobilizada na área do teste e anticorpos conjugados ao ouro coloidal na membrana conjugada. Durante a análise, uma amostra de urina migra através da ação da capilaridade. A benzoilecgonina, se estiver na amostra de</text></passage><passage><infon key="section">inclusion_criteria</infon><infon key="lang">pt-br</infon><offset>-1</offset><text>Dependência exclusiva de crack. Gênero masculino. Idade entre 18 a 50 anos.</text></passage><passage><infon key="section">exclusion_criteria</infon><infon key="lang">pt-br</infon><offset>-1</offset><text>Doença neurológica e transtorno mental grave. Voluntários já em uso de tratamento medicamentoso para dependência de crack. Usuários de múltiplas drogas, dependentes de outras substâncias além do crack.</text></passage></document></collection>