<?xml version="1.0" encoding="UTF-8"?><!DOCTYPE collection SYSTEM "BioC.dtd"><collection><source></source><date></date><key></key><document><id>RBR-46st4w</id><passage><infon key="section">public_title</infon><infon key="lang">en</infon><offset>-1</offset><text>Ear cavity closure with frozen bone for otitis revision surgery</text></passage><passage><infon key="section">scientific_title</infon><infon key="lang">en</infon><offset>-1</offset><text>Mastoid cavity obliteration with particulated fresh frozen bone in revision surgery for patients with chronic otitis media with cholesteatoma</text></passage><passage><infon key="section">freetext</infon><infon key="lang">en</infon><offset>-1</offset><text>Suppurative Otitis Média, Cholesteatoma
</text></passage><passage><infon key="section">freetext</infon><infon key="lang">en</infon><offset>-1</offset><text>Ten patients will undergo ear surgery for the removal of cholesteatoma and infection. Osseous depression behind the ear will be filled with particulated bone to prevent future infections. Post operative follow up consist in once in a week visits on the first month and then once a month during 6 months. Audiometry and computed tomography will be done 6 months after surgery. One year after surgery a magnetic ressonance will be performed.</text></passage><passage><infon key="section">inclusion_criteria</infon><infon key="lang">en</infon><offset>-1</offset><text>Adults, with clinical indication of mastoidectomy revision surgery due to chronic otitis media.</text></passage><passage><infon key="section">exclusion_criteria</infon><infon key="lang">en</infon><offset>-1</offset><text>diabetes, bone metabolism diseases, smokers, coagulation disorders </text></passage><passage><infon key="section">primary_outcome</infon><infon key="lang">en</infon><offset>-1</offset><text>otorreha control evaluation or stop of ear discharge. Will be acessed in the patient's clinical exam. Qualitative parameter consists in a binary choice: yes or no.</text></passage><passage><infon key="section">primary_outcome</infon><infon key="lang">pt-br</infon><offset>-1</offset><text>avaliar o controle da otorréia, ou seja, se o ouvido parou de apresentar saída de secreção. Será avaliada através do exame clinico do paciente. O parâmetro é qualitativo e consiste em uma escolha binária: sim ou não.</text></passage><passage><infon key="section">secondary_outcome</infon><infon key="lang">en</infon><offset>-1</offset><text>Osteointegration of the particulated fresh frozen bone in the mastoid cavity shown by computed tomography of the temporal bones performed 6 months after surgery. Radiological density could be: hyperdense, intermediate density or hipodense.</text></passage><passage><infon key="section">secondary_outcome</infon><infon key="lang">pt-br</infon><offset>-1</offset><text>Integração do enxerto de osso particulado fresco congelado na cavidade mastoidea demonstrado pela tomografia computadorizada de ossos temporais realizada 6 meses após a cirurgia. A densidade radiológica poderá ser: hiperdensa, densidade intermediária ou hipodensa.</text></passage><passage><infon key="section">public_title</infon><infon key="lang">pt-br</infon><offset>-1</offset><text>Fechamento da cavidade atrás do ouvido com osso  congelado para cirurgias de revisão de otite  </text></passage><passage><infon key="section">scientific_title</infon><infon key="lang">pt-br</infon><offset>-1</offset><text>Obliteração de cavidades mastóideas com osso particulado fresco congelado em cirurgias revisionais de pacientes com otite média crônica colesteatomatosa </text></passage><passage><infon key="section">freetext</infon><infon key="lang">pt-br</infon><offset>-1</offset><text>Dez pacientes serão submetidos a cirurgia no ouvido para a retirada de colesteatoma e de infecção. A falha óssea atrás da orelha será fechada com osso particulado para prevenir novas infecções. O acompanhamento pós-operatório será com retornos 1 vez por semana no primeiro mês e depois 1 vez por mês durante 6 meses. Será realizado também um exame de audição e uma tomografia computadorizada dos ouvidos 6 meses após a cirurgia. Após 1 ano de cirurgia será realizado um exame de ressonância magnética dos ouvidos.</text></passage><passage><infon key="section">inclusion_criteria</infon><infon key="lang">pt-br</infon><offset>-1</offset><text>Adultos, com indicação clínica de cirurgia revisional de mastoidectomia por otite média crônica.</text></passage><passage><infon key="section">exclusion_criteria</infon><infon key="lang">pt-br</infon><offset>-1</offset><text>diabetes, doenças do metabolismo ósseo, tabagistas, doenças de coagulação
</text></passage></document></collection>