<?xml version="1.0" encoding="UTF-8"?><!DOCTYPE collection SYSTEM "BioC.dtd"><collection><source></source><date></date><key></key><document><id>RBR-29kgz5</id><passage><infon key="section">public_title</infon><infon key="lang">en</infon><offset>-1</offset><text>Exercices for pelvic muscles before and after pelvic organs prolapse surgery </text></passage><passage><infon key="section">scientific_title</infon><infon key="lang">en</infon><offset>-1</offset><text>Training of Pelvic Floor Muscles before and after Pelvic Organs Prolapse (POP) surgery</text></passage><passage><infon key="section">freetext</infon><infon key="lang">en</infon><offset>-1</offset><text>Pelvic Organs Prolapse</text></passage><passage><infon key="section">freetext</infon><infon key="lang">en</infon><offset>-1</offset><text>Forty women with surgical indication for  repair pelvic organ prolapse will be included in the study (bladder, uterus and retum). A group of 20 women will be randomized to the training of the pelvic floor muscles (ten maximum perineal contractions maintained for 7 seconds followed by three rapid contractions in supine, sitting, kneeling and standing) muscles. These exercises will be conducted twice a week to 15 days before the surgical procedure and after 40 days after surgery, in the frequency of once a week every day, until 90 days after the surgery. The other group of 20 women did not perform the strengthening exercises for the muscles of the pelvic floor.</text></passage><passage><infon key="section">inclusion_criteria</infon><infon key="lang">en</infon><offset>-1</offset><text>Age between 35 and 80 years old; clinical complaints consistent with genital prolapse; medical indication for vaginal surgery to repair the anterior, apical and posterior defects, POP stages II, III and IV evaluated by the Pelvic Organ Prolapse Quantification (POP-Q); absence of prior correction of pelvic organ prolapse pelvic surgery; absence of present vaginal and urinary infections; women literate; absence of uncompensated endocrine disorders that may interfere with sexual function (hypothyroidism)
</text></passage><passage><infon key="section">exclusion_criteria</infon><infon key="lang">en</infon><offset>-1</offset><text>Use of hormone  therapy;immediate complications related to the surgical correction of POP not resolved within 40 days after surgery (pain and infection vaginal vault); late complications not directly related to the surgery (post-anesthesia headache); women who do not accept any of the reviews make proposals;
women who do not meet the previous schedule of ratings of physical therapy and evaluations</text></passage><passage><infon key="section">primary_outcome</infon><infon key="lang">en</infon><offset>-1</offset><text>Reduction of symptoms of pelvic organ prolapse, such as urinary incontinence and pelvic discomfort, verified by PFDI-20 questionnaire</text></passage><passage><infon key="section">primary_outcome</infon><infon key="lang">pt-br</infon><offset>-1</offset><text>Redução dos sintomas do prolapso de órgãos pélvicos, tais como incontinência urinária e desconforto pélvico, verificado pelo questionário PFDI-20</text></passage><passage><infon key="section">secondary_outcome</infon><infon key="lang">en</infon><offset>-1</offset><text>Improvement of pelvic floor muscle function, measured by digital palpation and perineometry, improvement in sexual function, verified by PSIQ-12 questionnaire, improvement in quality of life, verified by PIFIQ-7 questionnaire and verification of higher perception of improvement after surger, by PGI-I questionnaire</text></passage><passage><infon key="section">secondary_outcome</infon><infon key="lang">pt-br</infon><offset>-1</offset><text>Melhora da função muscular do assoalho pélvico, mensurada por meio da palpação digital e perineometria, melhora na função sexual, verificada pelo questionário PSIQ-12, melhora na qualidade de vida, verificada pelo questionário PIFIQ-7 e verificação de maior percepção de melhora após a cirurgia, pelo questionário PGI-I</text></passage><passage><infon key="section">public_title</infon><infon key="lang">pt-br</infon><offset>-1</offset><text>Exercícios para os músculos do períneo antes e após cirurgia para correção de queda de órgãos pélvicos </text></passage><passage><infon key="section">scientific_title</infon><infon key="lang">pt-br</infon><offset>-1</offset><text>Avaliação do Treinamento dos Músculos do Assoalho Pélvico antes e após cirurgia para correção de Prolapso de Órgãos Pélvicos (POP)</text></passage><passage><infon key="section">freetext</infon><infon key="lang">pt-br</infon><offset>-1</offset><text>Serão incluídas no estudo 40 mulheres com indicação cirúrgica de reparo no prolapso de órgãos pélvicos (queda de bexiga, útero e reto). Um grupo de 20 mulheres será randomizado para o treinamento dos músculos do assoalho pélvico (dez contrações perineais máximas mantidas por 7 segundos seguidas de três contrações rápidas, em decúbito dorsal, posição sentada, em quatro apoios e bípede). Esses exercícios serão realizados duas vezes por semana 15 dias antes do procedimento cirúrgico e decorridos 40 dias após a cirurgia, serão retomados na frequência de  uma vez na semana a cada dias até 90 dias de pós-operatório. O outro grupo de 20 mulheres não realizará os exercícios de fortalecimento para os músculos do assoalho pélvico. </text></passage><passage><infon key="section">inclusion_criteria</infon><infon key="lang">pt-br</infon><offset>-1</offset><text>Idade entre 35 e 80 anos; queixa clínica compatível com prolapso genital; indicação médica de cirurgia vaginal para reparo de defeitos anterior, apical e posterior, POP em estágios II, III e IV avaliado por meio do Pelvic Organ Prolapse Quantification (POP-Q); ausência de cirurgias pélvicas prévias de correção de prolapso de órgãos pélvicos; ausência de infecção vaginal e urinária presentes; mulheres alfabetizadas; ausência de endocrinopatias descompensadas que possam interferir na função sexual (hipotireoidismo)
</text></passage><passage><infon key="section">exclusion_criteria</infon><infon key="lang">pt-br</infon><offset>-1</offset><text>Uso de terapia de reposição hormonal; complicações imediatas relacionadas à cirurgia de correção de POP não resolvidas até 40 dias após o procedimento cirúrgico (dor e infecção de cúpula vaginal);
complicações tardias não relacionadas diretamente ao procedimento cirúrgico (cefaleia pós-anestesia); mulheres que não aceitarem realizar alguma das avaliações propostas; mulheres que não cumprirem o agendamento prévio das avaliações e da técnica fisioterapêutica proposta </text></passage></document></collection>