<?xml version="1.0" encoding="UTF-8"?><!DOCTYPE collection SYSTEM "BioC.dtd"><collection><source></source><date></date><key></key><document><id>RBR-5dm7g2</id><passage><infon key="section">public_title</infon><infon key="lang">en</infon><offset>-1</offset><text>Study to evaluate the efficacy and safety of the implant of Cerebral Hypothermia Exclusive by Nasopharyngeal (posterior region of the nose) Catheter use to Treatment of severe Head trauma </text></passage><passage><infon key="section">scientific_title</infon><infon key="lang">en</infon><offset>-1</offset><text>Efficacy and Safety of Hypothermia Cerebral Exclusive deployment through the use of catheter Nasopharyngeal in Human Beings for the treatment of seriuos (ou (severe) brain trauma Phase I Study</text></passage><passage><infon key="section">freetext</infon><infon key="lang">en</infon><offset>-1</offset><text>Craniocerebral Trauma; Intracranial injury, unspecified; Coma; Hypothermia, Induced</text></passage><passage><infon key="section">freetext</infon><infon key="lang">en</infon><offset>-1</offset><text>single group; 10 participants; Nasopharyngeal cooling treatment for a period of 24 hours;</text></passage><passage><infon key="section">inclusion_criteria</infon><infon key="lang">en</infon><offset>-1</offset><text>Patients both male and female aged 18 to 70 years; Confirmed diagnosis of TBI; Glasgow Coma Scale 8; Use of definitive airway devices (tracheal tube, tracheostomy or cricotireoideostomia); Ssaturation of oxygen (O2) blood above 92%; Monitoring Indication of PIC by the neurosurgery team responsible for the case; patients, or their legal representatives who signed the informed consent.</text></passage><passage><infon key="section">exclusion_criteria</infon><infon key="lang">en</infon><offset>-1</offset><text>Patients with early brain temperature </text></passage><passage><infon key="section">primary_outcome</infon><infon key="lang">en</infon><offset>-1</offset><text>Percentage of respondents considering responder as every participant who meets the following two criteria: reducing brain temperature by at least 2 ° C during the intervention period (24 h) with respect to the basal temperature, as measured by catheter PIC with intraparenchymal or ventricular temperature sensor; and maintaining the brain temperature below the systemic temperature at least 2 ° C for at least 90% of the total period of 24 h intervention (which corresponds to 22 h 30 min). </text></passage><passage><infon key="section">primary_outcome</infon><infon key="lang">pt-br</infon><offset>-1</offset><text>Porcentagem de respondedores, considerando-se respondedor como todo participante que reúne os dois seguintes critérios: redução da temperatura encefálica em ao menos 2 ºC durante o período de intervenção (24 h) relativamente à temperatura basal, conforme medido por cateter de PIC com sensor de temperatura intraparenquimatosa ou ventricular; e manutenção da temperatura encefálica abaixo da temperatura sistêmica em ao menos 2 ºC durante pelo menos 90% do período total de intervenção de 24 h (o que corresponde a 22 h e 30 min).   </text></passage><passage><infon key="section">secondary_outcome</infon><infon key="lang">en</infon><offset>-1</offset><text>To evaluate the following clinical parameters before the intervention, under the influence of selective brain hypothermia and after the intervention: nasofibroscopy to macroscopic classification of the degree of damage to the nasal mucous and nasopharyngeal, when present; analysis of speed variations of cerebral blood flow (transcranial Doppler), analysis of changes in hemodynamic data, defined as systolic volume (SV) and cardiac output (CO) were obtained by minimally invasive monitoring with Flotrac® / Vigileo® system; analysis of variations in heart rate (HR), analysis of variations in mean arterial pressure (PAM); analysis of changes in clotting factors (RNI and TTPa), analysis of changes in electrolytes - sodium (Na +) and potassium (K +); analysis of changes in leukocyte and platelet count; incidence of adverse events and adverse events related to the intervention.</text></passage><passage><infon key="section">secondary_outcome</infon><infon key="lang">pt-br</infon><offset>-1</offset><text>Avaliar os seguintes parâmetros clínicos antes da intervenção, sob efeito da hipotermia encefálica seletiva e após a intervenção: nasofibroscopia para classificação macroscópica do grau de lesão das mucosas nasal e nasofaríngea, quando presente; análise das variações de velocidade do fluxo sanguíneo encefálico (com Doppler transcraniano);análise das variações dos dados hemodinâmicos, definidos como volume sistólico (VS) e débito cardíaco (DC) captados por monitorização minimamente invasiva com sistema Flotrac®/Vigileo®; análise das variações da frequência cardíaca (FC);análise das variações da pressão arterial média (PAM); análise das variações dos fatores de coagulação (RNI e TTPa);análise das variações dos eletrólitos – sódio (Na+) e potássio (K+); análise das variações da contagem leucocitária e plaquetária; incidência de eventos adversos e eventos adversos relacionados à intervenção.</text></passage><passage><infon key="section">secondary_outcome</infon><infon key="lang">en</infon><offset>-1</offset><text>Percentage of participants normothermic, defined as systemic temperature 36 and 37 ° C, measured by rectal thermometer (preferred), esophageal or bladder for at least 90% of the total period of 24 h intervention (corresponds to 22 h 30 min ); Percentage of responders in 120 min after the start of cooling, as measured by PIC catheter with intracerebral ventricular or temperature sensor; Difference between brain temperature basal (mean basal measurement) and brain temperature with in 120 min after the start of cooling (mean of measurements in the period) in the group of responders and non-responders; Difference between brain temperatures obtained by BTT sensor and obtained by PIC catheter during 24 hours of the intervention; </text></passage><passage><infon key="section">secondary_outcome</infon><infon key="lang">pt-br</infon><offset>-1</offset><text>Porcentagem de participantes em normotermia, definidos como temperatura sistêmica 36 e 37 °C, medida por termômetro retal (preferencial), esofágico ou vesical, durante pelo menos 90% do período total de intervenção de 24 h (corresponde a 22 h e 30 min); Porcentagem de respondedores nos 120 min após o início do resfriamento, medida por cateter de PIC com sensor de temperatura intraparenquimatosa ou ventricular; Diferença entre a temperatura encefálica basal (média das medições basais) e a temperatura encefálica nos 120 min após o início do resfriamento (média das medições nesse período) no grupo de respondedores e não respondedores;  Diferença entre as temperaturas encefálicas obtidas por sensor BTT e as obtidas por cateter PIC durante as 24 h da intervenção;  </text></passage><passage><infon key="section">public_title</infon><infon key="lang">pt-br</infon><offset>-1</offset><text>Estudo para avaliar a Eficácia e Segurança do implante Hipotermia Cerebral Exclusiva por Meio do Uso de Cateter Nasofaríngeo (região posterior do nariz) para o Tratamento de Traumatismo craniano Grave </text></passage><passage><infon key="section">scientific_title</infon><infon key="lang">pt-br</infon><offset>-1</offset><text>Eficácia e Segurança da Implantação de Hipotermia Cerebral Exclusiva por Meio do Uso de Cateter Nasofaríngeo em Seres Humanos para o Tratamento de Traumatismo Cranioencefálico Grave  Estudo de Fase I</text></passage><passage><infon key="section">freetext</infon><infon key="lang">pt-br</infon><offset>-1</offset><text>Grgupo único; 10 participantes;  tratamento por Resfriamento Nasofaríngeo por um período de 24 horas; </text></passage><passage><infon key="section">inclusion_criteria</infon><infon key="lang">pt-br</infon><offset>-1</offset><text>Pacientes de ambos os sexos com idade de 18 a 70 anos; Diagnóstico confirmado de TCE; Escala de Coma de Glasgow 8; Uso de dispositivos de via aérea definitiva (cânula orotraqueal, traqueostomia ou cricotireoideostomia); Saturação de oxigênio (O2) arterial acima de 92%; Indicação de monitoração da PIC pela equipe de Neurocirurgia responsável pelo caso; Pacientes, ou seus representantes legais, que assinaram o TCLE.</text></passage><passage><infon key="section">exclusion_criteria</infon><infon key="lang">pt-br</infon><offset>-1</offset><text>Pacientes com temperatura cerebral inicial </text></passage></document></collection>