<?xml version="1.0" encoding="UTF-8"?><!DOCTYPE collection SYSTEM "BioC.dtd"><collection><source></source><date></date><key></key><document><id>RBR-5m6748</id><passage><infon key="section">public_title</infon><infon key="lang">en</infon><offset>-1</offset><text>Use of galectin-3 as a blood marker for patients with Chagas disease.</text></passage><passage><infon key="section">scientific_title</infon><infon key="lang">en</infon><offset>-1</offset><text>Validation of the use of galectin-3 as a biomarker for determining prognosis of patients with Chagas disease.</text></passage><passage><infon key="section">freetext</infon><infon key="lang">en</infon><offset>-1</offset><text>Chronic Chagas Disease with cardiac involvement</text></passage><passage><infon key="section">freetext</infon><infon key="lang">en</infon><offset>-1</offset><text>The 60 patients included on this study will be evalluated on a specialized clinic for Chagas disease and will undergo laboratory tests, chest X-ray , ECG , stress test, cardiac magnetic resonance imaging, Holter, filling of quality of life questionnaires and dosage of galectin-3 by ELISA in order to evaluate the correlation of its concentration and predefined variables. The tests will be done just once.</text></passage><passage><infon key="section">inclusion_criteria</infon><infon key="lang">en</infon><offset>-1</offset><text>Chagas disease confirmed by 2 different serological tests; optimized drug therapy; NYHA functional class II-III-IV or patients with the indeterminate form; patients of any gender and aged 18 to 70 years.</text></passage><passage><infon key="section">exclusion_criteria</infon><infon key="lang">en</infon><offset>-1</offset><text>Valvulopathy with hemodynamic consequences; chronic use of immunosuppressive agents; renal failure on current treatment by dialysis; acute infections or systemic infections in accordance with the definition of sepsis ACCP/SCCM (American College of Chest Phisicians/Society of Critical Care Medicine); abuse alcohol or illicit drugs (Based on DSM IV), any comorbidity with impact on survival in two years; liver, pulmonary, hematologic, neoplastic, bone, inflammatory or infectious diseases.</text></passage><passage><infon key="section">primary_outcome</infon><infon key="lang">en</infon><offset>-1</offset><text>Expected outcome: Higher serum levels of galectin-3 in the most severe forms of presentation of Chagas disease; detected by ELISA; observing an increase of about 5 ng/mL in patients with the most severe forms when compared with patients with the indeterminate form.</text></passage><passage><infon key="section">primary_outcome</infon><infon key="lang">pt-br</infon><offset>-1</offset><text>Desfecho esperado: Níveis séricos de galectina-3 mais elevados nas formas de apresentação mais graves da doença de Chagas; detectados por ELISA; observando-se um aumento em torno de 5 ng/mL nos pacientes com as formas mais graves quando comparados com os pacientes com a forma indeterminada.</text></passage><passage><infon key="section">secondary_outcome</infon><infon key="lang">en</infon><offset>-1</offset><text>Expected outcome: Higher serum levels of galectin-3 in the patients with myocardium fibrosis; detected by ELISA; observing an increase of about 5 ng/mL in patients with myocardium fibrosis when compared with patients without fibrosis.</text></passage><passage><infon key="section">secondary_outcome</infon><infon key="lang">pt-br</infon><offset>-1</offset><text>Desfecho esperado: Níveis séricos de galectina-3 mais elevados nos pacientes com fibrose miocárdica; detectados por ELISA; observando-se um aumento em torno de 5 ng/mL nos pacientes com fibrose miocárdica quando comparados com os pacientes sem fibrose.</text></passage><passage><infon key="section">public_title</infon><infon key="lang">pt-br</infon><offset>-1</offset><text>Uso da galectina-3 como marcador no sangue para pacientes com doença de Chagas

</text></passage><passage><infon key="section">scientific_title</infon><infon key="lang">pt-br</infon><offset>-1</offset><text>Validação da utilização da galectina-3 como biomarcador para a determinação prognóstica de portadores de doença de Chagas.</text></passage><passage><infon key="section">freetext</infon><infon key="lang">pt-br</infon><offset>-1</offset><text>Os 60 pacientes incluídos no estudo serão acompanhados em ambulatório especializado de Doença de Chagas e serão submetidos a avaliação clínica, exames laboratoriais, radiografia de tórax, ECG de 12 derivações, teste ergométrico, ressonância magnética cardíaca, Holter, preenchimento de questionários de qualidade de vida e dosagem de galectina-3 por ELISA, visando a avaliação da correlação de sua concentração em relação a variáveis predefinidas. Os exames serão realizados apenas uma vez.</text></passage><passage><infon key="section">inclusion_criteria</infon><infon key="lang">pt-br</infon><offset>-1</offset><text>Doença de Chagas confirmada por 2 sorologias diferentes; terapêutica farmacológica otimizada; Classe funcional II-III-IV NYHA ou portadores da forma indeterminada; pacientes de ambos os sexos de 18 a 70 anos.</text></passage><passage><infon key="section">exclusion_criteria</infon><infon key="lang">pt-br</infon><offset>-1</offset><text>Valvulopatia com repercussão hemodinâmica; uso crônico de agentes imunossupressores; 
insuficiência renal terminal em tratamento dialítico; infecções agudas ou sistêmica de acordo com a definição de sepsis do ACCP/SCCM (American College of Chest Phisicians/Society of Critical Care Medicine); uso abusivo de álcool ou drogas ilícitas em curso (Baseado no DSM IV); qualquer comorbidade com impacto na sobrevida em 2 anos; doenças hepáticas, pulmonares, hematológicas, neoplásicas, ósseas ou distúrbios da hemostasia, inflamatórias ou infecciosas crônicas. </text></passage></document></collection>