<?xml version="1.0" encoding="UTF-8"?><!DOCTYPE collection SYSTEM "BioC.dtd"><collection><source></source><date></date><key></key><document><id>RBR-2kw6p9</id><passage><infon key="section">public_title</infon><infon key="lang">en</infon><offset>-1</offset><text>Use of equine therapy to improve his breath, heartbeat, balance and muscle in elderly patients</text></passage><passage><infon key="section">scientific_title</infon><infon key="lang">en</infon><offset>-1</offset><text>Use of hippotherapy as a tool in the improvement of blood oxygenation, heart rate variability, balance and muscle activation frequency in elderly</text></passage><passage><infon key="section">freetext</infon><infon key="lang">en</infon><offset>-1</offset><text>Problems being prevented or tracked.

Specific descriptors: pathological conditions, signs and postural sintomas.Equilíbrio. Heart rate. Oxygenation.</text></passage><passage><infon key="section">freetext</infon><infon key="lang">en</infon><offset>-1</offset><text>Experimental group: 30 elderly people without acute illness receive treatment through 30 sessions of hippotherapy, once a week, with horse in gait while transmitting the practitioner, thousands of stimuli, through the three-dimensional movements that resemble floor human being. In the beginning, the middle and the end of each 30-minute session will evaluate the variability of heart rate (heart rate monitor), oximetry (oximeter portable finger) and muscle activation (EMG). The balance will be assessed by the Berg Balance Scale, before the first session and after the thirtieth.

Control group: 30 elderly people without acute illnesses, not practicing hippotherapy, will undergo evaluation of heart rate variability, oximetry and balance and re-evaluated after 30 weeks.</text></passage><passage><infon key="section">inclusion_criteria</infon><infon key="lang">en</infon><offset>-1</offset><text>Medical referral; signing the liability waiver for the practice of hippotherapy; healthy volunteers without acute diseases, both genders, aged 60 years.</text></passage><passage><infon key="section">exclusion_criteria</infon><infon key="lang">en</infon><offset>-1</offset><text>Uncontrolled epilepsy; acute diseases; uncontrollable fear or self-destructive behavior; instability of the spine; severe cervical spine conditions like herniated disc; dislocations of the shoulder or hip; evolving scoliosis 30 degrees or more; hydrocephalus valve; arthritic processes in acute phase; decubitus ulcers in the pelvic region or lower limbs and other diseases that can compromise data analysis; and that is not performing any physical activity.</text></passage><passage><infon key="section">primary_outcome</infon><infon key="lang">en</infon><offset>-1</offset><text>Improve balance of muscle activation and blood oxygenation through equine therapy within 1 year. verified by the devices cardiofrequency, electromyography and scales from the quantitative statistical analysis of the 5% probability medicções pre and post sessions equorapia.</text></passage><passage><infon key="section">primary_outcome</infon><infon key="lang">pt-br</infon><offset>-1</offset><text>Melhora do equilíbrio da ativação muscular e da oxigenação sanguínea por meio da equoterapia no período de 1 ano. verificado por meio dos aparelhos de cardiofrequencímetro, eletromiógrafo e escalas  a partir da análise estatística quantitativa de 5% de probabilidade nas medições pré e pós sessões de equorapia.   </text></passage><passage><infon key="section">secondary_outcome</infon><infon key="lang">en</infon><offset>-1</offset><text>Secondary outcomes are expected not</text></passage><passage><infon key="section">secondary_outcome</infon><infon key="lang">pt-br</infon><offset>-1</offset><text>Não são esperados desfechos secundários   </text></passage><passage><infon key="section">public_title</infon><infon key="lang">pt-br</infon><offset>-1</offset><text>Uso da equoterapia para melhora da respiração, batimentos cardíacos, equilíbrio e musculatura em pacientes idosos</text></passage><passage><infon key="section">scientific_title</infon><infon key="lang">pt-br</infon><offset>-1</offset><text>Uso da equoterapia como ferramenta na melhora da oxigenação sanguínea, variabilidade da frequência cardíaca, equilíbrio e ativação muscular em idosos</text></passage><passage><infon key="section">freetext</infon><infon key="lang">pt-br</infon><offset>-1</offset><text>Grupo experimental: 30 idosos sem doenças agudas receberão tratamento por meio de 30 sessões de Equoterapia, uma vez por semana, com o cavalo na andadura ao passo, transmitindo ao praticante, milhares de estímulos, por meio dos movimentos tridimensionais que se assemelham ao  andar do   ser humano. No início, no meio e ao final de cada sessão de 30 minutos, serão avaliados: a variabilidade da frequência    cardíaca (cardiofrequencímetro), a oximetria (oxímetro de dedo portátil) e ativação muscular (eletromiógrafo). O equilíbrio será avaliado por meio da Escala de Equilíbrio de de Berg, antes da primeira sessão e após a trigésima. 

Grupo controle: 30 idosos sem doenças agudas, não praticantes de Equoterapia, serão submetidos a avaliação da variabilidade da frequência cardíaca, da oximetria e do equilíbrio e reavaliados após 30 semanas. </text></passage><passage><infon key="section">inclusion_criteria</infon><infon key="lang">pt-br</infon><offset>-1</offset><text>Encaminhamento médico; assinatura do termo  de responsabilidade para a prática da equoterapia; voluntários sadios sem doenças agudas, ambos os gêneros, idade igual ou superior a 60 anos.</text></passage><passage><infon key="section">exclusion_criteria</infon><infon key="lang">pt-br</infon><offset>-1</offset><text>Epilepsia não controlada; cardiopatias agudas; comportamento autodestrutivo ou medo incoercível; instabilidades da coluna vertebral; graves afecções da coluna cervical como hérnia de disco; luxações de ombro ou de quadril; escoliose em evolução de 30 graus ou mais; hidrocefalia com válvula; processos artríticos em fase aguda; úlceras de decúbito na região pélvica ou nos membros inferiores  e outras doenças que possam comprometer a análise dos dados; e que não esteja  realizando de nenhuma atividade física.
</text></passage></document></collection>