<?xml version="1.0" encoding="UTF-8"?><!DOCTYPE collection SYSTEM "BioC.dtd"><collection><source></source><date></date><key></key><document><id>RBR-4n2sxr</id><passage><infon key="section">public_title</infon><infon key="lang">en</infon><offset>-1</offset><text>Quantity of injuries, heat stress and physiotherapy in triathlon athletes after competition of middle and long distance</text></passage><passage><infon key="section">scientific_title</infon><infon key="lang">en</infon><offset>-1</offset><text>Epidemiology of injuries, heat stress and physiotherapy in triathlon athletes after competition of middle and long distance</text></passage><passage><infon key="section">freetext</infon><infon key="lang">en</infon><offset>-1</offset><text>Fatigue, Muscle Fatigue</text></passage><passage><infon key="section">freetext</infon><infon key="lang">en</infon><offset>-1</offset><text>Experimental group: 40 athletes will receive massage on quadriceps during seven minutes. All participants will receive the same kind of massage.
Control group: 40 athletes will not receive treatment, they will rest during seven minutes. </text></passage><passage><infon key="section">inclusion_criteria</infon><infon key="lang">en</infon><offset>-1</offset><text>Athletes aged between 18 and 55 years; of both gender; they must complete triathlon</text></passage><passage><infon key="section">exclusion_criteria</infon><infon key="lang">en</infon><offset>-1</offset><text>Presence of excoriation in the thigh area; perform other intervention to change to the sensitivity as cryotherapy, analgesic or anesthetic on site assessment;  presence of neurological or musculoskeletal disease that interferes or contraindicate the procedures for intervention and/or measurement; metabolic and severe breathing disorders; cramps during the assessment procedures or intervention.</text></passage><passage><infon key="section">primary_outcome</infon><infon key="lang">en</infon><offset>-1</offset><text>Participants will be assessed before massage or rest, and immediately after them.  Alteration of quadriceps pain, assessed by pressure algometer and check the pressure threshold where there is a change of feeling pressure to painful sensation. Three points will be measured in the thigh (belly of the rectus femoris, vastus lateralis, vastus medialis) </text></passage><passage><infon key="section">primary_outcome</infon><infon key="lang">pt-br</infon><offset>-1</offset><text>Os participantes serão avaliados antes da massagem ou repouso e imediatamente após. Alteração da dor de quadríceps, avaliada por algômetro de pressão e verificação do limiar de pressão em que haja a mudança da sensação de pressão para sensação dolorosa. Serão medidos três pontos na coxa (ventre do reto femoral, vasto lateral e vasto medial) </text></passage><passage><infon key="section">secondary_outcome</infon><infon key="lang">en</infon><offset>-1</offset><text>Reduction of pain and fatigue measured by visual analogue scale. It will be solicitated to participants a score of 0-10 for their pain and fatigue, which 0 is no pain and no fatigue, and 10 is the worst pain ever felt tired and maximum.</text></passage><passage><infon key="section">secondary_outcome</infon><infon key="lang">pt-br</infon><offset>-1</offset><text>Diminuição de dor e fadiga mensurada pela escala visual analógica. Será solicitado que o participante de uma nota de 0 a 10 para sua dor e seu cansaço, onde 0 é sem dor e sem cansaço; e 10 é a pior dor já sentida e o cansaço máximo. </text></passage><passage><infon key="section">public_title</infon><infon key="lang">pt-br</infon><offset>-1</offset><text>Número de lesões, estresse térmico e atuação fisioterapêutica em atletas após
provas de triathlon de média e longa distância</text></passage><passage><infon key="section">scientific_title</infon><infon key="lang">pt-br</infon><offset>-1</offset><text>Epidemiologia de lesões, estresse térmico e atuação fisioterapêutica em atletas após
provas de triathlon de média e longa distância</text></passage><passage><infon key="section">freetext</infon><infon key="lang">pt-br</infon><offset>-1</offset><text>Grupo experimental: 40 atletas receberão massagem em quadríceps por um período de sete minutos. Todos receberão o mesmo tipo de massagem.
Grupo controle: 40 atletas ficarão sem tratamento, eles permanecerao em repouso pelo período de sete minutos.</text></passage><passage><infon key="section">inclusion_criteria</infon><infon key="lang">pt-br</infon><offset>-1</offset><text>Atletas com idade entre 18 e 55 anos; de ambos os gêneros; que completem provas de triatlo de média e longa distância e que procuraram o setor de fisioterapia da prova; com queixa principal de dor na musculatura de quadríceps femoral.</text></passage><passage><infon key="section">exclusion_criteria</infon><infon key="lang">pt-br</infon><offset>-1</offset><text>Presença de escoriação na região da coxa; realizar outra intervenção que altere a sensibilidade como crioterapia, analgésico ou anestésicos no local de avaliação; presença de alteração neurológica ou musculoesquelética que interfira ou contra-indique os procedimentos de intervenção e/ou mensuração; distúrbios metabólicos e respiratórios graves, desencadeamento de câimbras durante os procedimentos de avaliação ou intervenção.</text></passage></document></collection>