<?xml version="1.0" encoding="UTF-8"?><!DOCTYPE collection SYSTEM "BioC.dtd"><collection><source></source><date></date><key></key><document><id>RBR-2bz8rj</id><passage><infon key="section">public_title</infon><infon key="lang">en</infon><offset>-1</offset><text>Effects of cold water immersion after exercise</text></passage><passage><infon key="section">scientific_title</infon><infon key="lang">en</infon><offset>-1</offset><text>Immediate and delayed effects of cold water immersion after eccentric exercise protocol</text></passage><passage><infon key="section">freetext</infon><infon key="lang">en</infon><offset>-1</offset><text>Leg</text></passage><passage><infon key="section">freetext</infon><infon key="lang">en</infon><offset>-1</offset><text>The participants will be divided into 3 groups: 2 intervention groups (G1 and G2) and control group (CG). Each group will have 20 participants.

Groups:</text></passage><passage><infon key="section">inclusion_criteria</infon><infon key="lang">en</infon><offset>-1</offset><text>Male; apparently healthy; physically active</text></passage><passage><infon key="section">exclusion_criteria</infon><infon key="lang">en</infon><offset>-1</offset><text>Be alcoholics; drug use; smoking or anti-inflammatory medications chronically; present anemia; inflammation; diabetes; cardiovascular disease; liver problems; injury episode musculotendinous osteoarticular or lower limbs and / or spine in the last six months.</text></passage><passage><infon key="section">primary_outcome</infon><infon key="lang">en</infon><offset>-1</offset><text>Expected outcome: Reduction of muscle soreness, assessed by a visual analog scale of pain (VAS). It was considered the value between 0 - 10. Time points to evaluation: baseline, 40 minutes, 24h, 48h, 72h and 96h post-exercise.</text></passage><passage><infon key="section">primary_outcome</infon><infon key="lang">pt-br</infon><offset>-1</offset><text>Desfecho esperado: Redução da dor muscular, avaliada por meio de uma Escala Visual Análoga de Dor (EVA). Considerou-se o valor respondido compreendido entre 0 – 10. Avaliação nos momentos: basal, 40 minutos, 24h, 48h, 72h e 96h após exercício.   </text></passage><passage><infon key="section">primary_outcome</infon><infon key="lang">en</infon><offset>-1</offset><text>Outcome found: Reduction of muscle soreness, assessed by a visual analog scale of pain (VAS). It was considered the value between 0-10, during maximal voluntary contraction. Comparative analysis was performed between groups and between times. Assessment in moments: Time points to evaluation: baseline, 40 minutes, 24h, 48h, 72h and 96h post-exercise.</text></passage><passage><infon key="section">primary_outcome</infon><infon key="lang">pt-br</infon><offset>-1</offset><text>Desfecho encontrado: Redução da dor muscular, avaliada por meio de uma Escala Visual Análoga de Dor (EVA). Considerou-se o valor respondido compreendido entre 0 – 10, durante a contração voluntária máxima. Foi realizada análise comparativa entre os grupos e entre os momentos. Avaliação nos momentos: basal, 40 minutos, 24h, 48h, 72h e 96h após exercício.</text></passage><passage><infon key="section">secondary_outcome</infon><infon key="lang">en</infon><offset>-1</offset><text>Expected outcome (1): sensitivity alteration, assessed by pressure algometer given in kgf. It was considered the minimum discomfort value. Time points to evaluation: baseline, 40 minutes, 24h, 48h, 72h and 96h after exercise. Expected outcome (2): Analysis of creatine kinase concentration, assessed using the Reflotron Plus. Time points to evaluation: baseline, 24h, 48h, 72h and 96h after exercise. Expected outcome (3): decreased muscle strength, evaluated by means of isokinetic dynamometer, in isometric condition in 3 repetition of 5 seconds. Time points to evaluation: baseline, 40 minutes, 24h, 48h, 72h and 96h after exercise. Expected outcome (4): perception of recovery evaluated using a Likert scale. It was considered the value between 0 - 10. Time points to evaluation: baseline, 40 minutes, 24h, 48h, 72h and 96h after exercise.</text></passage><passage><infon key="section">secondary_outcome</infon><infon key="lang">pt-br</infon><offset>-1</offset><text>Desfecho esperado (1): alteração de sensibilidade, avaliada por meio do algômetro de pressão, dado em Kgf. Considerou-se o valor de mínimo desconforto sentido. Avaliação nos momentos: basal, 40 minutos, 24h, 48h, 72h e 96h após exercício. Desfecho esperado (2): Análise da concentração de creatina quinase, avaliada por meio do Reflotron Plus. Avaliação nos momentos: basal, 24h, 48h, 72h e 96h após exercício. Desfecho esperado (3): diminuição da força muscular, avaliada por meio do dinamômetro isocinético, na condição isométrica em 3 tentativas de 5 segundos cada. Avaliação nos momentos: basal, 40 minutos, 24h, 48h, 72h e 96h após exercício. Desfecho esperado (4): percepção de recuperação, avaliada por meio de uma escala Likert. Considerou-se o valor respondido compreendido entre 0 – 10. Avaliação nos momentos: basal, 40 minutos, 24h, 48h, 72h e 96h após exercício.</text></passage><passage><infon key="section">secondary_outcome</infon><infon key="lang">en</infon><offset>-1</offset><text>Outcome found (1): sensitivity alteration, assessed by pressure algometer given in kgf. It was considered the minimum discomfort value  in the lower limb with the relaxed muscle. Comparative analysis was performed between groups and between times. Time points to evaluation: baseline, 40 minutes, 24h, 48h, 72h and 96h after exercise. Outcome found (2): Analysis of creatine kinase concentration evaluated CK tapes in Reflotron Plus, by a finger prick . Comparative analysis was performed between groups and between times. Time points to evaluation: baseline, 24h, 48h, 72h and 96h after exercise. Outcome found (3): decreased muscle strength, evaluated by means of isokinetic dynamometer, in isometric condition. The value given was the best of three repetition of 5 seconds each. Comparative analysis was performed between groups and between times. Time points to evaluation: baseline, 40 minutes, 24h, 48h, 72h and 96h after exercise. Outcome found(4): perception of recovery evaluated using a Likert scale. It was considered the value answered between 0-10, 10 being fully recovered. Comparative analysis was performed between groups and between times. Time points to evaluation: baseline, 40 minutes, 24h, 48h, 72h and 96h after exercise.</text></passage><passage><infon key="section">secondary_outcome</infon><infon key="lang">pt-br</infon><offset>-1</offset><text>Desfecho encontrado (1): alteração de sensibilidade, avaliada por meio do algômetro de pressão, dado em Kgf. Considerou-se o valor de mínimo desconforto sentido no membro inferior com o músculo relaxado. Foi realizada análise comparativa entre os grupos e entre os momentos. Avaliação nos momentos: basal, 40 minutos, 24h, 48h, 72h e 96h após exercício. Desfecho encontrado (2): Análise da concentração de creatina quinase, avaliada fitas de CK no Reflotron Plus, por meio de punção digital. Foi realizada análise comparativa entre os grupos e entre os momentos. Avaliação nos momentos: basal, 24h, 48h, 72h e 96h após exercício. Desfecho encontrado (3): diminuição da força muscular, avaliada por meio do dinamômetro isocinético, na condição isométrica. O valor foi dado pela melhor das 3 tentativas de 5 segundos cada. Foi realizada análise comparativa entre os grupos e entre os momentos. Avaliação nos momentos: basal, 40 minutos, 24h, 48h, 72h e 96h após exercício. Desfecho encontrado (4): percepção de recuperação, avaliada por meio de uma escala Likert. Considerou-se o valor respondido compreendido entre 0 – 10, sendo 10 totalmente recuperado. Foi realizada análise comparativa entre os grupos e entre os momentos. Avaliação nos momentos: basal, 40 minutos, 24h, 48h, 72h e 96h após exercício.</text></passage><passage><infon key="section">public_title</infon><infon key="lang">pt-br</infon><offset>-1</offset><text>Efeitos da imersão em água fria após exercício </text></passage><passage><infon key="section">scientific_title</infon><infon key="lang">pt-br</infon><offset>-1</offset><text>Efeitos imediatos e tardios da crioimersão após protocolo de exercício excêntrico </text></passage><passage><infon key="section">freetext</infon><infon key="lang">pt-br</infon><offset>-1</offset><text>Os participantes serão divididos em 3 grupos, sendo 2 grupos intervenção (G1 e G2) e um grupo controle (GC). Cada grupo contará com 20 participantes. 

Serão os grupos:</text></passage><passage><infon key="section">inclusion_criteria</infon><infon key="lang">pt-br</infon><offset>-1</offset><text>Sexo masculino; aparentemente saudáveis; fisicamente ativos</text></passage><passage><infon key="section">exclusion_criteria</infon><infon key="lang">pt-br</infon><offset>-1</offset><text>Ser etilista; consumir drogas; fumo ou medicamentos anti-inflamatórios de forma crônica; apresentar anemia; processo inflamatório, diabetes; doença cardiovascular; problemas no fígado; episódio de lesão músculo-tendínea ou osteoarticular nos membros inferiores e/ou coluna nos últimos seis meses.</text></passage></document></collection>