<?xml version="1.0" encoding="UTF-8"?><!DOCTYPE collection SYSTEM "BioC.dtd"><collection><source></source><date></date><key></key><document><id>RBR-4rcsc6</id><passage><infon key="section">public_title</infon><infon key="lang">en</infon><offset>-1</offset><text>Strength evaluation after  open surgery for bladder in patients undergoing conventional fasting and fasting with limited time </text></passage><passage><infon key="section">scientific_title</infon><infon key="lang">en</infon><offset>-1</offset><text>Functional assessment after open cholecystectomy in patients undergoing conventional and abbreviated fasting</text></passage><passage><infon key="section">freetext</infon><infon key="lang">en</infon><offset>-1</offset><text>cholecystectomy</text></passage><passage><infon key="section">freetext</infon><infon key="lang">en</infon><offset>-1</offset><text>Intervention group: 14 woman between 18 and 60 years old, without other deseases and with good nutricional assessment who undergoing open cholecystectomy received a drunk with carbohidrate (clear tea with 12.5% of maltodextrine) before the surgery, being offerd 400 ml of this beverage six hours before the surgery and 200 ml of the same beverage two hours before the surgical procedure.
Control group : 13 woman between 18 and 60 years old, without other deseases and with good nutricional assessment who undergoing open cholecystectomy - no treatment</text></passage><passage><infon key="section">inclusion_criteria</infon><infon key="lang">en</infon><offset>-1</offset><text>adult female patients, aged 18 to 60 years old undergoing open cholecystectomy</text></passage><passage><infon key="section">exclusion_criteria</infon><infon key="lang">en</infon><offset>-1</offset><text>Younger than 18 years and greater than 60 years, male, other diseases.</text></passage><passage><infon key="section">primary_outcome</infon><infon key="lang">en</infon><offset>-1</offset><text>Expected outcome: increased muscle strength after drink containing carbohydrate intake measured by dinamometer in order to obtain a beta error of 80% and a 5% alpha error is estimated that would be a reduction in the muscle strength of 50% in the control group.</text></passage><passage><infon key="section">primary_outcome</infon><infon key="lang">pt-br</infon><offset>-1</offset><text>Desfecho esperado: aumento de força muscular após ingestão de bebida contendo carboidrato aferida por dinamômetro afim de obter-se um erro beta de 80% e um erro alfa de 5% estimando-se que haveria uma redução da força muscular em 50% no grupo controle. </text></passage><passage><infon key="section">primary_outcome</infon><infon key="lang">en</infon><offset>-1</offset><text>Found outcome: significant increase in muscle strength in the intervention group compared to the control group (p=0,01) after drink containing carbohydrate intake by the intervention group.</text></passage><passage><infon key="section">primary_outcome</infon><infon key="lang">pt-br</infon><offset>-1</offset><text>Desfecho encontrado: aumento significativo da força muscular no grupo intervenção comparado ao grupo controle (p=0,01) após ingestão de bebida contendo carboidrato pelo grupo intervenção.</text></passage><passage><infon key="section">secondary_outcome</infon><infon key="lang">en</infon><offset>-1</offset><text>Expected outcome: measurement of muscle strength in three stages, six hours before the operation, one hour before the procedure and postoperative periods up to twelve hours after the surgical procedure, both in the group who receveid the drink containing carbohydrate and in the control group who received no drink.</text></passage><passage><infon key="section">secondary_outcome</infon><infon key="lang">pt-br</infon><offset>-1</offset><text>Desfecho esperado: mensuração da força muscular em três momentos, seis horas antes da operação, uma hora antes do procedimento e no pós operatório até 12 horas após o procedimento operatório, tanto no grupo que recebeu a bebida contendo carboidrato quanto no grupo controle que não recebeu nenhuma bebida.</text></passage><passage><infon key="section">secondary_outcome</infon><infon key="lang">en</infon><offset>-1</offset><text>Found outcome: increase in muscle strength measured in the intervention group individuals compaired to the control group in the times of six hours before the operation (p=0,04), one hour before the procedure and in the postoperative of these individuals (p=0,01).</text></passage><passage><infon key="section">secondary_outcome</infon><infon key="lang">pt-br</infon><offset>-1</offset><text>Desfecho encontrado: aumento da força muscular aferida nos indivíduos do grupo intervenção em relação ao grupo controle nos momentos de seis horas antes da operação (p=0,04), uma hora antes do procedimento e no pós operatório desses indivíduos (p=0,01).</text></passage><passage><infon key="section">public_title</infon><infon key="lang">pt-br</infon><offset>-1</offset><text>Avaliação de força após cirurgia aberta de vesícula em pacientes submetidos a jejum convencional e jejum com tempo reduzido</text></passage><passage><infon key="section">scientific_title</infon><infon key="lang">pt-br</infon><offset>-1</offset><text>Avaliação funcional após colecistectomia aberta em pacientes submetidos a jejum convencional e abreviado</text></passage><passage><infon key="section">freetext</infon><infon key="lang">pt-br</infon><offset>-1</offset><text>Grupo experimental: 14 mulheres entre 18 e 60 anos, sem outras doenças e com bom estado nutricional que iriam realizar cirurgia aberta para retirada de vesícula receberam uma bebida contendo carboidrato (chá claro + 12.5% de maltodextrina), antes do procedimento operatório, sendo ofertado 400 ml da bebida seis horas antes da operação e 200 ml da bebida duas horas antes da operação. 
Grupo controle: 13 mulheres entre 18 e 60 anos, sem outras doenças e com bom estado nutricional que iriam realizar cirurgia aberta para retirada de vesícula - sem tratamento</text></passage><passage><infon key="section">inclusion_criteria</infon><infon key="lang">pt-br</infon><offset>-1</offset><text>pacientes adultos do sexo feminino, com idade entre 18 a 60 anos, submetidos a colecistectomia por laparotomia</text></passage><passage><infon key="section">exclusion_criteria</infon><infon key="lang">pt-br</infon><offset>-1</offset><text>Idade menor que 18 anos e maior que 60 anos, sexo masculino, outras patologias associadas.</text></passage></document></collection>