<?xml version="1.0" encoding="UTF-8"?><!DOCTYPE collection SYSTEM "BioC.dtd"><collection><source></source><date></date><key></key><document><id>RBR-3dtzdb</id><passage><infon key="section">public_title</infon><infon key="lang">en</infon><offset>-1</offset><text>Analysis of movement and muscle activity of the balance of strategies used by children with spastic cerebral palsy during the pediatric previous range test</text></passage><passage><infon key="section">scientific_title</infon><infon key="lang">en</infon><offset>-1</offset><text>Kinematic and electromyographic analysis of the equilibrium strategies used by children with spastic cerebral palsy in the pediatric reach test</text></passage><passage><infon key="section">freetext</infon><infon key="lang">en</infon><offset>-1</offset><text>Cerebral Palsy, Postural Balance</text></passage><passage><infon key="section">freetext</infon><infon key="lang">en</infon><offset>-1</offset><text>A questionnaire to characterize the body shape of the child, characterizing the children and their parents will be applied.
The sample study will consist of 28 children, aged between 6 and 14 years, 14 with clinical diagnosis of cerebral palsy, classified as I and II according to the Gross Motor Function Classification System grouped in the experimental group (Cerebral Palsy Group or CPG) and 14 with typical motor development for the control group (Control Group or CG), matched for sex and age.</text></passage><passage><infon key="section">inclusion_criteria</infon><infon key="lang">en</infon><offset>-1</offset><text>The inclusion criteria for the CPG (Cerebral Palsy Group) will be the diagnosis of cerebral palsy; grade mild or moderate; diparesis type; grade I (without walking restrictions, limitations in the more advanced gross motor skills) and II (walk without assistive devices, with limitations in space open and community) according to the GMFCS (Gross Motor Function Classification System).
For CG (Control Group), the inclusion criteria established will be the absence of any motor; perceptual; sensory and cognitive commitment.</text></passage><passage><infon key="section">exclusion_criteria</infon><infon key="lang">en</infon><offset>-1</offset><text>Exclusion criteria for the CPG (Cerebral Palsy Group) will be considered the presence deformity in the lower limbs or spine that compromises stay in the upright posture and cognitive changes that undermine the understanding of the tasks performed during avaliação.
For the CG (Control Group), exclusion criteria will be the diagnose of any malformations; genetic syndromes; congenital defects; deformities</text></passage><passage><infon key="section">primary_outcome</infon><infon key="lang">en</infon><offset>-1</offset><text>The results indicate that children with cerebral palsy will present shortest distance achieved during the pediatric reach test compared to their typical motor development pairs , which will be verified by the displacement of the styloid process of the initial position to touch the target. The reference value found in the literature for the anterior dislocation in typical children vary between 22,7cm and 37cm , and there is a reference value for children with cerebral palsy.</text></passage><passage><infon key="section">primary_outcome</infon><infon key="lang">pt-br</infon><offset>-1</offset><text>Os resultados indicarão que as crianças com paralisia cerebral apresentarão menor distância alcançada durante o pediatric reach test em comparação a seus pares de desenvolvimento motor típico, o qual será verificado por meio do deslocamento do processo estilóide da posição inicial até o toque no alvo. O valor de referência encontrado na literatura para o deslocamento anterior em crianças típicas varia entre 22,7cm e 37cm, não existindo um valor de referência para as crianças com paralisia cerebral.</text></passage><passage><infon key="section">primary_outcome</infon><infon key="lang">en</infon><offset>-1</offset><text>Children with cerebral palsy showed less distance reached during pediatric reach test compared to their typical motor development pairs. The mean value found for typical children (16.05 cm ) was lower than that found in the literature ( 22,7cm and 37cm ) .</text></passage><passage><infon key="section">primary_outcome</infon><infon key="lang">pt-br</infon><offset>-1</offset><text>As crianças com paralisia cerebral apresentaram menor distância alcançada durante o pediatric reach test em comparação a seus pares de desenvolvimento motor típico. O valor médio encontrado para as crianças típicas  (16,05 cm) foi inferior ao encontrado na literatura ( 22,7cm e 37cm).</text></passage><passage><infon key="section">secondary_outcome</infon><infon key="lang">en</infon><offset>-1</offset><text>Secondary outcomes are not expected .</text></passage><passage><infon key="section">secondary_outcome</infon><infon key="lang">pt-br</infon><offset>-1</offset><text>Não são esperados desfechos secundários. </text></passage><passage><infon key="section">public_title</infon><infon key="lang">pt-br</infon><offset>-1</offset><text>Análise do movimento e da atividade muscular das estratégias de equilíbrio utilizadas por crianças com paralisia cerebral espástica durante o teste de alcance anterior pediátrico</text></passage><passage><infon key="section">scientific_title</infon><infon key="lang">pt-br</infon><offset>-1</offset><text>Análise cinemática e eletromiográfica das estratégias de equilíbrio utilizadas por crianças com paralisia cerebral espástica durante o pediatric reach test</text></passage><passage><infon key="section">freetext</infon><infon key="lang">pt-br</infon><offset>-1</offset><text>Será aplicado um questionário para caracterização do perfil corporal da criança, caracterização das crianças e de seus pais. 
A amostra estuda será composta por 28 crianças, com idade entre 6 e 14 anos, sendo 14 com diagnóstico clínico de paralisia cereberal, classificados como I e II segundo a Gross Motor Function Classification System agrupadas no grupo experimental (Grupo Paralisia Cerebral ou GPC) e 14 com desenvolvimento motor típico para o grupo controle (Grupo Controle ou GC), pareadas em relação a sexo e idade.</text></passage><passage><infon key="section">inclusion_criteria</infon><infon key="lang">pt-br</infon><offset>-1</offset><text>Os critérios de inclusão para o GPC (Grupo Paralisia Cerebral) serão o diagnóstico de paralisia cerebral do tipo diparesia; graus leve ou moderada; de graus I (anda sem restrições, com limitações nas habilidades motoras grossas mais avançadas) e II (caminha sem dispositivos de auxílio, com limitações em espaços abertos e na comunidade) segundo o GMFCS (Gross Motor Function Classification System).
Para o GC (Grupo Controle), o critério de inclusão estabelecido será a ausência de qualquer comprometimento motor; perceptual; sensorial e cognitivo.</text></passage><passage><infon key="section">exclusion_criteria</infon><infon key="lang">pt-br</infon><offset>-1</offset><text>Como critérios de exclusão para o GPC (Grupo Paralisia Cerebral), serão considerados a presença deformidade em membros inferiores ou coluna vertebral que comprometa a permanência na postura ortostática e alterações cognitivas que prejudiquem a compreensão das tarefas realizadas durante a avaliação.
Para o GC (Grupo Controle), serão considerados critérios de exclusão o diagnóstico de qualquer malformação; síndromes genéticas; alterações congênitas; deformidades posturais ou outras alterações que possam trazer prejuízo ao desenvolvimento neuromotor; cognitivo e afetivo da criança.</text></passage></document></collection>