<?xml version="1.0" encoding="UTF-8"?><!DOCTYPE collection SYSTEM "BioC.dtd"><collection><source></source><date></date><key></key><document><id>RBR-5dnmsk</id><passage><infon key="section">public_title</infon><infon key="lang">en</infon><offset>-1</offset><text>Association of compounds as an alternative for the treatment of tooht with hypersensitivity</text></passage><passage><infon key="section">scientific_title</infon><infon key="lang">en</infon><offset>-1</offset><text>Association of monomers as an alternative for the treatment of dentin hypersensitivity: a randomized clinical trial</text></passage><passage><infon key="section">freetext</infon><infon key="lang">en</infon><offset>-1</offset><text>The specific disease of hard tissues of teeth
</text></passage><passage><infon key="section">freetext</infon><infon key="lang">en</infon><offset>-1</offset><text>In this interventional split-mouth study, each participant receives the two interventions, since randomization units are areas of the patient</text></passage><passage><infon key="section">inclusion_criteria</infon><infon key="lang">en</infon><offset>-1</offset><text>Individuals healthy ; both genders; aged between 18 and 80 years; with clinical symptoms dentin hypersensitivity two permanent; teeth in different quadrants; with exposed cemento-enamel junction; without cavitation at the clinical examination</text></passage><passage><infon key="section">exclusion_criteria</infon><infon key="lang">en</infon><offset>-1</offset><text>Tooht with carious lesions; defective restorations; erosion; post-operative sensitivity after periodontal treatment or bleaching; bruxism; pulpitis; root fracture; or other conditions that may cause or predispose to the development of dentin hypersensitivity; individuals with special; needs or cognitive impairment compromising data collection; minors (</text></passage><passage><infon key="section">primary_outcome</infon><infon key="lang">en</infon><offset>-1</offset><text>Remission of painful symptoms compatible with dentine hypersensitivity over one year of monitoring, verified through visual analog scale, from the pain reduction finding to levels indicative of mild pain (scores &lt;=3) </text></passage><passage><infon key="section">primary_outcome</infon><infon key="lang">pt-br</infon><offset>-1</offset><text>Remissão da sintomatologia dolorosa compatível com hipersensibilidade dentinária ao longo de um ano de acompanhamento, verificado através da escala visual analógica, a partir da constatação da redução da dor aos níveis indicativos de dor leve (escores &lt;=3) </text></passage><passage><infon key="section">secondary_outcome</infon><infon key="lang">en</infon><offset>-1</offset><text>There are expected secondary results</text></passage><passage><infon key="section">secondary_outcome</infon><infon key="lang">pt-br</infon><offset>-1</offset><text>Não são esperados desfechos secundários</text></passage><passage><infon key="section">public_title</infon><infon key="lang">pt-br</infon><offset>-1</offset><text>Associação de compostos como alternativa para o tratamento de dentes com hipersensibilidade  </text></passage><passage><infon key="section">scientific_title</infon><infon key="lang">pt-br</infon><offset>-1</offset><text>Associação de monômeros como proposta para o tratamento da hipersensibilidade dentinária: um ensaio clínico randomizado</text></passage><passage><infon key="section">freetext</infon><infon key="lang">pt-br</infon><offset>-1</offset><text>Neste estudo intervencional de boca dividida, cada participante recebe as duas intervenções, pois as unidades de randomização são as áreas da boca do paciente, ou seja, um mesmo paciente terá uma área tratada com o tratamento controle e outra área com o tratamento teste
Grupo teste:44 pacientes com hipersensibilidade dentinária receberão associação de monômeros  que será aplicada sobre a superfície dentária, primeiro será feita limpeza da superfície dentária com taça de borracha e pasta profilática, seguida de lavagem e secagem da superfície com a seringa tríplice, isolamento relativo modificado com roletes de algodão e fio retrator, aplicação ativa da solução atritando na superfície durante 1 minuto, aplicação de jato de ar durante 5 segundos, fotopolimerização por 10 segundos, aplicação ativa durante 1 minuto, jato de ar por 5 segundos e fotopolimerização por 60 segundos, serão feita duas sessões com intervalo de 7 dias e acompanhamento por um período de um ano</text></passage><passage><infon key="section">inclusion_criteria</infon><infon key="lang">pt-br</infon><offset>-1</offset><text>Indivíduos sadios; ambos os gêneros; idade entre 18 e 80 anos; com sintomatologia clínica  de hipersensibilidade dentinária;  em pelo menos dois dentes permanentes; localizados em quadrantes distintos; com junção amelocementária exposta; sem cavitação perceptível ao exame clínico </text></passage><passage><infon key="section">exclusion_criteria</infon><infon key="lang">pt-br</infon><offset>-1</offset><text>Dentes com lesões de cárie; restaurações defeituosas; erosão; sensibilidade pós-operatória decorrente de tratamento periodontal ou de clareamento dental; bruxismo; pulpites; fraturas radiculares; e quaisquer outras condições que causem ou predisponham ao desenvolvimento de hipersensibilidade dentinária; indivíduos com necessidades especiais; ou dificuldades cognitivas que comprometam a coleta de dados; menores de idade e gestantes; indivíduos que tenham passado por tratamento para hipersensibilidade dentinária nos últimos três meses</text></passage></document></collection>