<?xml version="1.0" encoding="UTF-8"?><!DOCTYPE collection SYSTEM "BioC.dtd"><collection><source></source><date></date><key></key><document><id>RBR-4tswsq</id><passage><infon key="section">public_title</infon><infon key="lang">en</infon><offset>-1</offset><text>Strength training effects with elastic tubes on muscle strength, functional capacity, inflammation and quality of life of apparently healthy individuals</text></passage><passage><infon key="section">scientific_title</infon><infon key="lang">en</infon><offset>-1</offset><text>Strength training effects with elastic tubing in the functional, biological variables and quality of life of apparently healthy individuals
</text></passage><passage><infon key="section">freetext</infon><infon key="lang">en</infon><offset>-1</offset><text>Sedentary lifestyle, physical inactivity</text></passage><passage><infon key="section">freetext</infon><infon key="lang">en</infon><offset>-1</offset><text>Resistance training with tubing (cords) elastic: 10 individuals will be submitted to resistance training (strength) three times a week elastic tubing, with rest interval between 24 to 72 hours. The sessions will last 60 minutes and at beginning global stretches will be realized. The vital signs will be checked at the beginning, during and at the end of the sessions. The training will run periodized and progressively. The distribution driving dynamics of training will be as follows: 1st to 3rd week: 2x15 RM; 4th to 6th week: 3x15 RM; 7th to 9th week: 3x10 RM; 10th to 12th week: 4x6 RM.The training will last three months
Conventional resistance training (Weight Training): 10 subjects will be submitted to resistance training (strength) on weight machines three times a week, with rest interval between 24 to 72 hours. The sessions will last 60 minutes and at beginning global stretches will be realized.The vital signs will be checked at the beginning, during and at the end of the sessions. The training will run periodized and progressively. The distribution driving dynamics of training will be as follows: 1st to 3rd week: 2x15 RM; 4th to 6th week: 3x15 RM; 7th to 9th week: 3x10 RM; 10th to 12th week: 4x6 RM. The training will last three months.</text></passage><passage><infon key="section">inclusion_criteria</infon><infon key="lang">en</infon><offset>-1</offset><text>Adults between 45 and 80 years;both genders; insufficiently active.</text></passage><passage><infon key="section">exclusion_criteria</infon><infon key="lang">en</infon><offset>-1</offset><text>Clinical instability; cardiac disorders, musculoskeletal, neurological, pulmonary dysfunction, irregularity in the frequency of the sessions, refusal to sign the consent form, dependence tobacco.</text></passage><passage><infon key="section">primary_outcome</infon><infon key="lang">en</infon><offset>-1</offset><text>Improved strength evaluated by digital dynamometer (strength test) after 6 and 12 weeks of intervention in both protocols of resistance training.  Improved functional capacity measured by six-minute walk test after 6 and 12 weeks of intervention in both protocols of resistance training.</text></passage><passage><infon key="section">primary_outcome</infon><infon key="lang">pt-br</infon><offset>-1</offset><text>Melhora da força avaliada pela dinamometria digital( teste de força)após 6 e 12 semanas de intervenção em ambos os protocolos de treinamentos resistidos.   Melhora da capacidade funcional avaliada pelo teste de caminhada de seis minutos após 6 e 12 semanas de intervenção em ambos os protocolos de treinamentos resistidos.   </text></passage><passage><infon key="section">secondary_outcome</infon><infon key="lang">en</infon><offset>-1</offset><text>Improvement in quality of life assessed by quality of life questionnaire SF-36 after 6 and 12 weeks in both protocols of resistance training.  Lower muscle stress levels assessed by determining blood levels of creatine kinase (CK) by Reflotron machine in the training group with elastic tubing compared to weight training group after 12 weeks of training.  Lower systemic inflammation levels measured by determining the levels of blood inflammatory cells in the training group with elastic tubing compared to weight training group after 12 weeks of training.</text></passage><passage><infon key="section">secondary_outcome</infon><infon key="lang">pt-br</infon><offset>-1</offset><text>Melhora da qualidade de vida avaliada pelo questionário de qualidade de vida SF-36 após 6 e 12 semanas em ambos os protocolos de treinamentos resistidos.  Menores níveis de estresse muscular avaliado pela determinação dos níveis sanguíneos da enzima Creatina quinase(CK)pelo aparelho Reflotron no grupo de treinamento com tubos elásticos comparados ao grupo musculação após 12 semanas de treinamento.  Menores níveis de inflamação sistêmica  avaliados pela determinação dos níveis de células inflamatórias sanguíneas  no grupo de treinamento com tubos elásticos comparado ao grupo musculação após 12 semanas de treinamento. </text></passage><passage><infon key="section">public_title</infon><infon key="lang">pt-br</infon><offset>-1</offset><text>Efeitos do treino de força com tubos elásticos na força muscular, capacidade funcional, inflamação e qualidade de vida de indivíduos aparentemente saudáveis</text></passage><passage><infon key="section">scientific_title</infon><infon key="lang">pt-br</infon><offset>-1</offset><text>Efeitos do treino de força com corda elástica nas variáveis funcionais,biológicas e qualidade de vida de indivíduos aparentemente saudáveis
</text></passage><passage><infon key="section">freetext</infon><infon key="lang">pt-br</infon><offset>-1</offset><text>Treinamento resistido com tubos(cordas)  elásticos: 10 indivíduos serão submetidos ao treinamento resistido (de força)com tubos elásticos três vezes por semana, com intervalo de descanso entre 24 a 72 horas. As sessões terão duração de 60 minutos e no início da sessão serão realizados alongamentos globais.Serão verificados os sinais vitais no inicio, durante e ao final das sessões.Os treinamentos serão executados de forma periodizada e progressiva. A distribuição da dinâmica de condução do treinamento sera a seguinte: 1ª a 3ª semana: 2x15 RM; 4ª a 6ª semana: 3x15 RM; 7ª a 9ª semana: 3x10 RM; 10ª a 12ª semana: 4x6 RM. O treinamento terá duração de três meses
Treinamento resistido convencional ( Musculação):10 indivíduos serão submetidos ao treinamento resistido (de força)em aparelhos de musculação três vezes por semana,com intervalo de descanso entre 24 a 72 horas. As sessões terão duração de 60 minutos e no início da sessão serão realizados alongamentos globais. serão verificados os sinais vitais no inicio, durante e ao final das sessões.Os treinamentos serão executados de forma periodizada e progressiva. A distribuição da dinâmica de condução do treinamento sera a seguinte: 1ª a 3ª semana: 2x15 RM; 4ª a 6ª semana: 3x15 RM; 7ª a 9ª semana: 3x10 RM; 10ª a 12ª semana: 4x6 RM. O treinamento terá duração de três meses. </text></passage><passage><infon key="section">inclusion_criteria</infon><infon key="lang">pt-br</infon><offset>-1</offset><text>Adultos entre 45 e 80 anos;ambos os gêneros; insuficientemente ativos.</text></passage><passage><infon key="section">exclusion_criteria</infon><infon key="lang">pt-br</infon><offset>-1</offset><text>Instabilidade clinica; distúrbios cardíacos, osteomusculares, neurológicos, presença de disfunção pulmonar , irregularidade na frequência as sessões, recusa em assinar o termo de consentimento, dependência ao tabaco.</text></passage></document></collection>