<?xml version="1.0" encoding="UTF-8"?><!DOCTYPE collection SYSTEM "BioC.dtd"><collection><source></source><date></date><key></key><document><id>RBR-2x96t2</id><passage><infon key="section">public_title</infon><infon key="lang">en</infon><offset>-1</offset><text>healing wounds evaluation in patients with sickle cell anemia</text></passage><passage><infon key="section">scientific_title</infon><infon key="lang">en</infon><offset>-1</offset><text>Evaluation of ulcer healing process in patients with sickle cell anemia</text></passage><passage><infon key="section">freetext</infon><infon key="lang">en</infon><offset>-1</offset><text>Sickle cell Disease, Leg ulcer </text></passage><passage><infon key="section">freetext</infon><infon key="lang">en</infon><offset>-1</offset><text>Experimental group: 62 patients undergoing weekly curative exchanges with Unna boot after cleaning the lesion with saline 0.9% 500-1000mL in jet followed by the use of primary dressings with Essential Fatty Acids or collagenase, as needed.
Control group: 62 patients subjected to conventional dressings performed once a week using the same technique cleaning lesion with physiological saline 0.9% 500-1000mL jet followed by the use of primary dressings Essential Fatty Acids or collagenase, as need, but without the use of Unna</text></passage><passage><infon key="section">inclusion_criteria</infon><infon key="lang">en</infon><offset>-1</offset><text>To be registered and regularly attend multidisciplinary outpatient healing of HU / UFS; be older than 12 years; ulcers present in one or both members; being a carrier of sickle cell anemia.</text></passage><passage><infon key="section">exclusion_criteria</infon><infon key="lang">en</infon><offset>-1</offset><text>Patient</text></passage><passage><infon key="section">primary_outcome</infon><infon key="lang">en</infon><offset>-1</offset><text>Monitoring wound healing by measuring its perimeter over six months. The lesions will be documented by serial photographs under the same environmental conditions, with a distance of one meter from injury. The wound will be modeled on sterile paper and then transferred to transparent paper to estimate the perimeter</text></passage><passage><infon key="section">primary_outcome</infon><infon key="lang">pt-br</infon><offset>-1</offset><text>Acompanhamento da cicatrização da ferida através da medida do seu perímetro ao longo de seis meses. As lesões serão documentadas através do registro fotográfico seriado, nas mesmas condições ambientais, com uma distância de um metro da lesão. A ferida será decalcada sobre papel estéril e posteriormente transferidas para papel transparente para estimar o perímetro</text></passage><passage><infon key="section">secondary_outcome</infon><infon key="lang">en</infon><offset>-1</offset><text>The clinical aspect of the lesion will be used the classification RYB over six months. Red - predominated by granulation tissue; Yellow - show fibrous exudate; and Black - have tissue necrosis</text></passage><passage><infon key="section">secondary_outcome</infon><infon key="lang">pt-br</infon><offset>-1</offset><text>O aspecto clínico da lesão será utilizada a classificação RYB ao longo de seis meses. Vermelha - predomina o tecido de granulação; Amarela - apresentam exsudato fibroso; e Preta - apresentam necrose tecidual  </text></passage><passage><infon key="section">public_title</infon><infon key="lang">pt-br</infon><offset>-1</offset><text>Avaliação da cicatrização de feridas em pacientes com anemia falciforme</text></passage><passage><infon key="section">scientific_title</infon><infon key="lang">pt-br</infon><offset>-1</offset><text>Avaliação do processo de cicatrização de úlceras em pacientes com anemia falciforme</text></passage><passage><infon key="section">freetext</infon><infon key="lang">pt-br</infon><offset>-1</offset><text>Grupo experimental: 62 pacientes submetidos a trocas semanais de curativo com bota de Unna após limpeza da lesão com 500-1000mL de soro fisiológico à 0,9% em jato seguido da utilização de curativos primários com Ácidos Graxos Essenciais ou Colagenase, conforme necessidade.
Grupo controle: 62 pacientes submetidos a curativos convencionais, realizados uma vez por semana utilizando a mesma técnica limpeza da lesão com 500-1000mL de soro fisiológico à 0,9% em jato seguido da utilização de curativos primários com Ácidos Graxos Essenciais ou Colagenase, conforme necessidade, porém sem a utilização de bota de Unna. Foram fornecidos aos pacientes materiais como ataduras, gazes, AGE ou Colagenase, soro fisiológico à 0,9%, garantindo, dessa forma, o cuidado com a ferida nos intervalos das consultas, pois os curativos devem ser trocados pelo menos uma vez ao dia.</text></passage><passage><infon key="section">inclusion_criteria</infon><infon key="lang">pt-br</infon><offset>-1</offset><text>Estar cadastrado e frequentar regularmente o ambulatório multidisciplinar de cicatrização do HU/UFS; ter idade superior a 12 anos; apresentar úlcera em um ou em ambos os membros; ser portador de anemia falciforme.</text></passage><passage><infon key="section">exclusion_criteria</infon><infon key="lang">pt-br</infon><offset>-1</offset><text>Recusa do paciente em participar do estudo; evasão do ambulatório multidisciplinar de cicatrização; ter condições cognitivas insuficientes para seguir as orientações recomendadas; apresentar doença arterial periférica ou autoimune.</text></passage></document></collection>