<?xml version="1.0" encoding="UTF-8"?><!DOCTYPE collection SYSTEM "BioC.dtd"><collection><source></source><date></date><key></key><document><id>RBR-3p2vc2</id><passage><infon key="section">public_title</infon><infon key="lang">en</infon><offset>-1</offset><text>Diet and risk of chronic diseases among college students</text></passage><passage><infon key="section">scientific_title</infon><infon key="lang">en</infon><offset>-1</offset><text>Food consumption as a risk factor for chronic diseases among university students: prevalence and nutritional intervention</text></passage><passage><infon key="section">freetext</infon><infon key="lang">en</infon><offset>-1</offset><text>Avitaminosis</text></passage><passage><infon key="section">freetext</infon><infon key="lang">en</infon><offset>-1</offset><text>Group A: 35 students will receive four calls on nutrition, individually, with receipt and folders of explanation, namely the following topics: healthy eating; vitamin A, vitamin E and vitamin C.

Group B: 35 students will receive four calls on nutrition (the sessions will be in groups, with an average of 15 students per group), with receipt and folders of explanation, namely the following topics: healthy eating; vitamin A, vitamin E and vitamin C.</text></passage><passage><infon key="section">inclusion_criteria</infon><infon key="lang">en</infon><offset>-1</offset><text>Inadequacies in food consumption</text></passage><passage><infon key="section">exclusion_criteria</infon><infon key="lang">en</infon><offset>-1</offset><text>Not have completed a total of 3 units of food records before the start of the intervention</text></passage><passage><infon key="section">primary_outcome</infon><infon key="lang">en</infon><offset>-1</offset><text>Adequacy of intake of vitamins and minerals evaluated by the Institute of Medicine's recommendations (Dietary Reference Intake) from the realization of equal or greater consumption values to the reference after 60 days of the end of the intervention</text></passage><passage><infon key="section">primary_outcome</infon><infon key="lang">pt-br</infon><offset>-1</offset><text>Aumento do consumo de vitaminas e minerais avaliado pelas recomendações do Institute of Medicine (Dietary Reference Intake) a partir da constatação de valores de consumo iguais ou maiores aos de referência após 60 dias do término da intervenção </text></passage><passage><infon key="section">secondary_outcome</infon><infon key="lang">en</infon><offset>-1</offset><text>"Secondary outcomes are to be expected"</text></passage><passage><infon key="section">secondary_outcome</infon><infon key="lang">pt-br</infon><offset>-1</offset><text> "Não são esperados desfechos secundários"</text></passage><passage><infon key="section">public_title</infon><infon key="lang">pt-br</infon><offset>-1</offset><text>Dieta e risco para doenças crônicas entre universitários</text></passage><passage><infon key="section">scientific_title</infon><infon key="lang">pt-br</infon><offset>-1</offset><text>Consumo alimentar habitual como fator de risco para doenças crônicas entre universitários: prevalência e intervenção nutricional</text></passage><passage><infon key="section">freetext</infon><infon key="lang">pt-br</infon><offset>-1</offset><text>Grupo A: 35 estudantes receberão quatro atendimentos sobre nutrição, de forma individual, com recebimento e explicação de folders, a saber os temas: alimentação saudável; vitamina A, vitamina E, vitamina C.

Grupo B: 35 estudantes receberão quatro atendimentos sobre nutrição (os atendimentos serão em grupos, com média de 15 alunos por grupo), com recebimento e explicação de folders, a saber os temas: alimentação saudável; vitamina A, vitamina E, vitamina C.</text></passage><passage><infon key="section">inclusion_criteria</infon><infon key="lang">pt-br</infon><offset>-1</offset><text>Inadequações no consumo alimentar

</text></passage><passage><infon key="section">exclusion_criteria</infon><infon key="lang">pt-br</infon><offset>-1</offset><text>Não ter concluído um total de 3 unidades de registros alimentares antes do início da intervenção</text></passage></document></collection>