<?xml version="1.0" encoding="UTF-8"?><!DOCTYPE collection SYSTEM "BioC.dtd"><collection><source></source><date></date><key></key><document><id>RBR-4pk67h</id><passage><infon key="section">public_title</infon><infon key="lang">en</infon><offset>-1</offset><text>Somatic experience as a new technology for the treatment of posttraumatic stress trauma.</text></passage><passage><infon key="section">scientific_title</infon><infon key="lang">en</infon><offset>-1</offset><text>Somatic Experiencing®: Proposing a new technology for the treatment of Stress Disorder Posttraumatic</text></passage><passage><infon key="section">freetext</infon><infon key="lang">en</infon><offset>-1</offset><text>Post-Traumatic Stress Disorders</text></passage><passage><infon key="section">freetext</infon><infon key="lang">en</infon><offset>-1</offset><text>Therapeutic interventions were performed with the Somatic Experiencing® method with five civil servants diagnosed with post-traumatic stress disorder acquired in the workplace. For each research subject was planned to be submitted to eighteen individual sessions, which took place in own room with about 60 minutes duration each. The five study subjects underwent a total of 73 sessions lasting one hour, one session per week from August 2013 to April 2014 a specific protocol was applied in three stages interventions were:
1- Initial Sessions: Therapeutic Alliance and educational process (approximately six weeks);</text></passage><passage><infon key="section">inclusion_criteria</infon><infon key="lang">en</infon><offset>-1</offset><text>They were accepted federal public servants with links and residence in the city of João Pessoa-PB. With a diagnosis of post-traumatic stress acquired in the workplace. Both genders, ages 18 to 70; referred by psychologists and physicians Subsystem Integrated Server-SIASS Health, who freely agreed to participate in all stages of the study. After informed about the objectives, purposes and study of the amounts accepted they signed the informed consent and informed.</text></passage><passage><infon key="section">exclusion_criteria</infon><infon key="lang">en</infon><offset>-1</offset><text>Subjects were excluded if they have 10% lack of SE® sessions at any stage of interventions, had severe psychiatric illness, physical condition that did not allow feel bodily sensations, such as numbness, quadriplegia, hemiplegia; not agreed to participate in the research and / or were not available to participate in all stages of the study.</text></passage><passage><infon key="section">primary_outcome</infon><infon key="lang">en</infon><offset>-1</offset><text>The expected outcome of this study was to analyze the results obtained from the use of Somatic Experiencing® as a new therapeutic approach for the treatment of post-traumatic stress disorder. The parameters used to evaluate the study outcome were: the data in port, initial anamnesis and the condition in which the subjects were in the beginning and during the research presented is a table that was created based on the DMS criteria IV (American Psychiatric Association, 1994) and Netto Protocol (2013) and filled with discursives fragments of the subject. This framework was intended to show the general situation (physical and mental) of the subjects with PTSD at baseline and then every meeting as a unit of analysis. As the parameter were set eighteen therapy sessions a research subject, each session an analysis unit. As a result, we expected that the improved quality of life influencing the personal and professional life of the research subjects, occurred return work activities, and improvement in physical and mental situation.</text></passage><passage><infon key="section">primary_outcome</infon><infon key="lang">pt-br</infon><offset>-1</offset><text>O desfecho esperado do presente estudo foi analisar os resultados obtidos com a utilização da Somatic Experiencing® como uma nova proposta terapêutica para tratamento do transtorno do estresse pós-traumático. Os parâmetros utilizados para avaliar o desfecho do estudo foram:  os dados obtidos nos portuários, anamnese inicial e a condição em que os sujeitos se encontravam no início e durante a realização da pesquisa, apresentou-se um quadro que foi criado baseado nos critérios do DMS IV (AMERICAN PSYCHIATRIC ASSOCIATION, 1994) e Protocolo Netto (2013) e preenchido com fragmentos de recortes discursivos dos sujeitos. Esse quadro teve a finalidade de mostrar a situação geral (física e mental) dos sujeitos portadores de TEPT no início da pesquisa e posteriormente a cada sessão realizada como uma unidade de análise. Como parâmetro de avaliação foram previstas dezoito sessões terapêutica por sujeito pesquisado, sendo cada sessão uma unidade de análise.  Como consequência, esperávamos que a qualidade de vida melhorasse influenciando na vida pessoal e profissional dos sujeitos da pesquisa, ocorresse retorno as atividades laborais, e melhoria na situação física e mental. </text></passage><passage><infon key="section">primary_outcome</infon><infon key="lang">en</infon><offset>-1</offset><text>It was evaluated during follow-up of therapy that this method was efficient in this trauma renegotiation process in the research subjects, and from interventions with Somatic Experiencing®, there has been significant neurophysiological advances on the health status of the subjects . Many resolutions of physical symptoms, emotional and widespread tensions have been proven through a self positive assessment expressed during the therapy sessions. The expected result was achieved 100% with an average of fifteen sessions, and it is a viable protocol to be applied to federal public servants.</text></passage><passage><infon key="section">primary_outcome</infon><infon key="lang">pt-br</infon><offset>-1</offset><text>Foi avaliada durante o seguimento da terapêutica que esse método se mostrou eficiente no processo de renegociação do trauma presente nos sujeitos da pesquisa, e a partir das intervenções com a Somatic Experiencing®, foi possível constatar expressivos avanços neurofisiológicos sobre o estado de saúde dos sujeitos pesquisados. Muitas resoluções de sintomas físicos, emocionais e tensões generalizadas foram comprovadas através de um auto avaliação positiva manifestadas durante as sessões terapêuticas. O resultado esperado foi 100% alcançado com uma média de quinze sessões, além de se tratar de um protocolo viável de ser aplicado aos servidores públicos federais.</text></passage><passage><infon key="section">secondary_outcome</infon><infon key="lang">en</infon><offset>-1</offset><text>Secondary outcomes are not expected</text></passage><passage><infon key="section">secondary_outcome</infon><infon key="lang">pt-br</infon><offset>-1</offset><text>Não são esperados desfechos secundários</text></passage><passage><infon key="section">public_title</infon><infon key="lang">pt-br</infon><offset>-1</offset><text>Experiência Somática como uma nova tecnologia para tratamento do estresse pós trauma.</text></passage><passage><infon key="section">scientific_title</infon><infon key="lang">pt-br</infon><offset>-1</offset><text>Somatic Experiencing®: Propondo uma nova tecnologia para o tratamento do Transtorno do Estresse Pós-Traumático</text></passage><passage><infon key="section">freetext</infon><infon key="lang">pt-br</infon><offset>-1</offset><text>Foram realizadas intervenções terapêuticas com o método Somatic Experiencing®, com cinco servidores públicos com diagnóstico de transtorno do estresse pós-traumático adquirido no ambiente de trabalho. Para cada sujeito da pesquisa foi planejado ser submetido a dezoito sessões individuais, e que aconteceu em sala própria com duração de aproximadamente 60 minutos cada. Os cinco sujeitos pesquisados realizaram ao todo 73 sessões com duração de uma hora, sendo uma sessão por semana no período de agosto de 2013 a abril de 2014. Foi aplicado um protocolo especifico com três etapas nas intervenções que foram: 
1-	Sessões iniciais: Aliança Terapêutica e processo educacional (aproximadamente seis semanas); </text></passage><passage><infon key="section">inclusion_criteria</infon><infon key="lang">pt-br</infon><offset>-1</offset><text>Foram aceitos servidores públicos federais com vínculos e residência na cidade de João Pessoa-PB.  Com diagnóstico médico de estresse pós-traumático adquirido no ambiente de trabalho. Ambos os gêneros, com idades entre 18 e 70 anos; encaminhados pelos psicólogos e médicos do Subsistema Integrado de Saúde do Servidor-SIASS, que concordaram livremente em participar de todas as etapas do estudo. Após informados sobre os objetivos, finalidades e importâncias do estudo aceitassem assinaram o termo de consentimento livre e esclarecido.</text></passage><passage><infon key="section">exclusion_criteria</infon><infon key="lang">pt-br</infon><offset>-1</offset><text>Foram excluídos os sujeitos que tiverem 10% de falta das sessões de SE® em qualquer etapa das intervenções, apresentassem doença psiquiátrica grave, patologia física que não permitisse sentir sensações corporais, como: dormências, tetraplegias, hemiplegias; não aceitassem participar da pesquisa e/ ou que não estivessem disponíveis para participar de todas as etapas do estudo.  </text></passage></document></collection>