<?xml version="1.0" encoding="UTF-8"?><!DOCTYPE collection SYSTEM "BioC.dtd"><collection><source></source><date></date><key></key><document><id>RBR-237v4b</id><passage><infon key="section">public_title</infon><infon key="lang">en</infon><offset>-1</offset><text>Effectiveness of an phythetapic in prevention and treatment of skin lesions caused by radiotherapy in patients with Head and Neck Cancer</text></passage><passage><infon key="section">scientific_title</infon><infon key="lang">en</infon><offset>-1</offset><text>Evaluating the efectiveness of calendula in the prevention and treatment of Head and Neck Radiodermatitis</text></passage><passage><infon key="section">freetext</infon><infon key="lang">en</infon><offset>-1</offset><text>Head and Neck Cancer</text></passage><passage><infon key="section">freetext</infon><infon key="lang">en</infon><offset>-1</offset><text>The study consists of two arms (experimental and control): Experimental group: marigold use topically in the prevention and treatment of radiodermatitis; Control group: use essential fatty acids, for topical use in the prevention and treatment of radiodermatitis. Form ulitização product:
the skin applications were made with a gauze soaked with the product of research, through delicately throughout the treatment area. The product was applied every 12 hours (2 times / day) throughout the radiotherapy. Were randomized 33 patients in each arm of the study. Patients will be followed from the first day of treatment until 30 days after its completion. The skin will be assessed every 5 days according to the scale of the Radiation Therapy Oncology Group (RTOG).</text></passage><passage><infon key="section">inclusion_criteria</infon><infon key="lang">en</infon><offset>-1</offset><text>Age above 18 years,diagnosis of cancer and head and neck radiotherapy, intact skin and continuous in the head and neck, first day of radiotherapy (if new), patients with no previous history of radiotherapy in the same field / local radiation,
Consent to participate in by signing the consent form (ICF).</text></passage><passage><infon key="section">exclusion_criteria</infon><infon key="lang">en</infon><offset>-1</offset><text>Previous reports of allergic reaction in the use of one of the research products (essential fatty acids or marigold).</text></passage><passage><infon key="section">primary_outcome</infon><infon key="lang">en</infon><offset>-1</offset><text>Development radiodermitis grade 1. Expected results: prove that Marigold is more effective than the essential fatty acids (EFA) in the prevention and treatment of radiodermitis in patients with head and neck cancer undergoing radiotherapy. The evaluation was according to the criteria of the Radiation Therapy Oncology Group (RTOG) which graduates from 0 to 4 with radiodermatitis. Radiodermatitis was assessed on the first day of radiotherapy, the five sessions and 30 days after the end of treatment, in order to observe its presence and evolution.</text></passage><passage><infon key="section">primary_outcome</infon><infon key="lang">pt-br</infon><offset>-1</offset><text>Desenvolvimento de radiodermite grau 1. Resultados esperados: comprovar que a Calêndula é mais eficaz que os ácidos graxos essenciais (AGE) na prevenção e tratamento de radiodermite nos pacientes com câncer de cabeça e pescoço em tratamento radioterápico. A avaliação ocorreu de acordo com os critérios do Radiation Therapy Oncology Group (RTOG), que gradua de 0 a 4 a radiodermite. A radiodermite foi avaliada no primeiro dia de tratamento radioterápico, a cada cinco sessões e após 30 dias do término do tratamento, com o intuito de observar a sua presença e evolução.</text></passage><passage><infon key="section">primary_outcome</infon><infon key="lang">en</infon><offset>-1</offset><text>Outcomes observed: the degree radiodermitis 1 emerged from the tenth day of radiotherapy, with the highest incidence in the control group (AGE).</text></passage><passage><infon key="section">primary_outcome</infon><infon key="lang">pt-br</infon><offset>-1</offset><text>Desfechos observados: o radiodermite grau 1 surgiu a partir do décimo dia de tratamento radioterápico, com maior incidência no Grupo Controle (AGE). </text></passage><passage><infon key="section">secondary_outcome</infon><infon key="lang">en</infon><offset>-1</offset><text>Development radiodermitis grade 2, grade 3 or grade 4.</text></passage><passage><infon key="section">secondary_outcome</infon><infon key="lang">pt-br</infon><offset>-1</offset><text>Desenvolvimento de radiodermite grau 2, grau 3 ou grau 4.</text></passage><passage><infon key="section">secondary_outcome</infon><infon key="lang">en</infon><offset>-1</offset><text>Outcomes observed: control group had a higher incidence of grade 2 radiodermitis compared with the experimental group.</text></passage><passage><infon key="section">secondary_outcome</infon><infon key="lang">pt-br</infon><offset>-1</offset><text>Desfechos observados: grupo controle apresentou maior incidência de radiodermite grau 2 quando comparado com o grupo experimental.</text></passage><passage><infon key="section">public_title</infon><infon key="lang">pt-br</infon><offset>-1</offset><text>Avaliação da eficácia de um fitoterápico na prevenção e tratamento de lesão de pele causada pela radioterapia em pacientes com Câncer de Cabeça e Pescoço </text></passage><passage><infon key="section">scientific_title</infon><infon key="lang">pt-br</infon><offset>-1</offset><text>Avaliação da eficácia da calêndula na prevenção e tratamento de Radiodermite de Cabeça e Pescoço</text></passage><passage><infon key="section">freetext</infon><infon key="lang">pt-br</infon><offset>-1</offset><text>O estudo é composto de 2 braços (experimental e controle): Grupo experimental: utilizará a calêndula por via tópica na prevenção e tratamento de radiodermite; Grupo controle: utilizará ácidos graxos essenciais (AGE) por via tópica na prevenção e tratamento de radiodermite. Forma de ulitização dos produtos: as aplicações na pele foram realizadas com uma gaze embebida com o produto da pesquisa, passando delicadamente por toda a área do tratamento. O produto foi aplicado a cada 12 horas (2 vezes/dia), durante todo o tratamento radioterápico. Foram randomizados 33 pacientes em cada braço do estudo. Os pacientes serão acompanhados desde o primeiro dia do tratamento até 30 dias após o seu término. A pele será avaliada a cada 5 dias de acordo com a graduação proposta pela escala da Radiation Therapy Oncology Group(RTOG).</text></passage><passage><infon key="section">inclusion_criteria</infon><infon key="lang">pt-br</infon><offset>-1</offset><text>Idade acima de 18 anos, diagnóstico de câncer de cabeça e pescoço e em tratamento radioterápico, pele íntegra e contínua em região de cabeça e pescoço, primeiro dia de tratamento radioterápico (caso novo), pacientes sem história prévia de radioterapia no mesmo campo/local de radiação, aceitar participar da pesquisa mediante assinatura do Termo de Consentimento Livre e Esclarecido (TCLE).</text></passage><passage><infon key="section">exclusion_criteria</infon><infon key="lang">pt-br</infon><offset>-1</offset><text>Relato prévio de reação alérgica na utilização de um dos produtos da pesquisa (ácidos graxos essenciais ou calêndula).</text></passage></document></collection>