<?xml version="1.0" encoding="UTF-8"?><!DOCTYPE collection SYSTEM "BioC.dtd"><collection><source></source><date></date><key></key><document><id>RBR-2bm36r</id><passage><infon key="section">public_title</infon><infon key="lang">en</infon><offset>-1</offset><text>Comparison of Cough Assist and Endotracheal Suctioning in airways hygiene of patients in mechanical ventilation</text></passage><passage><infon key="section">scientific_title</infon><infon key="lang">en</infon><offset>-1</offset><text>Comparison of Cough Asisst and Endotracheal Suctioning in bronchial hygiene of patients undergoing mechanical ventilation </text></passage><passage><infon key="section">freetext</infon><infon key="lang">en</infon><offset>-1</offset><text>Injuries and wounds, respiratory diseases, artificial breathing, cough, air way obstruction</text></passage><passage><infon key="section">freetext</infon><infon key="lang">en</infon><offset>-1</offset><text>Patients enrolled in the study were randomly selected to receive the first technique. Soon the patients could receive isolated aspiration or physical therapy.
Group aspiration: 43 individuals who have been sucked in air for a period of 15 seconds, three aspirations were performed on each indivíduo.Antes the procedure oxygen level was raised to the maximum.</text></passage><passage><infon key="section">inclusion_criteria</infon><infon key="lang">en</infon><offset>-1</offset><text>The sample consisted of 43 individuals. Inclusion criteria were patients of both sexes; 18 years; who were on mechanical ventilation for more than 48 hours; with no trauma face and hemodynamically stable.</text></passage><passage><infon key="section">exclusion_criteria</infon><infon key="lang">en</infon><offset>-1</offset><text>Were defined as exclusion criteria: history of pulmonary emphysema; presence of barotrauma; thrombocytopenia and impossibility of applying some of the techniques.</text></passage><passage><infon key="section">primary_outcome</infon><infon key="lang">en</infon><offset>-1</offset><text>Increased secretion aspirated volume checked by means of direct weighing method secretion from the observation of a change of at least 5% in post-intervention measurements.</text></passage><passage><infon key="section">primary_outcome</infon><infon key="lang">pt-br</infon><offset>-1</offset><text>Aumento do volume de secreção aspirado verificado por meio do método de pesagem direta da secreção a partir da constatação de uma variação de pelo menos 5% nas medições pós intervenção.</text></passage><passage><infon key="section">secondary_outcome</infon><infon key="lang">en</infon><offset>-1</offset><text>Respiratory mechanics enhancement without hemodynamic changes seen through the respiratory mechanics of evaluation method directly on mechanical ventilator and hemodynamic cardiac monitor from the realization of a range of at least 5% in post intervention measurements.</text></passage><passage><infon key="section">secondary_outcome</infon><infon key="lang">pt-br</infon><offset>-1</offset><text>Aprimoramento da mecânica respiratória sem alterações hemodinâmicas verificado por meio do método de avaliação da mecânica respiratória diretamente no ventilador mecânico e hemodinâmica no monitor cardíaco a partir da constatação de uma variação de pelo menos 5% nas medições pós intervenção.</text></passage><passage><infon key="section">public_title</infon><infon key="lang">pt-br</infon><offset>-1</offset><text>Comparação do Cough Assist com a Aspiração Traqueal na higiene das vias aéreas de pacientes em ventilação mecânica</text></passage><passage><infon key="section">scientific_title</infon><infon key="lang">pt-br</infon><offset>-1</offset><text>Comparação do Cough Assist com a Aspiração Traqueal na higiene brônquica de pacientes submetidos à ventilação mecãnica</text></passage><passage><infon key="section">freetext</infon><infon key="lang">pt-br</infon><offset>-1</offset><text>Os pacientes inseridos no estudo foram sorteados para o recebimento da primeira técnica. Logo os pacientes poderia receber a aspiração isolada ou a fisioterapia. 
Grupo aspiração: 43 indivíduos que foram aspirados na via aérea por um período de 15 segundos, foram realizadas três aspirações em cada indivíduo.Antes do procedimento o nível de oxigênio era elevado ao máximo.</text></passage><passage><infon key="section">inclusion_criteria</infon><infon key="lang">pt-br</infon><offset>-1</offset><text>A amostra foi de 43 indivíduos. Os critérios de inclusão foram: pacientes de ambos os sexos; maiores de 18 anos; que se encontravam em ventilação mecânica por mais de 48 horas; com ausência de trauma de face e estáveis hemodinamicamente.</text></passage><passage><infon key="section">exclusion_criteria</infon><infon key="lang">pt-br</infon><offset>-1</offset><text>Foram definidos como critérios de exclusão: história prévia de enfisema pulmonar; presença de barotrauma; plaquetopenia e impossibilidade de aplicação de alguma das técnicas.</text></passage></document></collection>