<?xml version="1.0" encoding="UTF-8"?><!DOCTYPE collection SYSTEM "BioC.dtd"><collection><source></source><date></date><key></key><document><id>RBR-4ykn3p</id><passage><infon key="section">public_title</infon><infon key="lang">en</infon><offset>-1</offset><text>Quality of life of people with eye disease elevated intraocular pressure and knowledge about the disease before and after practice health education</text></passage><passage><infon key="section">scientific_title</infon><infon key="lang">en</infon><offset>-1</offset><text>Glaucomatous life quality and knowledge about the disease before and after practice health education</text></passage><passage><infon key="section">freetext</infon><infon key="lang">en</infon><offset>-1</offset><text>Eye diseases, Glaucoma, health education, knowledge, activities of daily living, self care</text></passage><passage><infon key="section">freetext</infon><infon key="lang">en</infon><offset>-1</offset><text>Experimental group: 35 glaucomatous, with low knowledge about their eye disease participate in health education activities, systematized in a dialogical and interactive lesson in conversation wheel using as a teaching resource an anatomical eye and printed material, with average duration of 1 2 hours. The content of educational activities will be organized in order to: educate the glaucomatous to the significance of the disease; educate the patient about the importance of treatment; advise on the correct use of eye drops and; encourage self-care. Control group: 35 glaucomatous, with low knowledge about their eye disease will continue to receive the usual care in ophthalmologic surgery and will not participate in the systematic educational activity in dialogical and interactive lesson in conversation circle aiming to increase knowledge about the disease and self-care . After three months apart, glaucomatous of both groups will be assessed on the degree of knowledge about the disease through a new assessment by applying a questionnaire to evaluate the impact of activities. This study will be conducted at the Glaucoma Project, a national stamp program, based at the Santa Casa Montes Claros Eyes / MG.</text></passage><passage><infon key="section">inclusion_criteria</infon><infon key="lang">en</infon><offset>-1</offset><text>glaucomatous with 40% accuracy in disease knowledge questionnaire; reside in Montes Claros; both genders; aged between 18 and 70 years.</text></passage><passage><infon key="section">exclusion_criteria</infon><infon key="lang">en</infon><offset>-1</offset><text>glaucomatous unable to answer an evaluation questionnaire of knowledge about the disease; mental impairment with cognitive impairment; that are not available to participate in all stages of the study.</text></passage><passage><infon key="section">primary_outcome</infon><infon key="lang">en</infon><offset>-1</offset><text>Increased initial success rate of 40% in the questionnaire on disease knowledge to 80% after the educational activity intervention.</text></passage><passage><infon key="section">primary_outcome</infon><infon key="lang">pt-br</infon><offset>-1</offset><text>Aumento na taxa de acerto inicial de 40% no questionário sobre conhecimento da doença para 80% após a atividade educativa de intervenção.</text></passage><passage><infon key="section">secondary_outcome</infon><infon key="lang">en</infon><offset>-1</offset><text>Impact of educational activity for glaucoma.</text></passage><passage><infon key="section">secondary_outcome</infon><infon key="lang">pt-br</infon><offset>-1</offset><text>Impacto da atividade educativa para glaucomatosos. </text></passage><passage><infon key="section">public_title</infon><infon key="lang">pt-br</infon><offset>-1</offset><text>Qualidade de vida de pessoas com doença ocular devido elevação da pressão intraocular e o conhecimento sobre a doença antes e após prática de educação em saúde</text></passage><passage><infon key="section">scientific_title</infon><infon key="lang">pt-br</infon><offset>-1</offset><text>Qualidade de vida de glaucomatosos e o conhecimento sobre a doença antes e após prática de educação em saúde</text></passage><passage><infon key="section">freetext</infon><infon key="lang">pt-br</infon><offset>-1</offset><text>Grupo experimental: 35 glaucomatosos, com baixo conhecimento sobre sua doença ocular participarão de atividades de educação em saúde, sistematizada em uma aula dialógica e interativa, em roda de conversa utilizando como recurso didático um olho anatômico e material impresso, com duração em média de 1 a 2 horas. O conteúdo da ação educativa será organizado com o fim de: conscientizar o glaucomatoso para o significado da doença; conscientizar o paciente sobre a importância do tratamento; orientar sobre o uso correto dos colírios e; incentivar o autocuidado. Grupo controle: 35 glaucomatosos, com baixo conhecimento sobre sua doença ocular continuarão recebendo a assistência habitual no consultório oftalmológico e não participarão da atividade educacional sistematizada em aula dialógica e interativa, em roda de conversa com intuito de ampliar o conhecimento sobre a doença e o autocuidado. Após intervalo de três meses, glaucomatosos de ambos os grupos serão avaliados quanto ao grau de conhecimento sobre a doença por meio de uma nova avaliação pela aplicação de um questionário, visando avaliar o impacto das atividades desenvolvidas. Este estudo será realizado no Projeto Glaucoma, um programa de cunho nacional, sediado na Santa Casa Olhos de Montes Claros / MG. </text></passage><passage><infon key="section">inclusion_criteria</infon><infon key="lang">pt-br</infon><offset>-1</offset><text>glaucomatosos com 40% de acertos no questionário de conhecimento da doença; residir em Montes Claros; ambos os gêneros; idade entre 18 e 70 anos. </text></passage><passage><infon key="section">exclusion_criteria</infon><infon key="lang">pt-br</infon><offset>-1</offset><text>glaucomatosos sem condições de responder a um questionário de avaliação do conhecimento sobre a doença; deficiência mental com comprometimento cognitivo; que não estejam disponíveis para participar de todas as etapas do estudo. </text></passage></document></collection>