<?xml version="1.0" encoding="UTF-8"?><!DOCTYPE collection SYSTEM "BioC.dtd"><collection><source></source><date></date><key></key><document><id>RBR-4bfx9c</id><passage><infon key="section">public_title</infon><infon key="lang">en</infon><offset>-1</offset><text>A phase III study for the evaluation of the immunogenicity and reactogenicity of GSK Biologicals</text></passage><passage><infon key="section">scientific_title</infon><infon key="lang">en</infon><offset>-1</offset><text>201959 (FLU D-QIV-017) - A phase III study to assess immunogenicity and reactogenicity of GSK Biologicals</text></passage><passage><infon key="section">freetext</infon><infon key="lang">en</infon><offset>-1</offset><text>Flu</text></passage><passage><infon key="section">freetext</infon><infon key="lang">en</infon><offset>-1</offset><text>Adult group:  60 subjects between 18 and 60 years old  will receive one dose of vaccine against influenza administered intramuscularly

Elderly group:  60 subjects above 60 years old  will receive one dose of vaccine against influenza administered intramuscularly</text></passage><passage><infon key="section">inclusion_criteria</infon><infon key="lang">en</infon><offset>-1</offset><text>Male and female subjects aged 18 years or above at the time of vaccination; healthy with well-controlled chronic diseases;  will comply with the requirements of the protocol and give written informed consent. Female subjects of non-childbearing potential. Female subjects of childbearing potential may be enrolled in the study, if the subject has practiced adequate contraception for 30 days prior to vaccination, and has a negative pregnancy test at screening and on the day of vaccination, and has agreed to continue adequate contraception during the entire treatment period and for two months after completion of the vaccination series</text></passage><passage><infon key="section">exclusion_criteria</infon><infon key="lang">en</infon><offset>-1</offset><text>Use of any investigational or non-registered product, drug or vaccine, other than the study vaccine during the period starting 30 days before the dose of study vaccine or planned use during the study period; any medical condition that in the judgment of the investigator would make intramuscular injection unsafe; chronic administration, defined as more than 14 consecutive days, of immunosuppressants or other immune-modifying drugs within six months before study start or planned administration during the study; planned administration of a vaccine not foreseen by the study protocol in the period starting 30 days before the study vaccination and during the entire study period; administration of immunoglobulins and/or any blood products within the three months preceding the first dose of study vaccine or planned administration during the study period; administration of an influenza vaccine within the 6 months preceding the study start or planned use of such vaccines during the study period; concurrently participating in another clinical study, at any time during the study period, in which the subject has been or will be exposed to an investigational or a non-investigational product; clinically or virologically confirmed influenza infection within the six months preceding the study vaccination; any confirmed or suspected immunosuppressive or immunodeficient condition, based on medical history and physical examination; acute disease and/or fever at the time of enrollment; acute or chronic, clinically significant pulmonary, cardiovascular, hepatic or renal functional abnormality, as determined by physical examination or laboratory testing performed at the screening visit; chronic underlying disease not stabilised or clinically serious;history of chronic alcohol consumption and/or drug abuse; history of Guillain-Barré syndrome; history of any reaction or hypersensitivity likely to be exacerbated by any component of the vaccine, including latex; history of severe adverse reaction to a previous influenza vaccination; anaphylaxis following the administration of vaccine(s);  pregnant or breastfeeding female; subject planning to become pregnant or planning to discontinue contraceptive precautions during the study period.</text></passage><passage><infon key="section">primary_outcome</infon><infon key="lang">en</infon><offset>-1</offset><text>Humoral immune response for each vaccine strain (1) in terms of antibodies in adults 18-60 years and in elderly above 60 years (2). The following aggregate variables will be calculated with confidence interval of 95% (3): Geometric mean titre for antibodies at Days 0 and 21; Seropositivity rate at Days 0 and 21; Seroprotection rate at Days 0 and 21; Seroconversion rate at Day 21; Seroprotection power at Day 21; Mean geometric increase also known as the seroconversion factor at Day 21.   </text></passage><passage><infon key="section">primary_outcome</infon><infon key="lang">pt-br</infon><offset>-1</offset><text>Resposta imune humoral para cada cepa de vacina (1) em termos de anticorpos em adultos entre 18 e 60 anos e em idosos com mais de 60 anos de idade (2).As seguintes variáveis agregadas serão calculadas com intervalo de confiança de 95% (3): Titulações médias geométricas de anticorpos nos Dias 0 e 21; Taxa de soropositividade nos Dias 0 e 21; Taxa de soroproteção nos Dias 0 e 21; Taxa de soroconversão no Dia 21; Potência de soroproteção no Dia 21; Aumento da média geométrica também conhecido como o fator de soroconversão no Dia 21. </text></passage><passage><infon key="section">secondary_outcome</infon><infon key="lang">en</infon><offset>-1</offset><text>Occurrence of solicited local and general symptoms in adults 18-60 years and &gt; 60 years of age (1) through diary card/subject report (2): Percentage, intensity and duration of solicited local symptoms during a 4 day follow-up period after vaccination; Percentage, intensity, duration and relationship to vaccination of solicited general symptoms during a 4 day follow-up period after vaccination (3). Occurrence of solicited local and general symptoms in adults 18-60 years and above 60 years of age (1) through diary card/subject report (2): Percentage, intensity and duration of solicited local symptoms during a 4 day follow-up period after vaccination; Percentage, intensity, duration and relationship to vaccination of solicited general symptoms during a 4 day follow-up period after vaccination (3). Occurrence of MAEs and SAEs in adults 18-60 years and above 60 years of age (1) through subject report/medical chart (2):  Percentage, intensity and relationship to vaccination of MAEs and SAEs during the entire study period (3). Humoral immune response for each vaccine strain (1) in terms of HI antibodies, in subjects aged 18-60 years and above 60 years, who have and who have not received an influenza  vaccine during the influenza season in 2014, prior to the 2015 Southern Hemisphere season (2). The following aggregate variables will be calculated by subjects’ influenza vaccination history for previous season in 2014 with confidence intervalo f 95% (3): Geometric mean titre for antibodies at Days 0 and 21; Seropositivity rate at Days 0 and 21; Seroprotection rate on Days 0 and 21;  Seroconversion rate on Day 21; Seroprotection power at Day 21; Mean geometric increase also known as the  seroconversion factor at Day 21.</text></passage><passage><infon key="section">secondary_outcome</infon><infon key="lang">pt-br</infon><offset>-1</offset><text>Ocorrência de sintomas locais e gerais esperados em adultos entre 18 e 60 anos e com mais de 60 anos de idade (1) através do cartão diário/relato paciente (2):  Percentagem, intensidade e duração de sintomas locais esperados durante um período de acompanhamento de 4 dias após a vacinação (3); Percentagem, intensidade, duração e relação com vacinação de sintomas gerais esperados durante um período de acompanhamento de 4 dias, após a vacinação (3). Ocorrência de sintomas inesperados em adultos entre 18 e 60 anos e com mais de 60 anos de idade (1) através do cartão diário/relato paciente (2): Percentagem, intensidade e relação com vacinação de sintomas inesperados durante um período de acompanhamento de 21 dias, após a vacinação (3). Ocorrência de MAEs e EAGs em adultos entre 18 e 60 anos e com mais de 60 anos de idade (1) através de relato paciente/prontuários de internação (2): Percentagem, intensidade e relação com vacinação de MAEs e EAGs durante todo o período do estudo (3). Resposta imune humoral para cada cepa da vacina (1), em termos de anticorpos de HI, em participantes entre 18 e 60 anos e com mais de 60 anos de idade que receberam e que não receberam uma vacina contra influenza durante o período de influenza em 2014, antes do estação de 2015 no Hemisfério Sul (2). As seguintes variáveis agregadas serão calculadas pelo histórico de vacinação contra influenza dos participantes para o período anterior em 2014 com intervalo de confiança de 95% (3):  Título de médias geométricas de anticorpos HI nos Dias 0 e 21; Taxas de soropositividade nos Dias 0 e 21; Taxa de soroproteção nos Dias 0 e 21; Taxa de soroconversão no Dia 21; Potência de soroproteção no Dia 21; Aumento da médica geométrica (também conhecido como soroconversão) no Dia 21.</text></passage><passage><infon key="section">public_title</infon><infon key="lang">pt-br</infon><offset>-1</offset><text>Um estudo de fase III para a avaliação da imunogenicidade e reatogenicidade da Vacina Quadrivalente de Vírus Fragmentado Contra Influenza denominada Fluarix Tetra (estação de 2015 para o hemisfério sul) da GSK Biologicals em adultos a partir de 18 anos de idade </text></passage><passage><infon key="section">scientific_title</infon><infon key="lang">pt-br</infon><offset>-1</offset><text>201959 (FLU D-QIV-017) - Um estudo de fase III, aberto para avaliação da imunogenicidade e reatogenicidade da Vacina Quadrivalente de Vírus Fragmentado Contra Influenza denominada Fluarix Tetra (estação de 2015 para o hemisfério sul)da GSK Biologicals em adultos a partir de 18 anos de idade</text></passage><passage><infon key="section">freetext</infon><infon key="lang">pt-br</infon><offset>-1</offset><text>Grupo adulto: 60 voluntários entre 18 e 60 anos receberão 01 dose da vacina contra influenza administrada por via intramuscular

Grupo idoso: 60 voluntários maiores de 60 anos receberão 01 dose da vacina contra influenza administrada por via intramuscular</text></passage><passage><infon key="section">inclusion_criteria</infon><infon key="lang">pt-br</infon><offset>-1</offset><text>Participantes do sexo masculino e feminino maiores de 18 anos na data da vacinação; saudáveis com doenças crônicas bem controladas; cumprirão as exigências do protocolo e  assinarão o termo de consentimento livre e esclarecido. Participantes do sexo feminino sem condições de engravidar. Participantes com condições de engravidar podem se inscrever no estudo se tiverem realizado uma contracepção adequada por 30 dias antes da vacinação e tiverem um teste de gravidez com resultado negativo na triagem e no dia da vacinação e concordarem em continuar com a contracepção adequada durante todo o período de tratamento e por dois meses após o término da série de vacinações</text></passage><passage><infon key="section">exclusion_criteria</infon><infon key="lang">pt-br</infon><offset>-1</offset><text>Uso de qualquer produto, fármaco ou vacina, investigacional ou não-registrado diferente da vacina do estudo dentro de 30 dias antes da dose da vacina do estudo, ou uso planejado durante o período do estudo;  qualquer condição médica que na opinião do investigador poderia tornar a administração intramuscular insegura; administração crônica, definida como mais de 14 dias consecutivos, de imunossupressores ou outros fármacos imunomoduladores, dentro do período de seis meses antes da primeira dose da vacina;  administração de um fármaco imunomodificador de longa duração  em até 6 meses antes do início do estudo, ou administração planejada durante o estudo; administração de uma vacina não prevista pelo protocolo do estudo no período de  30 dias antes da vacinação do estudo e durante todo o estudo;  administração de imunoglobulinas e/ou quaisquer produtos derivados do sangue dentro dos três meses anteriores à primeira dose da vacina do estudo/controle ou administração planejada durante o período do estudo; administração de uma vacina contra influenza dentro do período de 6 meses antes do início do estudo ou uso planejado de tais vacinas durante o período do estudo; participação concomitante em outro estudo clínico, em qualquer momento do período do estudo, no qual o participante foi ou será exposto a um produto investigacional ou não investigacional; infecção clinica ou virologicamente confirmada por influenza em até seis meses antes da vacinação do estudo; qualquer condição confirmada ou suspeita de imunossupressão ou imunodeficiência, com base no histórico médico e no exame físico; doença aguda e/ou febre no momento da inclusão; anormalidade funcional hepática ou renal, cardiovascular, pulmonar, clinicamente significativa, aguda ou crônica, conforme determinada pelo exame físico ou exames de laboratório realizados na visita de triagem;  doença subjacente crônica não estabilizada ou clinicamente grave;  histórico de consumo crônico de álcool e/ou abuso de drogas, histórico de Síndrome de Guillain-Barré; histórico de qualquer reação ou hipersensibilidade provavelmente a ser exacerbada por qualquer componente da vacina, incluindo látex; histórico de reação adversa severa a uma vacinação anterior contra influenza; anafilaxia após a administração da(s) vacina(s); mulher grávida ou em período de amamentação;  mulher que esteja planejando ficar grávida ou que esteja planejando parar com as precauções contraceptivas. </text></passage></document></collection>