<?xml version="1.0" encoding="UTF-8"?><!DOCTYPE collection SYSTEM "BioC.dtd"><collection><source></source><date></date><key></key><document><id>RBR-3gbyhk</id><passage><infon key="section">public_title</infon><infon key="lang">en</infon><offset>-1</offset><text>Treating asthmatic children to prevent asthma exacerbations</text></passage><passage><infon key="section">scientific_title</infon><infon key="lang">en</infon><offset>-1</offset><text>Treating asthmatic children to prevent asthma exacerbations (TREXA-Minas Gerais Research Protocol)</text></passage><passage><infon key="section">freetext</infon><infon key="lang">en</infon><offset>-1</offset><text>Mild persistent asthma</text></passage><passage><infon key="section">freetext</infon><infon key="lang">en</infon><offset>-1</offset><text>Frequency, dose and duration of the intervention: the 150 patients assigned to </text></passage><passage><infon key="section">inclusion_criteria</infon><infon key="lang">en</infon><offset>-1</offset><text>Patients of both sexes aged six to eighteen years old, able to perform spirometry, suffering from mild persistent asthma in the past two years according to the criteria of the GINA (Global Strategy for Asthma) and fall into at least one of the following criteria: never used inhaled corticosteroids , anti - leukotrienes , beta- agonists, long-acting and report occurrence of exacerbations in the last two years, but none in the last three months; be in use of inhaled corticosteroids in the past eight weeks, at a daily dose equal to or greater than 250 mcg / day of beclomethasone; be well controlled in the last eight weeks with the use of 250 mcg of beclomethasone and no smoking during the last year.
</text></passage><passage><infon key="section">exclusion_criteria</infon><infon key="lang">en</infon><offset>-1</offset><text>Treatment with other formulations of corticosteroids for any condition within the range defined prior to recruitment, e.g., oral route two weeks prior to the period of run in or parenteral route within   two weeks of screening visits; previous or current use of medication known to interact with the bioavailability of beclomethasone within a period of two weeks from the first follow up visit , namely , carbamazepine , erythromycin or other macrolide , phenobarbital , phenytoin , rifampin and ketoconazole; Spirometry showing pre bronchodilator FEV1 (forced expiratory volume in one second) less than 60 % of predicted value at first follow visit; hospitalization for asthma in the last year ; presence of other chronic or active disease other than asthma , namely , thyroid disease , diabetes mellitus , Cushing</text></passage><passage><infon key="section">primary_outcome</infon><infon key="lang">en</infon><offset>-1</offset><text>Mean difference for forced expiratory volume  in the first second (FEV1) from the final of the run in period to the last follow up visit.  Asthma control test score from the final of the run in period to the last follow up visit.</text></passage><passage><infon key="section">primary_outcome</infon><infon key="lang">pt-br</infon><offset>-1</offset><text>Diferença média do volume expiratório forçado no primeiro segundo (VEF1) do final do período de run in até o final do acompanhamento.  Pontuação do teste de controle da asma (asthma control test, em inglês) entre o final do período de run in e o final do acompanhamento. </text></passage><passage><infon key="section">primary_outcome</infon><infon key="lang">en</infon><offset>-1</offset><text>FEV1 values ranged from 87% to 89% of the predicted value during the follow up in both groups (p=0.35)  ACT ranged from 21 to 22 points during the follow up in both groups (p=0.38).</text></passage><passage><infon key="section">primary_outcome</infon><infon key="lang">pt-br</infon><offset>-1</offset><text>O VEF1 manteve-se entre 87% e 89% do valor previsto ao longo do acompanhamento em ambos os grupos (p=0,35).  O ACT manteve-se entre 21 e 22 pontos ao longo do acompanhamento em ambos os grupos (p=0,38).</text></passage><passage><infon key="section">secondary_outcome</infon><infon key="lang">en</infon><offset>-1</offset><text>  Beclomethasone consumption (in grams) among the two groups.</text></passage><passage><infon key="section">secondary_outcome</infon><infon key="lang">pt-br</infon><offset>-1</offset><text>  O consumo de becometasona (gramas) obtido para cada um dos grupos.</text></passage><passage><infon key="section">secondary_outcome</infon><infon key="lang">en</infon><offset>-1</offset><text>Beclomethasone consumption among the two groups was: 5,9 grams in the intermitent group and 13,1 grams in the continuous one (p &lt;0,001).</text></passage><passage><infon key="section">secondary_outcome</infon><infon key="lang">pt-br</infon><offset>-1</offset><text>O consumo de becometasona (gramas) obtido para cada um dos grupos foi: 5,9 g no grupo intermitente e 13,1 g no grupo contínuo (p &lt;0,001).</text></passage><passage><infon key="section">public_title</infon><infon key="lang">pt-br</infon><offset>-1</offset><text>Tratamento de crianças para prevenir crises de asma</text></passage><passage><infon key="section">scientific_title</infon><infon key="lang">pt-br</infon><offset>-1</offset><text>Tratamento de crianças asmáticas para prevenir exacerbações de asma (Projeto TREXA Minas Gerais)</text></passage><passage><infon key="section">freetext</infon><infon key="lang">pt-br</infon><offset>-1</offset><text> Frequência, dose e duração da intervenção: os 150 pacientes alocados no  grupo tratamento </text></passage><passage><infon key="section">inclusion_criteria</infon><infon key="lang">pt-br</infon><offset>-1</offset><text>Indivíduos de ambos os sexos entre seis e dezoito anos de idade, aptos a realizar espirometria, ter história de asma persistente leve nos últimos dois anos segundo critérios do GINA (Estratégia Global para a Asma) e se enquadrarem em pelo menos um dos critérios a seguir: nunca ter usado corticóide inalatório, anti-leucotrienos, beta-agonistas de ação duradoura e relatar ocorrência de uma a duas exacerbações no último ano; estar em uso de corticóide inalatório nas últimas oito semanas, em dose diária igual ou superior a 250 mcg/dia de beclometasona; asma controlada nas últimas oito semanas com o uso de até 250 mcg de beclometasona e não fumantes durante o último ano.
</text></passage><passage><infon key="section">exclusion_criteria</infon><infon key="lang">pt-br</infon><offset>-1</offset><text>Tratamento com outras formulações de corticóide, para qualquer condição dentro dos intervalos definidos anterior ao recrutamento, ou seja, pela via oral nas duas semanas anteriores ao período de run in ou pela via parenteral, ou seja, uso dentro de duas semanas das visitas de triagem; uso anterior ou atual  de medicação que sabidamente interage com a biodisponibilidade da beclometasona (dentro de um período de duas semanas da primeira visita, a saber, carbamazepina, eritromicina ou outro macrolídeo, fenobarbital, fenitoína, rifampicina e cetoconazol; espirometria revelando VEF1 (volume expiratório forçado no primeiro segundo) pré broncodilatador menor que 60% do valor previsto na primeira visita; hospitalização por asma no último ano; presença de outra doença crônica ou ativa que não asma, a saber, doenças da tireóide, diabetes melitus, doença de Cushing, doença de Addison, doença hepática ou condições médicas atuais que requerem corticoterapia oral, história de catarata, glaucoma ou qualquer outra condição cliníca associada a possível efeito adverso dos corticosteróides sistêmicos; exacerbação da asma nos últimos tres meses ou mais de duas no último ano; história de uma exacerbação que requereu intubação, ventilação mecânica ou resultando em convulsão por hipóxia; história prévia de reações adversas com corticóides inalatórios; uso de vacinas desensibilizadoras, por via oral ou injetável, em regime contínuo por tres meses ou mais; inaptidão para realização de espirometria e fração exalada de óxido nítrico; impressão subjetiva dos pesquisadores de que a família ou o paciente possa não aderir ao tratamento ou possa se transferir da área de influência de uma das Unidades de Referência Secundária, a saber URS Campos Sales, Saudade e Padre durante o estudo.
Indivíduos que não se qualificarem para entrar no período de run in por razões que possam ser superadas com o tempo ou trei</text></passage></document></collection>