<?xml version="1.0" encoding="UTF-8"?><!DOCTYPE collection SYSTEM "BioC.dtd"><collection><source></source><date></date><key></key><document><id>RBR-55y665</id><passage><infon key="section">public_title</infon><infon key="lang">en</infon><offset>-1</offset><text>Treatment program for changes in posture</text></passage><passage><infon key="section">scientific_title</infon><infon key="lang">en</infon><offset>-1</offset><text>Rehabilitation program of postural deviations</text></passage><passage><infon key="section">freetext</infon><infon key="lang">en</infon><offset>-1</offset><text>Adolescents or young adults with scoliosis, lordosis and kyphosis</text></passage><passage><infon key="section">freetext</infon><infon key="lang">en</infon><offset>-1</offset><text>After the initial assessment 10 participants underwent the treatment, based on years of general stretching, strengthening, proprioception and balance that were performed in all positions (Supine, lateral and ventral, 4 pads, sitting and standing position). The strength exercises were associated with work central stabilization. Materials like elastic bands and Swiss balls are used to provide resistance and instability, respectively, on the movement. The sessions were conducted in groups 2 times a week at 5-month period, conducted and assisted by interns from the 4th year of physical therapy who were under the supervision of professionals.</text></passage><passage><infon key="section">inclusion_criteria</infon><infon key="lang">en</infon><offset>-1</offset><text>Able participants performing physical activity, of both genders aged 11 to 28 years, medical referral and the presence of greater than 10, confirmed by measurement of the Cobb angle on colonography scoliosis, featuring structural curves or changes in kyphosis and lordosis and Statement of Consent signed by parents or guardians.</text></passage><passage><infon key="section">exclusion_criteria</infon><infon key="lang">en</infon><offset>-1</offset><text>Use of prostheses and / or orthoses, surgeries of the spine, presence of scoliosis etiology of idiopathic not, pregnancy, difference in leg length greater than 1,5 cm thus determining a cause of scoliosis is not idiopathic.</text></passage><passage><infon key="section">primary_outcome</infon><infon key="lang">en</infon><offset>-1</offset><text>The project has aimed to assess significant changes in measures of spinal deformity, lordosis in the sagittal plane, and the Cobb angle provided by a program of physical exercise group.</text></passage><passage><infon key="section">primary_outcome</infon><infon key="lang">pt-br</infon><offset>-1</offset><text>O projeto tem objetivo de avaliar as alterações significativas nas medidas da gibosidade, das lordoses no plano sagital, e do ângulo de Cobb proporcionadas por um programa de exercício físico realizado em grupo.</text></passage><passage><infon key="section">primary_outcome</infon><infon key="lang">en</infon><offset>-1</offset><text>Decreased spinal deformity, between 1st and 2nd assessment in all segments of the spine, with the difference of 0.15 cm in the thoracic, 0.45 cm in thoracolumbar and lumbar 0.25 cm. In measurements of lordosis in the sagittal plane, the results showed a decrease only as I regarding cephalic cervical lordosis, with 0.05 cm difference between assessments. In other measures an increase of 0.45 cm, 0.05 cm and 0.2 cm, respectively. The Cobb angle measured in 3 participants also showed decreased values ??of thoracic (1.5°) and lumbar (3.5°) bends. The figures showed that there was a decrease in most measurements, but when correlated with the number of meetings held by participants these changes were not statistically significant.</text></passage><passage><infon key="section">primary_outcome</infon><infon key="lang">pt-br</infon><offset>-1</offset><text>Diminuição da gibosidade, entre a 1ª e a 2ª avaliação, em todos os segmentos da coluna vertebral, sendo a diferença de 0,15cm na torácica, 0,45cm na tóraco-lombar e 0,25 cm na lombar. Nas mensurações das lordoses no plano sagital, os resultados mostraram diminuição apenas na medida I, referente à lordose cervical cefálica, apresentando 0,05cm de diferença entre as avaliações. Nas outras medidas houve um aumento de 0,45cm, 0,2cm e 0,05cm, respectivamente. O ângulo de Cobb avaliado em 3 participantes também apresentou diminuição dos valores das curvaturas torácica (1,5º) e lombar (3,5º). Os valores mostraram que houve diminuição na maior parte das mensurações, porém quando correlacionadas com o número de sessões realizadas pelos participantes estas mudanças não foram estatisticamente significativas.</text></passage><passage><infon key="section">secondary_outcome</infon><infon key="lang">en</infon><offset>-1</offset><text>The exercise program was able to cause changes in spinal deformity measurements evaluated, the lordosis and sagittal Cobb angle in patients with idiopathic scoliosis. There was a significant difference only in the thoracolumbar spinal deformity, which decreased, and MIV, which increased, and may be associated with lack of control postural deformity or changes. However, the mean of the measurements show that after the intervention the trend is a decrease in forward head posture, gain thoracic kyphosis, which in most individuals this rectified, and improvement of the scoliotic curve shown by Cobb angle. However, for greater results requires that individuals have not reached skeletal maturity and home exercises are performed daily for maintenance or regression of scoliosis.</text></passage><passage><infon key="section">secondary_outcome</infon><infon key="lang">pt-br</infon><offset>-1</offset><text>O programa de exercício físico foi capaz de provocar alterações nas mensurações avaliadas da gibosidade, das lordoses no plano sagital e do ângulo de Cobb em indivíduos com escoliose idiopática. Houve diferença significativa apenas na gibosidade tóraco-lombar, que diminuiu, e na MIV, que aumentou, podendo estar associada à falta de controle postural ou à evolução da deformidade. Porém, as médias das mensurações demonstram que após a intervenção a tendência é a diminuição da anteriorização da cabeça, ganho de cifose torácica, que em maior parte dos indivíduos esta retificada, e melhora da curva escoliótica mostrada através do ângulo de Cobb. No entanto, para maiores resultados é necessário que os indivíduos não tenham alcançado a maturidade esquelética e que exercícios domiciliares sejam realizados diariamente, para a manutenção ou regressão da escoliose. </text></passage><passage><infon key="section">public_title</infon><infon key="lang">pt-br</infon><offset>-1</offset><text>Programa de tratamento para alterações na postura</text></passage><passage><infon key="section">scientific_title</infon><infon key="lang">pt-br</infon><offset>-1</offset><text>Programa de reabilitação de desvios posturais</text></passage><passage><infon key="section">freetext</infon><infon key="lang">pt-br</infon><offset>-1</offset><text>Após a avaliação inicial 10 participantes foram submetidos ao tratamento, baseado em exercícios de alongamento geral, fortalecimento, propriocepção e equilíbrio que eram executados em todas as posições (decúbito dorsal, ventral e lateral, 4 apoios, sentado e posição ortostática). Os exercícios de força muscular foram associados ao trabalho de estabilização central. Materiais como faixas elásticas e bolas suíças foram utilizados para oferecer resistência e instabilidade, respectivamente, aos movimentos. As sessões foram realizadas em grupo, 2 vezes por semana no período de 5 meses, conduzidas e auxiliadas por estagiários do 4º ano do curso de fisioterapia que estavam sob supervisão de profissionais.</text></passage><passage><infon key="section">inclusion_criteria</infon><infon key="lang">pt-br</infon><offset>-1</offset><text>Participantes aptos a realização de atividade física, de ambos os gêneros com idade entre 11 e 28 anos, encaminhamento médico e presença de escoliose maior que 10º, confirmada pela medida do ângulo de Cobb no exame radiológico, caracterizando curvas estruturais ou alterações nas cifoses e lordoses, e Termo de Consentimento Livre e Esclarecido assinado por seus pais ou responsáveis.</text></passage><passage><infon key="section">exclusion_criteria</infon><infon key="lang">pt-br</infon><offset>-1</offset><text>Uso de próteses e/ou órteses, cirurgias realizadas na coluna, presença de escolioses de etiologia não idiopática, gestação, diferença no comprimento dos membros inferiores maior que 1,5cm determinando assim uma escoliose de causa não idiopática.</text></passage></document></collection>