<?xml version="1.0" encoding="UTF-8"?><!DOCTYPE collection SYSTEM "BioC.dtd"><collection><source></source><date></date><key></key><document><id>RBR-2x4gm7</id><passage><infon key="section">public_title</infon><infon key="lang">en</infon><offset>-1</offset><text>Proposal for prenatal nutritional assistance in primary care in Manguinhos area.</text></passage><passage><infon key="section">scientific_title</infon><infon key="lang">en</infon><offset>-1</offset><text>Proposal for prenatal nutritional assistance in primary care in Manguinhos area.</text></passage><passage><infon key="section">freetext</infon><infon key="lang">en</infon><offset>-1</offset><text>Hypertensive disorders of pregnancy, gestational diabetes, gestational anemia, urinary tract infection.</text></passage><passage><infon key="section">freetext</infon><infon key="lang">en</infon><offset>-1</offset><text>Intervention group: 122 pregnant women followed a nutritional care protocol through three collective consultations throughout the prenatal, one every quarter, with duration of 1 hour and 15 minutes, which were developed educational activities related to health and nutrition. Control group: 162 pregnant women did not follow the nutritional care protocol over prenatal care. The pregnancy complications and outcomes inadequacy of total gestational weight gain in both groups were studied. We tested the association between the possible determinants of pregnancy complications and inadequate weight gain in pregnant women, through bivariate analysis, estimating the odds ratio (OR) Gross with confidence intervals (CI) of 95% by through the simple logistic regression.</text></passage><passage><infon key="section">inclusion_criteria</infon><infon key="lang">en</infon><offset>-1</offset><text>Pregnant women with a single fetus, without chronic diseases prior to pregnancy and who were followed by the prenatal clinic of the study.</text></passage><passage><infon key="section">exclusion_criteria</infon><infon key="lang">en</infon><offset>-1</offset><text>Pregnant women street residents; who have had abortions and stillborn son during the pregnancy; those who moved to another area that was not covered by the family clinic of the study and who did not present data on postpartum.</text></passage><passage><infon key="section">primary_outcome</infon><infon key="lang">en</infon><offset>-1</offset><text>Inadequacy of total gestational weight gain: anthropometric and total gestational weight gain evaluation was made based on the measures: pre-pregnancy weight informed and measured up to the 13th week of gestation, height and pre-birth weight or the last query pre natal before delivery. It was calculated and evaluated the body mass index before pregnancy, according to the cutoff points proposed by the Institute of Medicine (2009). The total gestational weight gain was estimated by subtracting the pre-pregnancy weight of the pre-birth weight or registered in the last prenatal visit that took place no later than 7 days before delivery.</text></passage><passage><infon key="section">primary_outcome</infon><infon key="lang">pt-br</infon><offset>-1</offset><text>Inadequação do ganho de peso gestacional total: a avaliação antropométrica e do ganho de peso gestacional total foi feita com base nas medidas: peso pré-gestacional informado ou medido até a 13ª semana gestacional, estatura e peso pré-parto ou da última consulta de pré-natal antes do parto. Calculou-se e avaliou-se o Índice de Massa Corporal pré-gestacional, conforme os pontos de corte propostos pelo Institute of Medicine (2009). Estimou-se o ganho de peso gestacional total por meio de subtração do peso pré-gestacional do peso pré-parto ou do registrado na última consulta pré-natal que ocorreu até no máximo 7 dias antes do parto. </text></passage><passage><infon key="section">secondary_outcome</infon><infon key="lang">en</infon><offset>-1</offset><text>The pregnancy complications considered were: hypertensive disorders of pregnancy, gestational diabetes, gestational anemia and urinary tract infection, identified as medical records and exams available in the medical records or cards of pregnant women.</text></passage><passage><infon key="section">secondary_outcome</infon><infon key="lang">pt-br</infon><offset>-1</offset><text>As intercorrências gestacionais consideradas foram: síndromes hipertensivas da gestação, diabetes gestacional, anemia gestacional e infecção do trato urinário, identificadas conforme os registros médicos e exames disponíveis nos prontuários ou cartões das gestantes.</text></passage><passage><infon key="section">public_title</infon><infon key="lang">pt-br</infon><offset>-1</offset><text>Proposta de assistência nutricional pré-natal na atenção básica na área de Manguinhos.</text></passage><passage><infon key="section">scientific_title</infon><infon key="lang">pt-br</infon><offset>-1</offset><text>Proposta de assistência nutricional pré-natal na atenção básica na área de Manguinhos.</text></passage><passage><infon key="section">freetext</infon><infon key="lang">pt-br</infon><offset>-1</offset><text>Grupo intervenção: 122 gestantes seguiram um protocolo de cuidado nutricional por meio de 3 consultas coletivas ao longo do pré-natal, uma a cada trimestre, com duração de 1 hora e 15 minutos, onde foram desenvolvidas atividades educativas relacionadas à saúde e alimentação. Grupo controle: 162 gestantes não seguiram o protocolo de cuidado nutricional ao longo do pré-natal. Foram estudados os desfechos intercorrências gestacionais e inadequação do ganho de peso gestacional total em ambos os grupos. Testou-se a associação entre os possíveis determinantes das intercorrências gestacionais e inadequação do ganho de peso em gestantes, por meio da análise bivariada, estimando-se as odds ratio (OR) brutas com os intervalos de confiança (IC) de 95%, por meio da regressão logística simples.  </text></passage><passage><infon key="section">inclusion_criteria</infon><infon key="lang">pt-br</infon><offset>-1</offset><text>Gestantes com gestação de feto único, sem doenças crônicas com início prévio à gestação e que foram acompanhadas pelo pré-natal da clínica de estudo.</text></passage><passage><infon key="section">exclusion_criteria</infon><infon key="lang">pt-br</infon><offset>-1</offset><text>Gestantes moradoras de rua; que tiveram aborto ou filho natimorto na gestação atual; as que mudaram-se para outra região que não fosse coberta pela clínica da família do estudo e que não apresentassem dados relativos ao puerpério. </text></passage></document></collection>