<?xml version="1.0" encoding="UTF-8"?><!DOCTYPE collection SYSTEM "BioC.dtd"><collection><source></source><date></date><key></key><document><id>RBR-5byjd7</id><passage><infon key="section">public_title</infon><infon key="lang">en</infon><offset>-1</offset><text>Muscle exercises for weak elderly.</text></passage><passage><infon key="section">scientific_title</infon><infon key="lang">en</infon><offset>-1</offset><text>Resistance training in elderly women with sarcopenia
</text></passage><passage><infon key="section">freetext</infon><infon key="lang">en</infon><offset>-1</offset><text>sarcopenia, accidental falls.
</text></passage><passage><infon key="section">freetext</infon><infon key="lang">en</infon><offset>-1</offset><text>After the initial assessment where testing for body composition will be performed (BIA), SPPB, grip, Bartel index, TUG test, the elderly will be separated by drawing lots with envelopes, with each envelope has the numbers one or two so that they are allocated randomly in functional training using the HOPE protocol (see attachments), and control.
The experimental group using the HOPE protocol will be followed twice a week for 12 weeks, with an average duration of 60 minutes; three series and progression of the load will be carried out will be based on the TUG test as stated in the protocol proposed by Clegg et al (2011).</text></passage><passage><infon key="section">inclusion_criteria</infon><infon key="lang">en</infon><offset>-1</offset><text>Old people, aged oven than 70 years old;  living in the community; retired, who do not perform regular physical activity (use of the IPAQ short version; with availability to participate in all stages of research.</text></passage><passage><infon key="section">exclusion_criteria</infon><infon key="lang">en</infon><offset>-1</offset><text>presence of disabling orthopedic disease; current orthopedic disease in the past six months; decompensated blood pressure; sequel of neurological diseases, diabetic; obese (through corporal- mass index BMI); cognitive impairment moderate to severe evaluated by the mini- mental State Examination (MMSE); with moderate to severe depression evidence verified by the Geriatric depression Abbreviated Scale (GDS); in use of nutritional supplements to gain muscle mass or hormone replacement. Also the elderly who miss two consecutive days will be deleted.</text></passage><passage><infon key="section">primary_outcome</infon><infon key="lang">en</infon><offset>-1</offset><text>Expected outcome : to evaluate the muscle mass increase after functional training in sarcopenic elderly ; Evaluation method : bioimpedance quadrupole brand inbody 720 for body composition analysis with emphasis on the following parameters : muscle mass , fat-free mass ; Presentation of the method: the test will be performed before starting the intervention and at the end of the process (after 12 weeks). </text></passage><passage><infon key="section">primary_outcome</infon><infon key="lang">pt-br</infon><offset>-1</offset><text>Desfecho esperado: avaliar o incremento de massa muscular após treinamento funcional em idosos sarcopênicos; Método de avaliação: Bioimpedância tetrapolar da marca inBody 720, para análise de composição corporal com ênfase nos seguintes parâmetros: massa muscular, massa livre de gordura; Apresentação do método: o teste será realizado antes de iniciar a intervenção e ao final do processo (após 12 semanas).</text></passage><passage><infon key="section">secondary_outcome</infon><infon key="lang">en</infon><offset>-1</offset><text>Expected outcome : to evaluate the increase of muscle strength after functional training sarcopenic elderly ; Evaluation method : will be held the handgrip test following the protocol of the American Society of Hand Therapists ( SATM ) through a dynamometer JAMAR brand , in addition to the short physical battery performance ( SPPB ) to estimate force especially in the lower limbs ( see attachments) ; Presentation of the method: the test will be performed before starting the intervention process and the end (after 12 weeks).</text></passage><passage><infon key="section">secondary_outcome</infon><infon key="lang">pt-br</infon><offset>-1</offset><text>Desfecho esperado: avaliar o incremento de força muscular após treinamento funcional em idosos sarcopênicos; Método de avaliação: será realizado o teste de preensão palmar seguindo o protocolo da sociedade americana de terapeutas de mão (SATM) por meio de um dinamômetro da marca JAMAR, além do short physical performance battery (SPPB) para estimativa de força sobretudo em MMII (vide anexos) ; Apresentação do método: os teste serão realizado antes de iniciar a intervenção e ao final do processo (após 12 semanas).</text></passage><passage><infon key="section">secondary_outcome</infon><infon key="lang">en</infon><offset>-1</offset><text>Expected outcome : to evaluate the effect on muscle performance after functional training sarcopenic elderly especially for activities of daily living ( basic , instrumental and even advanced) ; Evaluation method : will be held the Barthel index for the assessment of activities of daily living (see attachments) , in addition to up and go team ( TUG ) where the elderly should get up from a chair walk three meters and return to the point incicial to assess mobility and balance, as well as risk of falls ; Presentation of the method: the test will be performed before starting the intervention process and the end (after 12 weeks).</text></passage><passage><infon key="section">secondary_outcome</infon><infon key="lang">pt-br</infon><offset>-1</offset><text>Desfecho esperado: avaliar o efeito no desempenho muscular após treinamento funcional em idosos sarcopênicos sobretudo para as atividades de vida diária (básicas, instrumentais e inclusive avançadas); Método de avaliação: será realizado o índice de Barthel para a avaliação de atividades de vida diária (vide anexos), além do time up and go (TUG) onde o idoso deve levantar-se de uma cadeira andar três metros e retornar para o ponto incicial, para avaliar mobilidade e equilíbrio, além de risco de quedas; Apresentação do método: os teste serão realizado antes de iniciar a intervenção e ao final do processo (após 12 semanas).</text></passage><passage><infon key="section">public_title</infon><infon key="lang">pt-br</infon><offset>-1</offset><text>Exercícios para idosos com fraqueza muscular.</text></passage><passage><infon key="section">scientific_title</infon><infon key="lang">pt-br</infon><offset>-1</offset><text>Treinamento resistido em idosas comunitárias com sarcopenia</text></passage><passage><infon key="section">freetext</infon><infon key="lang">pt-br</infon><offset>-1</offset><text>Após a avaliação inicial onde serão realizados os testes para composição corporal (BIA), SPPB, preensão palmar, índice de Bartel, TUG test, as idosas serão separadas por meio de sorteio com envelopes, onde cada envelope possui os números um ou dois para que estas sejam alocadas de forma randomizada em treinamento funcional utilizando o protocolo HOPE (vide anexos), e controle.
O grupo experimental utilizando o protocolo HOPE será acompanhado duas vezes por semana por 12 semanas, com duração média de 60 minutos; serão realizados três séries e a progressão da carga será feita com base no TUG  test conforme estabelece o protocolo proposto por Clegg et al (2011).</text></passage><passage><infon key="section">inclusion_criteria</infon><infon key="lang">pt-br</infon><offset>-1</offset><text>idosos; com faixa acima de 70 anos; residentes na comunidade; que não realizam atividade física regular (uso do questionário IPAQ versão curta); com disponibilidade de participar de todas as etapas da pesquisa.</text></passage><passage><infon key="section">exclusion_criteria</infon><infon key="lang">pt-br</infon><offset>-1</offset><text>presença de enfermidade ortopédica incapacitante; doença ortopédica vigente nos últimos seis meses; hipertensão arterial descompensada; sequela de doenças neurológicas; diabéticas; obesas (por meio do índice de massa corporal- IMC); déficit cognitivo de moderado a grave avaliados por meio do mini-exame do estado mental (MEEM);com indícios de depressão moderada a grave verificada por meio da Escala de Depressão Geriátrica Abreviada (EDG); em uso de suplementação nutricional para ganho de massa muscular ou reposição hormonal. Também serão excluídas as idosas que faltarem a dois dias consecutivos.</text></passage></document></collection>