<?xml version="1.0" encoding="UTF-8"?><!DOCTYPE collection SYSTEM "BioC.dtd"><collection><source></source><date></date><key></key><document><id>RBR-2pxsfg</id><passage><infon key="section">public_title</infon><infon key="lang">en</infon><offset>-1</offset><text>Hidroterapy for sensory losses treatment in diabetic woman´s foot</text></passage><passage><infon key="section">scientific_title</infon><infon key="lang">en</infon><offset>-1</offset><text>Whirlpool Therapy Effects on Sensory Losses in Diabetic Woman´s Foot
</text></passage><passage><infon key="section">freetext</infon><infon key="lang">en</infon><offset>-1</offset><text>peripheral diabetic neuropathy, type 2 diabetes mellitus</text></passage><passage><infon key="section">freetext</infon><infon key="lang">en</infon><offset>-1</offset><text>Experimental Group (N=11): 
Whirlpool therapy and exercise - Each volunteer will be positioned on the mobile equipment seat, in a neutral sitting posture.   Subject´s legs and feet will be immerse in water (below knee level; 35 degrees celsius) for 20 minutes.  Exercises in the Whirlpool - 10 series of (1) dorsiflexion and plantar flexion; (2) inversion and eversion; and (3) pronation and supination. They will rest 2 minutes among the series and they will complete the 20 minutes at rest. We will apply 14 sessions, twice a week.</text></passage><passage><infon key="section">inclusion_criteria</infon><infon key="lang">en</infon><offset>-1</offset><text>Medical diagnosis of type 2 diabetes mellitus; sedentary lifestyle; Aged between 40 and 70 years old; Diabetic Neuropathy</text></passage><passage><infon key="section">exclusion_criteria</infon><infon key="lang">en</infon><offset>-1</offset><text>lower extremity wounds; orthopedic or neurological disorders in lower extremities; treatments with sensory influences; male gender; Age below 40 years; Age over 70 years

</text></passage><passage><infon key="section">primary_outcome</infon><infon key="lang">en</infon><offset>-1</offset><text>We hope that the pressure sensation of diabetic women´s feet (assessed by 10-g monofilament) increases significantly  (p&lt;0,05) after 14 sessions with whirlpool theraphy.  </text></passage><passage><infon key="section">primary_outcome</infon><infon key="lang">pt-br</infon><offset>-1</offset><text>Espera-se que a sensibilidade pressórica dos pés das mulheres diabéticas (avaliada pelo teste do monofilamento de 10g) apresente melhora significativa (p&lt;0,05) após 14 sessões com o turbilhão terapêutico.</text></passage><passage><infon key="section">secondary_outcome</infon><infon key="lang">en</infon><offset>-1</offset><text>We hope that the nociceptive sensation, vibration, thermal sensation, light touch and motor sensation of diabetic women´s feet (assessed by Pinprick testing, 128-Hz tuning fork, test tube with cold  and hot water, light touch of cotton and Achilles Reflex) increases significantly  (p&lt;0,05) after 14 sessions with whirlpool theraphy.</text></passage><passage><infon key="section">secondary_outcome</infon><infon key="lang">pt-br</infon><offset>-1</offset><text>Espera-se que as sensibilidades  dolorosa, vibratória, térmica, tátil e motora dos pés das mulheres diabéticas (avaliadas pela agulha do martelo de Buck, diapasão de 128Hz, tubo de ensaio com água quente e fria, toque leve com algodão e reflexo miotático do tendão de Aquiles) apresente melhora significativa (p&lt;0,05) após 14 sessões com o turbilhão terapêutico.</text></passage><passage><infon key="section">secondary_outcome</infon><infon key="lang">en</infon><offset>-1</offset><text>We hope that the balance of diabetic women (assessed by Brazilian version of the Berg balance scale) increases significantly  (p&lt;0,05) after 14 sessions with whirlpool theraphy.</text></passage><passage><infon key="section">secondary_outcome</infon><infon key="lang">pt-br</infon><offset>-1</offset><text>Espera-se que equilíbrio das mulheres diabéticas (avaliada pela Escala de Equilíbrio de Berg – Versão Brasileira) apresente melhora significativa (p&lt;0,05) após 14 sessões com o turbilhão terapêutico.</text></passage><passage><infon key="section">public_title</infon><infon key="lang">pt-br</infon><offset>-1</offset><text>Utilização da Terapia Aquática para Melhorar a Sensibilidade dos Pés de Mulheres com Diabetes</text></passage><passage><infon key="section">scientific_title</infon><infon key="lang">pt-br</infon><offset>-1</offset><text>Efeitos do Turbilhão Terapêutico sobre a Sensibilidade dos Pés de Mulheres Diabéticas</text></passage><passage><infon key="section">freetext</infon><infon key="lang">pt-br</infon><offset>-1</offset><text>Grupo Tratado (N=11):
Turbilhão terapêutico e exercício - Cada voluntária será posicionada sentada no assento móvel do equipamento, com as pernas e pés submersos em água (abaixo do nível do joelho; 35 graus celsius) durante 20 minutos. Exercícios no Turbilhão - 10 séries de (1) dorsiflexão e flexão plantar; de (2) inversão e eversão plantar; e de (3) pronação e supinação. Com descanso de 2 minutos entre as séries e completando os 20 minutos em repouso.</text></passage><passage><infon key="section">inclusion_criteria</infon><infon key="lang">pt-br</infon><offset>-1</offset><text>Diagnóstico médico diabetes mellitus tipo 2; sedentarismo; idade entre 40 e 70 anos; Neuropatia Diabética </text></passage><passage><infon key="section">exclusion_criteria</infon><infon key="lang">pt-br</infon><offset>-1</offset><text>feridas abertas nos membros inferiores;patologia neurológica ou ortopédica nos membros inferiores; realização de tratamento que altere as respostas sensitivas; gênero masculino; idade abaixo de 40 anos; idade acima de 70 anos</text></passage></document></collection>