<?xml version="1.0" encoding="UTF-8"?><!DOCTYPE collection SYSTEM "BioC.dtd"><collection><source></source><date></date><key></key><document><id>RBR-4nwmk4</id><passage><infon key="section">public_title</infon><infon key="lang">en</infon><offset>-1</offset><text>Evaluation of atraumatic restorative treatment (ART) in the family health strategy of Teresina, Piauí</text></passage><passage><infon key="section">scientific_title</infon><infon key="lang">en</infon><offset>-1</offset><text>Evaluation of atraumatic restorative treatment (ART) in the family health strategy of Teresina, Piauí</text></passage><passage><infon key="section">freetext</infon><infon key="lang">en</infon><offset>-1</offset><text>Dental Caries</text></passage><passage><infon key="section">freetext</infon><infon key="lang">en</infon><offset>-1</offset><text>Control group - 180 primary teeth with high-viscosity glass-ionomer, an average of 7 minutes for each restoration. The treatment will be performed at the day care. After 6 months and 1 year these restorations will be reviewed.

Test group - 180 primary teeth with convencional glass-ionomer recommended for atraumatic restorative treatment, an average of 7 minutes for each restoration. The treatment will be performed at the day care. After 6 months and 1 year these restorations will be reviewed.</text></passage><passage><infon key="section">inclusion_criteria</infon><infon key="lang">en</infon><offset>-1</offset><text>good general health, present dentin caries lesion in vital primary teeth without pain symptoms or signs of pulp envelopment</text></passage><passage><infon key="section">exclusion_criteria</infon><infon key="lang">en</infon><offset>-1</offset><text>Deep cavities, presence of fistula, pulp envelopment or mobility of the selected tooth</text></passage><passage><infon key="section">primary_outcome</infon><infon key="lang">en</infon><offset>-1</offset><text>Survival of restorations Scores below 3 - Evaluation ART(Atraumatic Restorative Treatment) criteria  After 6 months and 1 year</text></passage><passage><infon key="section">primary_outcome</infon><infon key="lang">pt-br</infon><offset>-1</offset><text>Sobrevida das restaurações  Escores abaixo de 2 segundo critérios de avaliação de ART(Tratamento Restaurador Atraumático) Após 6 meses e 1 ano   </text></passage><passage><infon key="section">secondary_outcome</infon><infon key="lang">en</infon><offset>-1</offset><text>Lost of restorations Scores above 6 - Evaluation ART (Atraumatic Restorative Treatment) criteria  After 6 months and 1 year</text></passage><passage><infon key="section">secondary_outcome</infon><infon key="lang">pt-br</infon><offset>-1</offset><text>Perda das restaurações  Escores acima de 6 segundo critérios de avaliação de ART(Tratamento Restaurador Atraumático) Após 6 meses e 1 ano  </text></passage><passage><infon key="section">public_title</infon><infon key="lang">pt-br</infon><offset>-1</offset><text>Avaliação do tratamento restaurador atraumático (ART) na estratégia saúde da família de Teresina,Piauí</text></passage><passage><infon key="section">scientific_title</infon><infon key="lang">pt-br</infon><offset>-1</offset><text>Avaliação do tratamento restaurador atraumático (ART) na estratégia saúde da família de Teresina,Piauí</text></passage><passage><infon key="section">freetext</infon><infon key="lang">pt-br</infon><offset>-1</offset><text>Grupo controle - 350 dentes decíduos restaurados com cimento de ionômero de vidro de alta viscosidade, em média 7 minutos para a realização de cada restauração. O tratamento será realizado na própria creche. Após 6 meses e 1 anos estas restaurações serão reavalidas. 

Grupo teste - 350 dentes decíduos restaurados com cimento de ionômero de vidro convencional indicado para tratamento restaurador atraumático, em média 7 minutos para a realização de cada restauração. O tratamento será realizado na própria creche.Após 6 meses e 1 anos estas restaurações serão reavalidas.</text></passage><passage><infon key="section">inclusion_criteria</infon><infon key="lang">pt-br</infon><offset>-1</offset><text>Boa saúde geral, apresentar lesão de cárie em destina em dentes decíduos vitais sem sintomatologia dolorosa e sem sinais de envolvimento pulpar</text></passage><passage><infon key="section">exclusion_criteria</infon><infon key="lang">pt-br</infon><offset>-1</offset><text>Cavidades profundas, presença de fístula ou abcesso, envolvimento pulpar, mobilidade do dente selecionado </text></passage></document></collection>