<?xml version="1.0" encoding="UTF-8"?><!DOCTYPE collection SYSTEM "BioC.dtd"><collection><source></source><date></date><key></key><document><id>RBR-4pp8j6</id><passage><infon key="section">public_title</infon><infon key="lang">en</infon><offset>-1</offset><text>Effect of exercise and dietary control on muscle strength, cardiorespiratory fitness, blood variables and body composition in postmenopausal women</text></passage><passage><infon key="section">scientific_title</infon><infon key="lang">en</infon><offset>-1</offset><text>Effects of physical training and dietary control on muscle strength, cardiorespiratory fitness, blood biochemical variables and body composition in postmenopausal women</text></passage><passage><infon key="section">freetext</infon><infon key="lang">en</infon><offset>-1</offset><text>Obesity, dyslipidemia, osteoporosis</text></passage><passage><infon key="section">freetext</infon><infon key="lang">en</infon><offset>-1</offset><text>Training Group: 20 postmenopausal women were subjected to concurrent training (50 minutes of strength training followed by 30 minutes of walking / running) three times a week for 16 weeks. 
Group Training + Placebo: Nine postmenopausal women were subjected to concurrent training (50 minutes of strength training followed by 30 minutes of walking / jogging) three times a week, and received capsules containing 1.5 grams of potato starch during 16 weeks. </text></passage><passage><infon key="section">inclusion_criteria</infon><infon key="lang">en</infon><offset>-1</offset><text>Women; postmenopausal; age between 50 and 79 years at the date of valuation; no physical limitations or any health problems that prevent the implementation of evaluations; possess a medical certificate to perform the cardiorespiratory fitness test, participate in the concurrent training and eating 1.5 ounces per day of taurine;  perform all evaluations; sign the consent form and formal clarification for study participation.</text></passage><passage><infon key="section">exclusion_criteria</infon><infon key="lang">en</infon><offset>-1</offset><text>Hormone replacement therapy; hypertension;
hysterectomy; accumulate three consecutive absences or four non-consecutive absences during the month</text></passage><passage><infon key="section">primary_outcome</infon><infon key="lang">en</infon><offset>-1</offset><text>Reduction in the percentage of body fat and increase lean mass was measured by bone densitometry at baseline and end of study</text></passage><passage><infon key="section">primary_outcome</infon><infon key="lang">pt-br</infon><offset>-1</offset><text>Redução no percentual de gordura corporal e aumento da massa magra, aferidos por meio da densitometria óssea no início e final do estudo</text></passage><passage><infon key="section">secondary_outcome</infon><infon key="lang">en</infon><offset>-1</offset><text>Improvement of the lipid and glucose profile, which was assessed by collecting blood and using the colorimetric technique on dry chemistry</text></passage><passage><infon key="section">secondary_outcome</infon><infon key="lang">pt-br</infon><offset>-1</offset><text>Melhoria do perfil lipídico e glicídico, que foram avaliados por meio da coleta de sangue e utilizando a técnica colorimétrica em química seca</text></passage><passage><infon key="section">public_title</infon><infon key="lang">pt-br</infon><offset>-1</offset><text>Efeitos do exercício físico e controle alimentar sobre a força muscular, capacidade cardiorrespiratória, variáveis sanguíneas e composição corporal em mulheres após a menopausa</text></passage><passage><infon key="section">scientific_title</infon><infon key="lang">pt-br</infon><offset>-1</offset><text>Efeitos do treino físico e controle alimentar sobre a força muscular, capacidade cardiorrespiratória, variáveis bioquímicas de sangue e composição corporal em mulheres após a menopausa</text></passage><passage><infon key="section">freetext</infon><infon key="lang">pt-br</infon><offset>-1</offset><text>Grupo Treinamento: 20 mulheres pós menopausa foram submetidas ao treinamento concorrente (50 minutos de treino de força, seguido de 30 minutos de caminhada/corrida) três vezes por semana, durante 16 semanas.
Grupo Treinamento + Placebo: Nove mulheres pós menopausa foram submetidas ao treinamento concorrente (50 minutos de treino de força, seguido de 30 minutos de caminhada/corrida) três vezes por semana, e receberam cápsulas contendo 1,5 grama de amido de batata, durante 16 semanas.</text></passage><passage><infon key="section">inclusion_criteria</infon><infon key="lang">pt-br</infon><offset>-1</offset><text>Mulheres; pós menopausa; idade entre 50 e 79 anos na data da avaliação; não apresentar limitações físicas ou algum problema de saúde que impeça a realização das avaliações; possuir atestado médico para realizar o teste de aptidão cardiorrespiratória, participar do treino concorrente e ingerir 1,5 gramas por dia de taurina; realizar todas as avaliações; assinar o termo de consentimento e esclarecimento formal para a participação no estudo.</text></passage><passage><infon key="section">exclusion_criteria</infon><infon key="lang">pt-br</infon><offset>-1</offset><text>Terapia de reposição hormonal; hipertensão arterial; histerectomia; acumular três faltas consecutivas ou quatro faltas não consecutivas durante o mês.</text></passage></document></collection>