<?xml version="1.0" encoding="UTF-8"?><!DOCTYPE collection SYSTEM "BioC.dtd"><collection><source></source><date></date><key></key><document><id>RBR-39z9pb</id><passage><infon key="section">public_title</infon><infon key="lang">en</infon><offset>-1</offset><text>study to the evaluate non-inferiority Compared two local anesthetic for orthopedic procedures on the lower limbs</text></passage><passage><infon key="section">scientific_title</infon><infon key="lang">en</infon><offset>-1</offset><text>Phase III study to evaluate the noninferiority of levobupivacaine with excess 50% (levobupivacaine S75: R25) heavy compared to racemic bupivacaine (bupivacaine S50: R50) heavy in spinal anesthesia for lower limb orthopedic procedures</text></passage><passage><infon key="section">freetext</infon><infon key="lang">en</infon><offset>-1</offset><text>broken leg, foot and / or ankle injury in the ankle or foot.</text></passage><passage><infon key="section">freetext</infon><infon key="lang">en</infon><offset>-1</offset><text>Experimental group: 60 women or men who have an indication for surgery of the lower limbs receive the anesthetic drug levobupivacaine at a single dose of 3 mL, which will be administered via intrathecal (spinal). 
Control group: 60 women or men who have an indication for surgery of the lower limbs receive the anesthetic drug levobupivacaine at a single dose of 3 mL, which will be administered via intrathecal (spinal).</text></passage><passage><infon key="section">inclusion_criteria</infon><infon key="lang">en</infon><offset>-1</offset><text>Patients who agree to participate in the study and signed the consent form, both sexes, aged between 18 and 80 years inclusive, ASA I or ASA II with indication for spinal anesthesia for orthopedic surgery of the lower limbs</text></passage><passage><infon key="section">exclusion_criteria</infon><infon key="lang">en</infon><offset>-1</offset><text>Absolute or relative contraindications to spinal anesthesia ; intolerance or hypersensitivity to local anesthetics or components of the formula , spinal cord injuries , peripheral neuropathy or other neurological disorders that lead to disturbances of sensation and / or motor function , dementia , mental retardation and other important cognitive changes ; obesity with body mass index ? 35 or difficulty in executing the puncture ; anatomical difficulty column in the Investigator</text></passage><passage><infon key="section">primary_outcome</infon><infon key="lang">en</infon><offset>-1</offset><text>Latency time evaluation (waiting) for sensory block by the time interval spent between the withdrawal of the needle at the end of the local anesthetic injection and the absence of response to sensory impulse.</text></passage><passage><infon key="section">primary_outcome</infon><infon key="lang">pt-br</infon><offset>-1</offset><text>Avaliação do tempo de latência (espera) para bloqueio sensitivo verificado pelo intervalo de tempo decorrido entre a retirada da agulha ao final da injeção do anestésico local e a ausência de resposta à estímulos sensoriais.</text></passage><passage><infon key="section">secondary_outcome</infon><infon key="lang">en</infon><offset>-1</offset><text>Motor block degree evaluation by modified Bromage scale; Motor block duration measured by the time interval between the withdrawal of the needle after the puncture and the return to level 0 in the modified Bromage scale; Cardiovascular safety evidenced by the incidence and severity of changes Blood pressure and heart rate measurements automatically by the device; Anesthesia failure: classification will be evaluated in total failure or partial failure identified by the absence or presence of sensory and motor aspects); Presence of adverse events identified by means of unexpected effects.</text></passage><passage><infon key="section">secondary_outcome</infon><infon key="lang">pt-br</infon><offset>-1</offset><text>Avaliação do grau de bloqueio motor através da escala de Bromage modificada; Duração do bloqueio motor avaliado pelo intervalo de tempo entre a retirada da agulha após a punção e o retorno ao grau 0 na escala de Bromage modificada; Segurança cardiovascular evidenciada pela incidência e gravidade de alterações da pressão arterial e frequência cardíaca medidas automaticamente pelo equipamento; Falha de bloqueio: a classificação será avaliada em falha total ou falha parcial de bloqueio identificado através da ausência ou presença de aspectos sensitivos e motor); Presença de eventos adversos identificado através de efeitos colaterais. </text></passage><passage><infon key="section">public_title</infon><infon key="lang">pt-br</infon><offset>-1</offset><text>Estudo para avaliar a não inferioridade comparando dois anestésicos locais para procedimentos ortopédicos em membros inferiores</text></passage><passage><infon key="section">scientific_title</infon><infon key="lang">pt-br</infon><offset>-1</offset><text>Estudo de fase III para avaliar a não inferioridade da levobupivacaína com excesso de 50% (levobupivacaína S75:R25) pesada em relação a bupivacaína racêmica (bupivacaína S50:R50) pesada em raquianestesia para procedimentos ortopédicos em membros inferiores </text></passage><passage><infon key="section">freetext</infon><infon key="lang">pt-br</infon><offset>-1</offset><text>Grupo experimental: 60 mulheres ou homens que tenham indicação cirúrgica nos membros inferiores receberão o medicamento anestésico levobupivacaína, em dose única de 3mL, que será administrado via intratecal (espinha). 
Grupo controle: 60 mulheres ou homens que tenham indicação cirúrgica nos membros inferiores receberão o medicamento anestésico levobupivacaína, em dose única de 3mL, que será administrado via intratecal (espinha).</text></passage><passage><infon key="section">inclusion_criteria</infon><infon key="lang">pt-br</infon><offset>-1</offset><text>Pacientes que concordarem em participar do estudo e assinarem o TCLE; ambos os sexos; idade entre 18 e 80 anos, inclusive; ASA I ou ASA II com indicação de raquianestesia para cirurgia ortopédica de membros inferiores </text></passage><passage><infon key="section">exclusion_criteria</infon><infon key="lang">pt-br</infon><offset>-1</offset><text>Contraindicações absolutas ou relativas à raquianestesia; hipersensibilidade ou intolerância a anestésicos locais ou aos componentes da fórmula, lesões raquimedulares, neuropatias periféricas ou qualquer outras afecções neurológicas que levem a distúrbios de sensibilidade e/ou motricidade; demência, retardo mental e outras alterações cognitivas importantes; obesidade com Indice de Massa Corporea (IMC) ? 35 ou dificuldade para execução da punção; dificuldade anatômica na coluna na opinião do Investigador; intervenção cirúrgica prévia de coluna vertebral; politraumatismo; tatuagem no local da punção; etilismo; abuso de substâncias ilícitas; antecedentes de reações anafiláticas graves de Steven-Johnson; alterações nos exames de segurança (INR</text></passage></document></collection>