<?xml version="1.0" encoding="UTF-8"?><!DOCTYPE collection SYSTEM "BioC.dtd"><collection><source></source><date></date><key></key><document><id>RBR-48mvdx</id><passage><infon key="section">public_title</infon><infon key="lang">en</infon><offset>-1</offset><text>The effect of toothpaste with active oxygen  in reducing of dental plaque.</text></passage><passage><infon key="section">scientific_title</infon><infon key="lang">en</infon><offset>-1</offset><text> The effect of active oxygen on dental dentifrice in reducing supragingival biofilm:  randomized clinical trial </text></passage><passage><infon key="section">freetext</infon><infon key="lang">en</infon><offset>-1</offset><text>Gingivitis, Periodontal Disease</text></passage><passage><infon key="section">freetext</infon><infon key="lang">en</infon><offset>-1</offset><text>It will take 48 students of dentistry for the study aged between 18 and 35 years. These volunteers should be 7 to 10 days without brushing their teeth to develop gingivitis. After gingivitis established,participants are randomly divided into two groups A and B with 24 participants each. Participants in Group A (n = 24) will receive toothpastes containing hydrogen peroxide, sodium perborate, honey, xylitol and lactoferrin and toothbrush. Group B (n = 24) will receive dentifrice containing 0.3% triclosan, 2% copolymer and 0.243% (1.100 ppm) of sodium fluoride and toothbrush. Participants will bruch their teeth only with toothpaste and brush supplied by the study. Participants will come back to follow up the 1st 12 ° and 18 ° week to evaluate the gingival Index and plaque and check the commitment. O study ends after 18 weeks.</text></passage><passage><infon key="section">inclusion_criteria</infon><infon key="lang">en</infon><offset>-1</offset><text> Healthy volunteers; aged between 18 and 35 years; a minimum of 28 teeth; no dental cavities; no  periodontitis and  established gingivitis.</text></passage><passage><infon key="section">exclusion_criteria</infon><infon key="lang">en</infon><offset>-1</offset><text>antibiotic therapy three months before the study, using braces, motor difficulty, smoking and lack of commitment to the study</text></passage><passage><infon key="section">primary_outcome</infon><infon key="lang">en</infon><offset>-1</offset><text>Low plaque scores after using the toothpaste containing hydrogen peroxide, sodium perborate, honey, xylitol and lactoferrin, observed by plaque indice.</text></passage><passage><infon key="section">primary_outcome</infon><infon key="lang">pt-br</infon><offset>-1</offset><text>Baixos escores de placa após o uso do creme dental contendo peroxido de hidrogênio, perborato de sódio, mel, xilitol e lactoferrina, observado pelo  Índices de Placa.</text></passage><passage><infon key="section">secondary_outcome</infon><infon key="lang">en</infon><offset>-1</offset><text>Reduction of sites with gingival bleeding observed by scores of Gingival Index.</text></passage><passage><infon key="section">secondary_outcome</infon><infon key="lang">pt-br</infon><offset>-1</offset><text>Redução dos sítios com sangramento gengival observado pelos escores do Índice Gengival.</text></passage><passage><infon key="section">public_title</infon><infon key="lang">pt-br</infon><offset>-1</offset><text>O efeito do creme dental com oxigênio ativo na redução da placa dental</text></passage><passage><infon key="section">scientific_title</infon><infon key="lang">pt-br</infon><offset>-1</offset><text>Efeito do oxigênio ativo em dentifrício dental na redução do biofilme supragengival: Ensaio clínico randomizado, controlado</text></passage><passage><infon key="section">freetext</infon><infon key="lang">pt-br</infon><offset>-1</offset><text>Serão necessários 48 alunos de odontologia para a realização do estudo com idade entre 18 e 35 anos . Esses voluntários deverão ficar de 7 a 10 dias sem escovar os dentes para desenvolverem gengivite. Após a gengivite estabelecida os participantes serão aleatoriamente divididos em dois grupos: A e B com 24 participantes cada. Os participantes do Grupo A (n=24) receberão  dentifrícios contendo peroxido de hidrogênio, perborato de sódio, mel, xilitol e lactoferrina  mais escova dental e os do Grupo B (n=24) receberão dentifrício contendo 0.3% triclosan, 2% copolimero e 0.243% (1,100 ppm) de fluoreto de sódio mais escova dental. Os participantes escovarão os dentes apenas com o dentifrício e escova fornecidos pelo estudo. Os participantes voltarão para acompanhamento na  1° 12°  e 18°,   semana quando termina o estudo para avaliação do Indice gengival e de Placa e verificar o comprometimento. O estudo termina após 18 semanas.</text></passage><passage><infon key="section">inclusion_criteria</infon><infon key="lang">pt-br</infon><offset>-1</offset><text>Voluntários sadios; ambos os sexos; idade entre 18  e 35 anos; um mínimo de 28 dentes; ausência de cavidades de cárie; sem periodontite e com gengivite estabelecida.</text></passage><passage><infon key="section">exclusion_criteria</infon><infon key="lang">pt-br</infon><offset>-1</offset><text>terapia antibiótica 3 meses antes do estudo, utilizando aparelho ortodôntico,  dificuldade motora, fumantes e ausência de comprometimento com o estudo</text></passage></document></collection>