<?xml version="1.0" encoding="UTF-8"?><!DOCTYPE collection SYSTEM "BioC.dtd"><collection><source></source><date></date><key></key><document><id>RBR-5tt55v</id><passage><infon key="section">public_title</infon><infon key="lang">en</infon><offset>-1</offset><text>Flower Essences in relieving anxiety during labor.</text></passage><passage><infon key="section">scientific_title</infon><infon key="lang">en</infon><offset>-1</offset><text>Flower essences : effects on anxiety during  labor pain.
</text></passage><passage><infon key="section">freetext</infon><infon key="lang">en</infon><offset>-1</offset><text>Anxiety</text></passage><passage><infon key="section">freetext</infon><infon key="lang">en</infon><offset>-1</offset><text>Experimental group Group A- 82 pregnants.

Using Flower Essences from England.</text></passage><passage><infon key="section">inclusion_criteria</infon><infon key="lang">en</infon><offset>-1</offset><text>Do not have obstetric pathologies; Being in the active phase of labor, diagnosed on admission by the treatment team minimum 3 cm cervical dilatation and maximum of 8 cm; term gestational age between 37 and 42 completed weeks calculated by last menstrual period and  or the result of early ultrasound, that is held up to 20 weeks; Minimum age of 18 years; pregnancy with a single fetus alive.
</text></passage><passage><infon key="section">exclusion_criteria</infon><infon key="lang">en</infon><offset>-1</offset><text>Smokers who has smoked less than two hours after nicotine influence on catecholamine secretion; Bearers of mental disorders, documented in the medical record, which would influence his decision and autonomy; They reported having ingested caffeine in the last 10 hours, thus altering the secretion of catecholamines; Users of psychoactive drugs, which influence his decision and autonomy.</text></passage><passage><infon key="section">primary_outcome</infon><infon key="lang">en</infon><offset>-1</offset><text>Expected denouement: Reducing anxiety of pregnant women submitted to treatment with floral therapy. The evaluation of the intensity of anxiety be performed before treatment and thirty minutes after administration of the last dose therapy, is the experimental group or the control group using numeric scale ranging from 0 to 10, 0 being the absence of symptom and 10 the worst possible intensity, vital parameters, blood pressure, pulse, breathing and samples of biological material saliva for dosage of hormones cortisol, beta-endorphin, epinephrine and norepinephrine.  </text></passage><passage><infon key="section">primary_outcome</infon><infon key="lang">pt-br</infon><offset>-1</offset><text>Desfecho Esperado: Redução da ansiedade das gestantes submetidas ao tratamento com a terapia floral. A avaliação da intensidade da ansiedade será realizada antes da terapia  e trinta minutos após a administração da última dose da terapia, seja do grupo experimental ou do grupo controle utilizando-se escalas numéricas que variam de 0 a 10, sendo 0 a ausência do sintoma e 10 a pior intensidade possível, parâmetros vitais, pressão arterial, pulso, respiração e amostras de material biológico saliva para dosagem dos hormônios cortisol, beta-endorfina, epinefrina e noradrenalina. </text></passage><passage><infon key="section">secondary_outcome</infon><infon key="lang">en</infon><offset>-1</offset><text>Expected denouement: Pain reduction of pregnant women submitted to treatment with floral therapy. The evaluation of pain intensity will be performed prior to therapy and thirty minutes after administration of the last dose therapy, is the experimental group or the control group using numeric scale ranging from 0 to 10, 0 being the absence of symptom and 10 the worst possible intensity, vital parameters, blood pressure, pulse and breathing and samples of biological material saliva for dosage of hormones cortisol, beta-endorphin, epinephrine and norepinephrine  </text></passage><passage><infon key="section">secondary_outcome</infon><infon key="lang">pt-br</infon><offset>-1</offset><text>Desfecho Esperado: Redução da dor das gestantes submetidas ao tratamento com a terapia floral. A avaliação da intensidade da dor será realizada antes da terapia   e trinta minutos após a administração da última dose da terapia, seja do grupo experimental ou do grupo controle utilizando-se escalas numéricas que variam de 0 a 10, sendo 0 a ausência do sintoma e 10 a pior intensidade possível, Parâmetros Vitais, pressão arterial, pulso, respiração e amostras de material biológico saliva para dosagem dos hormônios cortisol, beta-endorfina, epinefrina e noradrenalina.</text></passage><passage><infon key="section">public_title</infon><infon key="lang">pt-br</infon><offset>-1</offset><text>Essências Florais no alivio da ansiedade durante o trabalho de Parto.</text></passage><passage><infon key="section">scientific_title</infon><infon key="lang">pt-br</infon><offset>-1</offset><text>Essências Florais:Efeitos na ansiedade durante trabalho de parto.</text></passage><passage><infon key="section">freetext</infon><infon key="lang">pt-br</infon><offset>-1</offset><text>Grupo experimental Grupo A - 82 gestantes.
   Utilização de Essências de Florais da Inglaterra.  </text></passage><passage><infon key="section">inclusion_criteria</infon><infon key="lang">pt-br</infon><offset>-1</offset><text>Não possuir qualquer patologia  obstétrica;
estar na fase ativa do trabalho de parto; diagnosticado na internação pela equipe assistencial; dilatação cervical mínima de 3 cm e máxima de 8 cm; Idade gestacional de termo entre 37 a 42 semanas completas; calculada pela data da última menstruação e ou pelo resultado da ultrassonografia precoce, isto é, realizada até 20 semana; Idade mínima de 18 anos completos; Gestação com feto único, vivo em apresentação cefálica fletida.</text></passage><passage><infon key="section">exclusion_criteria</infon><infon key="lang">pt-br</infon><offset>-1</offset><text>Tabagistas que tenham fumado a menos que duas horas, pois a nicotina influencia na secreção de catecolaminas; Portadoras de transtornos mentais, documentadas no prontuário, que influenciaria sua decisão e autonomia; Referiram ter ingerido cafeína nas últimas 10 horas, alterando assim a secreção de catecolaminas; Usuárias de drogas psicoativas, que influenciaria sua decisão e autonomia. 
</text></passage></document></collection>