<?xml version="1.0" encoding="UTF-8"?><!DOCTYPE collection SYSTEM "BioC.dtd"><collection><source></source><date></date><key></key><document><id>RBR-2f8xhc</id><passage><infon key="section">public_title</infon><infon key="lang">en</infon><offset>-1</offset><text>Evaluation of inflammation in patients undergoing to surgery under anesthesia with desflurane or desflurane associated with nitrous oxide </text></passage><passage><infon key="section">scientific_title</infon><infon key="lang">en</infon><offset>-1</offset><text>Comparison of inflammatory markers in surgical patients under anesthesia with desflurane or desflurane associated with nitrous oxide</text></passage><passage><infon key="section">freetext</infon><infon key="lang">en</infon><offset>-1</offset><text>Inflammation, Gene Expression, Hormones, protein and Enzymes</text></passage><passage><infon key="section">freetext</infon><infon key="lang">en</infon><offset>-1</offset><text>The study will be conducted in 20 patients undergoing minimally invasive surgery with anesthetic desflurane and 20 with desflurane anesthetic associated with nitrous oxide.
Patients will be randomized into one of two groups.</text></passage><passage><infon key="section">inclusion_criteria</infon><infon key="lang">en</infon><offset>-1</offset><text>Healthy individual;both sexes; aged between 18 and 50 years; who do not present other disease unless the operative condition; undergoing elective and ophthalmic surgery; lasting at least 90 minutes</text></passage><passage><infon key="section">exclusion_criteria</infon><infon key="lang">en</infon><offset>-1</offset><text>Smoking; using illicit drugs and alcohol; users of daily vitamin supplements and / or antipyretics; analgesics; antibiotics; anti-inflammatory; among others; the occupationally exposed to paints; fuel; pesticides and hospital environments; those who received radiation ionizing or MRI done in less than 30 days; those who have already undergone chemotherapy or radiotherapy; patients with diseases such as asthma, hypertension; diabetes; cancer; infectious or inflammatory processes; and those who are not referred for surgery of ENT and ophthalmology clinic.</text></passage><passage><infon key="section">primary_outcome</infon><infon key="lang">en</infon><offset>-1</offset><text>It is expected to find increased proinflammatory cytokines in both groups, especially the M1 and the hormonal changes and the protein. It is also expected that in both groups, there is an increase in gene expression.</text></passage><passage><infon key="section">primary_outcome</infon><infon key="lang">pt-br</infon><offset>-1</offset><text>Espera-se encontrar um aumento das citocinas pró-inflamatórias em ambos os grupos, e principalmente no M1, bem como as alterações hormonais e da proteína. Espera-se também que em ambos os grupo, haja um aumento da expressão gênica.</text></passage><passage><infon key="section">secondary_outcome</infon><infon key="lang">en</infon><offset>-1</offset><text>not expected to find secondary outcomes</text></passage><passage><infon key="section">secondary_outcome</infon><infon key="lang">pt-br</infon><offset>-1</offset><text>não são esperados desfechos secundários</text></passage><passage><infon key="section">public_title</infon><infon key="lang">pt-br</infon><offset>-1</offset><text>Avaliação da inflamação em pacientes submetidos à cirurgia sob anestesia com desflurano ou desflurano associado ao óxido nitroso</text></passage><passage><infon key="section">scientific_title</infon><infon key="lang">pt-br</infon><offset>-1</offset><text>Comparação de marcadores inflamatórios em pacientes cirúrgicos sob anestesia com desflurano ou desflurano associado ao óxido nitroso</text></passage><passage><infon key="section">freetext</infon><infon key="lang">pt-br</infon><offset>-1</offset><text>O estudo será realizado em 20 pacientes submetidos a cirurgia minimamente invasiva com o anestésico desflurano e 20 com o anestésico desflurano associado ao óxido nitroso. 
Os pacientes serão distribuídos aleatoriamente em um dos dois grupos.</text></passage><passage><infon key="section">inclusion_criteria</infon><infon key="lang">pt-br</infon><offset>-1</offset><text>Indivíduos saudáveis; de ambos os sexos; com idade entre 18 a 50 anos;que não apresentem outra doença a não ser a condição cirúrgica;submetidos à cirurgia eletiva oftalmológica e otorrinolaringológica; com duração mínima de 90 minutos</text></passage><passage><infon key="section">exclusion_criteria</infon><infon key="lang">pt-br</infon><offset>-1</offset><text>Serão excluídos os fumantes; usuários de drogas ilícitas e de bebidas alcoólicas; usuários de suplementos vitamínicos diários e/ou medicamentos antitérmicos; analgésicos; antibióticos; anti-inflamatórios; entre outros; os ocupacionalmente expostos a tintas; combustível; agrotóxicos e ambientes hospitalares; os que receberam radiação ionizante ou fizeram ressonância magnética em período inferior a 30 dias; os que já foram submetidos a quimioterapia ou radioterapia; os portadores de doenças como asma; hipertensão; diabetes; câncer; processos infecciosos ou inflamatórios; e aqueles que forem encaminhados para cirurgia que não da clínica otorrinolaringológica. </text></passage></document></collection>