<?xml version="1.0" encoding="UTF-8"?><!DOCTYPE collection SYSTEM "BioC.dtd"><collection><source></source><date></date><key></key><document><id>RBR-5dmpkr</id><passage><infon key="section">public_title</infon><infon key="lang">en</infon><offset>-1</offset><text>Effect of physical therapy in the diaphragm of the elderly on the function of the lungs</text></passage><passage><infon key="section">scientific_title</infon><infon key="lang">en</infon><offset>-1</offset><text>Study of the transcutaneous electrical diaphragmatic muscle stimulation.</text></passage><passage><infon key="section">freetext</infon><infon key="lang">en</infon><offset>-1</offset><text>Aging, Sarcopenia</text></passage><passage><infon key="section">freetext</infon><infon key="lang">en</infon><offset>-1</offset><text>Experimental Group (n = 14): Elderly men who received transcutaneous electrical diaphragmatic stimulation to the motor threshold intensity.

Parameters of stimulation:</text></passage><passage><infon key="section">inclusion_criteria</infon><infon key="lang">en</infon><offset>-1</offset><text>Male volunteers;
Aged between 67 and 79 years;</text></passage><passage><infon key="section">exclusion_criteria</infon><infon key="lang">en</infon><offset>-1</offset><text>Elderly Smokers;
History of pulmonary disease, neuromuscular disorders and postural muscles that affect the respiratory or cardiovascular diseases.</text></passage><passage><infon key="section">primary_outcome</infon><infon key="lang">en</infon><offset>-1</offset><text>Increased diaphragmatic muscle strength, assessed by the manometer. The manometer is an analog device with operating range of 0 to ± 300 cmH2O, to check the measurements of maximal inspiratory pressure (MIP) and maximal expiratory pressure (MEP). Expected to find measures considered technically satisfactory maximal inspiration, lasting at least 2 seconds without air leak and values close to each other (&gt; 10%), computing the largest absolute value obtained.</text></passage><passage><infon key="section">primary_outcome</infon><infon key="lang">pt-br</infon><offset>-1</offset><text>Aumento da força da musculatura diafragmática, avaliada por meio da manovacuometria. O manovacuômetro é um aparelho analógico com intervalo operacional de 0 a ± 300 cmH2O, para verificar as medidas de pressão inspiratória máxima (PImáx) e de pressão expiratória máxima (PEmáx). Espera-se encontrar medidas de inspiração máximas consideradas tecnicamente satisfatórias, isto é, com duração mínima de 2s, sem escape de ar e com valores próximos entre si (&gt;10%), computando-se o maior valor absoluto obtido.</text></passage><passage><infon key="section">secondary_outcome</infon><infon key="lang">en</infon><offset>-1</offset><text>Improvement in lung volume and capacity, as assessed by respirometry, where volunteers remain seated, holding the silicone mask involving the nasal and oral cavities, preventing the escape of air. Expected to find increased tidal volume, minute volume and vital capacity.</text></passage><passage><infon key="section">secondary_outcome</infon><infon key="lang">pt-br</infon><offset>-1</offset><text>Melhora dos volumes e capacidades pulmonares, avaliada por meio da ventilometria, onde os voluntários permanecem sentados, segurando a máscara de silicone envolvendo as cavidades nasal e oral, evitando o escape do ar. Espera-se encontrar aumento do volume corrente, volume minuto e capacidade vital.</text></passage><passage><infon key="section">public_title</infon><infon key="lang">pt-br</infon><offset>-1</offset><text>Efeito de um recurso fisioterapêutico no músculo diafragma de idosos sobre a função dos pulmões</text></passage><passage><infon key="section">scientific_title</infon><infon key="lang">pt-br</infon><offset>-1</offset><text>Estudo da eletroestimulação diafragmática transcutânea.</text></passage><passage><infon key="section">freetext</infon><infon key="lang">pt-br</infon><offset>-1</offset><text>Grupo Experimental (n=14): Homens idosos que receberam a estimulação diafragmática elétrica transcutânea com a intensidade no limiar motor.

Parâmetros de estimulação:</text></passage><passage><infon key="section">inclusion_criteria</infon><infon key="lang">pt-br</infon><offset>-1</offset><text>Gênero masculino;
Faixa etária entre 67 e 79 anos;</text></passage><passage><infon key="section">exclusion_criteria</infon><infon key="lang">pt-br</infon><offset>-1</offset><text>Idosos Fumantes;
História de doença pulmonar,doenças neuromusculares e alterações posturais que pudessem compreender a musculatura respiratória ou doenças cardiovascular.</text></passage></document></collection>