<?xml version="1.0" encoding="UTF-8"?><!DOCTYPE collection SYSTEM "BioC.dtd"><collection><source></source><date></date><key></key><document><id>RBR-4mxb77</id><passage><infon key="section">public_title</infon><infon key="lang">en</infon><offset>-1</offset><text>Effects of Body Awareness Therapy in heart rate variability of university students</text></passage><passage><infon key="section">scientific_title</infon><infon key="lang">en</infon><offset>-1</offset><text>Body Awareness Therapy in heart rate variability of university students</text></passage><passage><infon key="section">freetext</infon><infon key="lang">en</infon><offset>-1</offset><text>Anxiety, depression, stress, heart rate variability</text></passage><passage><infon key="section">freetext</infon><infon key="lang">en</infon><offset>-1</offset><text>Experimental group: 32 college students (men and women) from 18 to 25 years had their autonomic modulation monitored at three stages (before the intervention, during and after): supine position at rest (for 30 minutes), during body awareness therapy (for 40 minutes) and again at rest in supine position (for 30 minutes).
Control group (no treatment): 32 college students (men and women) from 18 to 25 years had their autonomic modulation monitored in three stages: supine position at rest (for 30 minutes), at rest in sitting position (for 40 minutes) and again at rest in supine position (for 30 minutes).</text></passage><passage><infon key="section">inclusion_criteria</infon><infon key="lang">en</infon><offset>-1</offset><text>Healthy volunteers; both genders; aged 18-25 years; higher education students</text></passage><passage><infon key="section">exclusion_criteria</infon><infon key="lang">en</infon><offset>-1</offset><text>Smokers; presence of renal; cardiovascular and / or respiratory disease; make use of drugs that influence the autonomic activity of the heart</text></passage><passage><infon key="section">primary_outcome</infon><infon key="lang">en</infon><offset>-1</offset><text>Increased rates of rMSSD and SDNN after intervention with body awareness therapy, verified by analyzing the heart rate variability, captured by Polar S810i, based on comparison of the values of the indexes in the pre and post-intervention moments, and before and after rest, for the control group.</text></passage><passage><infon key="section">primary_outcome</infon><infon key="lang">pt-br</infon><offset>-1</offset><text>Modulação autonômica cardíaca verificada por meio da análise da variabilidade da frequência cardíaca, captada por Polar S810i, com base na comparação dos valores dos índices nos momentos pré e pós intervenção e pré e pós repouso, para grupo controle.   </text></passage><passage><infon key="section">secondary_outcome</infon><infon key="lang">en</infon><offset>-1</offset><text>Evaluation levels of anxiety, depression and stress, verified by questionnaires analysis , with values greater than 9 to possible anxiety and / or depression in Hospital Anxiety and Depression Scale (HADS) and for symptoms of stress, will be considered score equal or above 7 in stage I, equal or above 4 in phase II, and equal or above 9 in stage III in Inventory of Symptoms of Stress - Lipp. </text></passage><passage><infon key="section">secondary_outcome</infon><infon key="lang">pt-br</infon><offset>-1</offset><text>Avaliação dos níveis de ansiedade, depressão e estresse, verificado por meio da análise de questionários, sendo os valores superiores a 9 para possível ansiedade e/ou depressão no Questionário de Ansiedade e Depressão (HADS) e, para sintomas de estresse, será considerada pontuação igual ou superior a 7 na fase I, igual ou superior a 4 na fase II e igual ou superior a 9 na fase III no Inventário de Sintomas de Estresse de Adultos - LIPP.</text></passage><passage><infon key="section">public_title</infon><infon key="lang">pt-br</infon><offset>-1</offset><text>Efeitos da Terapia de Consciência Corporal na variabilidade da frequência cardíaca de jovens universitários</text></passage><passage><infon key="section">scientific_title</infon><infon key="lang">pt-br</infon><offset>-1</offset><text>Terapia de Consciência Corporal na variabilidade cardíaca de jovens universitários</text></passage><passage><infon key="section">freetext</infon><infon key="lang">pt-br</infon><offset>-1</offset><text>Grupo experimental: 32 universitários (homens e mulheres) de 18 a 25 anos, tiveram sua modulação autonômica monitorada em três momentos (antes da intervenção, durante e depois): repouso em decúbito dorsal (durante 30 minutos), ao realizar a terapia de consciência corporal (durante 40 minutos) e novamente repouso em decúbito dorsal (durante 30 minutos).
Grupo controle (sem tratamento): 32 universitários (homens e mulheres) de 18 a 25 anos, tiveram sua modulação autonômica monitorada em três momentos: repouso em decúbito dorsal (durante 30 minutos), repouso sentado (durante 40 minutos) e novamente repouso em decúbito dorsal (durante 30 minutos).</text></passage><passage><infon key="section">inclusion_criteria</infon><infon key="lang">pt-br</infon><offset>-1</offset><text>Voluntários sadios; ambos os gêneros; idade entre 18-25 anos;  estudantes de ensino superior</text></passage><passage><infon key="section">exclusion_criteria</infon><infon key="lang">pt-br</infon><offset>-1</offset><text>Indivíduos tabagistas; presença de doença renal; cardiovascular e/ou respiratória; fazer uso de medicamentos que influenciem a atividade autonômica do coração

 </text></passage></document></collection>