<?xml version="1.0" encoding="UTF-8"?><!DOCTYPE collection SYSTEM "BioC.dtd"><collection><source></source><date></date><key></key><document><id>RBR-2t9t7q</id><passage><infon key="section">public_title</infon><infon key="lang">en</infon><offset>-1</offset><text>Analysis of the effectiveness of acupuncture as a therapeutic procedure in older people with tinnitus.</text></passage><passage><infon key="section">scientific_title</infon><infon key="lang">en</infon><offset>-1</offset><text>Analysis of the effectiveness of acupuncture as a therapeutic procedure in older people with tinnitus: randomized controlled trial.</text></passage><passage><infon key="section">freetext</infon><infon key="lang">en</infon><offset>-1</offset><text>Symptoms of tinnitus.</text></passage><passage><infon key="section">freetext</infon><infon key="lang">en</infon><offset>-1</offset><text>In this program there will be conducted two evaluations by a blinded evaluator: one before the start of the treatment program and one at the end of treatment, ie after 5 weeks . In both evaluation times the individuals will have to answer an anamnesi, the THI questionnaire and also determine a value for subjective tinnitus intensity by Visual Analog Scale (VAS).

The experimental group will be termed </text></passage><passage><infon key="section">inclusion_criteria</infon><infon key="lang">en</infon><offset>-1</offset><text>Elderly individuals with complain of tinnitus of sensorineural origin;
Age of 60 years or more.</text></passage><passage><infon key="section">exclusion_criteria</infon><infon key="lang">en</infon><offset>-1</offset><text>Present active cardiovascular disease;
Possessing cardiac pacemaker;</text></passage><passage><infon key="section">primary_outcome</infon><infon key="lang">en</infon><offset>-1</offset><text>Reduce the level of tinnitus measured by Questionnaire Tinnitus Handicap Inventory (THI)</text></passage><passage><infon key="section">primary_outcome</infon><infon key="lang">pt-br</infon><offset>-1</offset><text>Redução do nível de zumbido, mensurado através Questionário Tinnitus Handicap Inventory (THI)</text></passage><passage><infon key="section">secondary_outcome</infon><infon key="lang">en</infon><offset>-1</offset><text>Checking the subjective sensation of tinnitus improvement, assessed by visual analog scale instrument (EVA)</text></passage><passage><infon key="section">secondary_outcome</infon><infon key="lang">pt-br</infon><offset>-1</offset><text>Verificação da sensação subjetiva de melhora do zumbido, avaliada através do instrumento Escala Visual Análoga (EVA)</text></passage><passage><infon key="section">public_title</infon><infon key="lang">pt-br</infon><offset>-1</offset><text>Análise da efetividade da acupuntura como procedimento terapêutico em pessoas idosas com zumbido.</text></passage><passage><infon key="section">scientific_title</infon><infon key="lang">pt-br</infon><offset>-1</offset><text>Análise da efetividade da acupuntura como procedimento terapêutico em pessoas idosas com zumbido: ensaio clínico controlado aleatorizado.</text></passage><passage><infon key="section">freetext</infon><infon key="lang">pt-br</infon><offset>-1</offset><text>Neste programa serão realizadas duas avaliações por um avaliador cego: uma antes do início do programa de tratamento e outra ao final do tratamento, ou seja, após 5 semanas. Em ambos os momentos da avaliação, os indivíduos deverão responder uma ficha de anamnese, o questionário THI e determinar um valor subjetivo para intensidade do zumbido através da Escala Visual Análogo (EVA).

O grupo experimental será denominado “grupo acupuntura” (n=25). No grupo acupuntura, a técnica a ser utilizada será a craniopuntura chinesa com eletroacupuntura bilateral, na frequência de 10Hz, na linha vestíbulococlear que corresponde a um segmento de reta horizontal de 4 cm de comprimento, cujo o ponto médio está localizado à 1,5 cm acima do ápice da orelha. Além disso, serão associados os seguintes pontos de acupuntura: ID19, VB02, TA17, TA03 e VB 19. O programa de tratamento será realizado 2x por semana por um período de 5 semanas (totalizando 10 sessões de tratamento e cada sessão terá duração de aproximadamente 30 minutos). </text></passage><passage><infon key="section">inclusion_criteria</infon><infon key="lang">pt-br</infon><offset>-1</offset><text>Indivíduos idosos com queixa de zumbido de origem neurossensorial;
Idade de 60 anos ou mais.</text></passage><passage><infon key="section">exclusion_criteria</infon><infon key="lang">pt-br</infon><offset>-1</offset><text>Possuir doença cardiovascular ativa;
Possuir marcapasso cardíaco;</text></passage></document></collection>