<?xml version="1.0" encoding="UTF-8"?><!DOCTYPE collection SYSTEM "BioC.dtd"><collection><source></source><date></date><key></key><document><id>RBR-255fcq</id><passage><infon key="section">public_title</infon><infon key="lang">en</infon><offset>-1</offset><text>Pain assessment after treatment of channel two different preparation techniques of the root canal</text></passage><passage><infon key="section">scientific_title</infon><infon key="lang">en</infon><offset>-1</offset><text>Postoperative pain after the use of different kinematics in root canal preparation: a randomized clinical trial</text></passage><passage><infon key="section">freetext</infon><infon key="lang">en</infon><offset>-1</offset><text>Endodontics, canal preparation Root, Clinical Trial, postoperative pain, Diseases of pulp and periapical tissues, ther specified disorders of teeth and supporting structures,Complications of medical and surgical care.  </text></passage><passage><infon key="section">freetext</infon><infon key="lang">en</infon><offset>-1</offset><text> Sixty-two patients will be randomly allocated into two groups varying the technique of root canal preparation: 31 patients using instrumentation with Reciproc (R) and 31 patients using the instrumentation with Protaper Next (PN), control group. The two different root canal preparation techniques will be compared. The allocation will be made by a person who will not perform endodontic treatment. After the patient</text></passage><passage><infon key="section">inclusion_criteria</infon><infon key="lang">en</infon><offset>-1</offset><text>Patients aged 18 to 50 diagnosed with irreversible pulpitis and pulp necrosis in molars that do not show symptoms before starting treatment will be selected for the study.The root canals of the teeth to be treated should present curvature of up to 25 ° measured according with the Schneider method (Schneider, 1971).</text></passage><passage><infon key="section">exclusion_criteria</infon><infon key="lang">en</infon><offset>-1</offset><text>Ingestion of any type of medication before treatment; presence of internal or external resorption; periapical pathology; lockjaw; ankylosis; periodontal index score less than 3; systemic disease; Bad severe tooth position; history of trauma; pregnancy; Bad severe occlusion associated with traumatic occlusion; anterior teeth; lack of patient compliance; intolerance history of the anti-inflammatory drugs nonsteroidal; and the presence of teeth that require endodontic retreatment.</text></passage><passage><infon key="section">primary_outcome</infon><infon key="lang">en</infon><offset>-1</offset><text>Expected Primary endpoint is the presence of postoperative pain after endodontic treatment in two groups (A Reciproc Technique and B Protaper Next Technique), the pain presence is evaluated using a xxx scale for periods of x xh and x days the results will be presented by percentage and applied statistical test is xxxxx test.  The intensity of pain experienced by patients after endodontic treatment in the Reciproc group was similar to those in the ProTaper Next group (p &gt; 0.05). In both groups, the highest levels of postoperative pain were recorded 24 h after each procedure, but these levels decreased after 72 h and 7 days after endodontic therapy, although differences were not significant (p = 0.55).</text></passage><passage><infon key="section">primary_outcome</infon><infon key="lang">pt-br</infon><offset>-1</offset><text>O Desfecho primário esperado será a presença de dor pós-operatória após o tratamento endodôntico em dois grupos (A Técnica Reciproc e B Técnica Protaper Next), a presença da dor será avaliada por meio de uma escala xxxxx nos períodos de x xh e x dias, os resultados serão apresentados por meio de porcentagem e o teste estatístico aplicado será o xxxx.  A intensidade da dor experimentada por pacientes após o tratamento no grupo Reciproc foi semelhante aos do grupo ProTaper Next (p&gt; 0,05). Em ambos os grupos, os mais altos níveis de dor pós-operatória foram registrados 24 h após cada procedimento, mas estes níveis diminuem após 72 h e 7 dias após a terapia endodôntica, embora as diferenças não sejam significativas (p = 0,55).</text></passage><passage><infon key="section">secondary_outcome</infon><infon key="lang">en</infon><offset>-1</offset><text>Secondary outcomes are not expected</text></passage><passage><infon key="section">secondary_outcome</infon><infon key="lang">pt-br</infon><offset>-1</offset><text>Não são esperados desfechos secundários</text></passage><passage><infon key="section">public_title</infon><infon key="lang">pt-br</infon><offset>-1</offset><text>Avaliação da dor após o tratamento de canal de duas diferentes técnicas de preparo do canal radicular</text></passage><passage><infon key="section">scientific_title</infon><infon key="lang">pt-br</infon><offset>-1</offset><text>Dor pós-operatória após uso de diferentes cinemáticas no preparo do canal radicular: estudo clínico randomizado
</text></passage><passage><infon key="section">freetext</infon><infon key="lang">pt-br</infon><offset>-1</offset><text>Sessenta e dois pacientes serão alocados aleatoriamente em dois grupos variando a técnica de preparo do canal radicular: 31 pacientes usando instrumentação com Reciproc(R) e 31 pacientes  usando a técnica rotatória com Protaper Next (PN) que é o grupo controle. Serão comparadas as duas diferentes técnicas de preparo biomecânico do canal radicular. A alocação será feita por uma pessoa que não irá realizar o tratamento endodôntico. Após anamnese do paciente e avaliação da necessidade de tratamento endodôntico do dente, será sorteado a técnica de instrumentação ao paciente. Após determinar o comprimento real de trabalho (CRT), o operador irá usar a técnica de instrumentação atribuída à esse paciente.
Todos os dentes serão tratados em duas sessões de aproximadamente 2 horas pelo mesmo operador. Será aplicada anestesia local profunda utilizando lidocaína 2% com 1/ com 1 /80.000 de epinefrina Alphacaine 1:100 (Nova DFL, Taquara, Rio de Janeiro, Brasil) Em seguida, a cavidade de acesso será preparada, e o dente isolado usando dique de borracha. O esvaziamento dos canais será realizado com limas tipo K (Dentsply Maillefer, Ballaigues, Suíça), de número 15, na presença de solução de hipoclorito de sódio a 2,5% (Fórmula e Ação, São Paulo, SP, Brasil). O comprimento de trabalho inicial será determinado com um localizador foraminal acoplado ao motor VDW Gold Reciproc (VDW, München Alemanha) estabelecido à ou 1(um) milímetros do ápice radiográfico e confirmado por dois operadores cegos, tomando uma imagem radiográfica periapical. Posteriormente, o preparo do canal radicular será realizado com um dos seguintes sistemas de instrumentação de acordo com as instruções do fabricante. </text></passage><passage><infon key="section">inclusion_criteria</infon><infon key="lang">pt-br</infon><offset>-1</offset><text>Pacientes com idade entre 18 a 50 anos diagnosticados com pulpite irreversível e necrose pulpar em molares que não apresentarem sintomas antes do início do tratamento serão selecionados para o estudo.Os canais radiculares dos dentes a ser tratados deverão apresentar curvatura de até 25° medidas de acordo com o método de Schneider (Schneider, 1971). </text></passage><passage><infon key="section">exclusion_criteria</infon><infon key="lang">pt-br</infon><offset>-1</offset><text>Ingestão de qualquer tipo de medicação antes do tratamento; presença de reabsorção interna ou externa; patologia periapical; trismo; anquilose; pontuação periodontal index inferior a 3; doença sistêmica; mau posicionamento dentário grave; história de trauma; gravidez; má oclusão severa associada a uma oclusão traumática; dentes anteriores; falta de adesão do paciente; história de intolerância à medicamentos anti-inflamatórios não esteróides; e presença de dentes que exijam retratamento endodôntico.</text></passage></document></collection>