<?xml version="1.0" encoding="UTF-8"?><!DOCTYPE collection SYSTEM "BioC.dtd"><collection><source></source><date></date><key></key><document><id>RBR-58n26h</id><passage><infon key="section">public_title</infon><infon key="lang">en</infon><offset>-1</offset><text>Effect of Education on Learning and the Diabetes Control in Patients Alloy Hypertension UFG</text></passage><passage><infon key="section">scientific_title</infon><infon key="lang">en</infon><offset>-1</offset><text>Effect of Educational Intervention on the Knowledge and Control of Diabetes in Patients of the Hypertension League of UFG</text></passage><passage><infon key="section">freetext</infon><infon key="lang">en</infon><offset>-1</offset><text>Diabetes Mellitus type 2.</text></passage><passage><infon key="section">freetext</infon><infon key="lang">en</infon><offset>-1</offset><text>Were randomized two groups of hypertensive patients with diabetes: intervention grup(GI=28) and control grup (CG=34). The intervention consisted of group educational activities, developed with the GI, within six months. The IG was divided into two subgroups, a total of 12 biweekly sessions for each subgroup. As a teaching strategy was used to problem-Methodology of Paulo Freire (BRANDÃO, 1981; FREIRE, 1977), divided into two phases: A survey of the universe theme: Themes significant for GI have been raised by the dynamic discussion circles using a script with three debating issues. The content of the discussions were recorded, recorded, and the central issues highlighted (generating themes). 2 Educational activities: a plan was drawn up for each subject ensino para generators described in the previous phase, worked in educational meetings: anatomy and physiology of diabetes, self-care, glycemic control, diet plan, physical activity, medications, chronic complications of diabetes, obesity, evaluation of care and quality of life. Each teaching plan stemmed from the presentation of a situation of the reality of the participants, through resources that could motivate discussions as pictures, written statements by participants, posters, toy ride. Both gupos (GC and GI) stayed with the routine care in the service during the following six months of the study. The GC has not participated in any educational activities. Both groups were compared in terms of knowledge about the disease at the beginning and end of the study and also compared with the values of biochemical and clinical disease control, such as blood pressure, weight, body mass index, waist circumference, blood glucose and glycated hemoglobin in the start, and after three follow-up after six months.</text></passage><passage><infon key="section">inclusion_criteria</infon><infon key="lang">en</infon><offset>-1</offset><text>Being patient with non-insulin dependent diabetes. Not be participating in another research project. Having physical and economic conditions for the displacement. Agree to participate and signing the consent form.</text></passage><passage><infon key="section">exclusion_criteria</infon><infon key="lang">en</infon><offset>-1</offset><text>Being insulin dependent. Having obesity grade III. Miss the scheduled service. Does not agree to participate in research.</text></passage><passage><infon key="section">primary_outcome</infon><infon key="lang">en</infon><offset>-1</offset><text>To assess knowledge about diabetes, we used the questionnaire of knowledge about diabetes, the study validated instrument developed by Otero, 2005, and tested in four diabetic patients of the service, allowing adaptations that facilitated the understanding of questions, best record and data reliability. We evaluated the knowledge of the disease considering the eight parts of the questionnaire. </text></passage><passage><infon key="section">primary_outcome</infon><infon key="lang">pt-br</infon><offset>-1</offset><text>Para avaliar o conhecimento sobre o diabetes, foi utilizado o questionário de conhecimento em diabetes, instrumento validado em estudo desenvolvido por Otero, 2005,e testado em quatro pacientes diabéticos do serviço, o que possibilitou adequações que favoreceram a compreensão das perguntas, melhor registro e confiabilidade dos dados. Avaliou-se o conhecimento da doença considerando as oito partes do questionário.</text></passage><passage><infon key="section">secondary_outcome</infon><infon key="lang">en</infon><offset>-1</offset><text>The control parameters in both control and intervention groups: weight, body mass index (BMI), waist circumference (WC), blood pressure (BP), blood glucose and glycated hemoglobin at baseline, after three months of intervention and at the end of six months (end of study). As control parameters of the variables were used: BMI: &lt; 25Kg/m2. CC: Men &lt; 102cm and Women &lt; 88cm. BP &lt;130/80 mmHg. Glycemia &lt; 140mg/dl. Glycated hemoglobin: &lt; 6.5%.</text></passage><passage><infon key="section">secondary_outcome</infon><infon key="lang">pt-br</infon><offset>-1</offset><text>Os parâmetros de controle nos dois grupos controle e intervenção: Peso, indice de massa corporal(IMC),circunferência da cintura (CC), pressão arterial (PA), glicemia e hemoglobina glicada, no início do estudo,após três meses de intervenção e no final de seis meses(fim do estudo). Como parâmetros de controle das variáveis, foram utilizados: IMC: &lt; 25Kg/m2. CC: Homens &lt; 102cm e Mulheres &lt; 88cm. PA: &lt;130/80 mmHg. Glicemia: &lt; 140mg/dl. Hemoglobina glicada: &lt; 6,5%.</text></passage><passage><infon key="section">public_title</infon><infon key="lang">pt-br</infon><offset>-1</offset><text>Efeito da Educação Sobre o Aprendizado e o
Controle do Diabetes em Pacientes da Liga de Hipertensão Arterial da UFG</text></passage><passage><infon key="section">scientific_title</infon><infon key="lang">pt-br</infon><offset>-1</offset><text>Efeito da Ação Educativa Sobre o Conhecimento e Controle do Diabetes em Pacientes da Liga de Hipertensão Arterial da UFG</text></passage><passage><infon key="section">freetext</infon><infon key="lang">pt-br</infon><offset>-1</offset><text>Foram randomizados dois grupos de pacientes hipertensos diabéticos: Grupo Intervenção, com 38 voluntários (GI=28) e o Grupo Controle, com 38 voluntários também (GC=34). A intervenção consistiu em atividades educativas de grupo, desenvolvidas com o GI, no período de seis meses. O GI foi dividido em dois subgrupos, totalizando 12 sessões quinzenais para cada subgrupo. Como estratégia de ensino foi utilizado a metologia problematizadora de Paulo Freire (BRANDÃO, 1981; FREIRE, 1977), divididas em duas fases: 1 Levantamento do universo temático: Os temas significativos para o GI foram levantados através da dinâmica círculos de discussão, utilizando um  roteiro com três questões debatedoras. O conteúdo das discussões foi registrado por meio de gravação, sendo os assuntos centrais destacados (temas geradores). 2 Atividades educativas: elaborou-se um plano de ensino para cada um dos temas geradores descritos na fase anterior, trabalhados nos encontros educativos como: anatomia e fisiologia do diabetes, autocuidado, controle glicêmico, plano alimentar, atividade física, medicamentos,  complicações crônicas do diabetes, obesidade, avaliação do autocuidado e qualidade de vida. Cada plano de ensino partia da apresentação de uma situação problematizadora da realidade dos participantes, através de recursos que pudessem motivar as discussões como: figuras, frases escritas pelos participantes, cartazes, boneco, passeio. Ambos os grupos (GC e GI) permaneceram com a assistência de rotina no serviço, durante o seguimento de seis meses do estudo. O GC não participou de nenhuma  das atividades educativas. Ambos os grupos foram comparados quanto ao conhecimento sobre a doença, no início e fim do estudo e também comparados com relação aos valores bioquímicos e clínicos de controle da doença, tais como: pressão arterial, peso, índice de massa corporal, circunferência da cintura, glicemia capilar e hemoglobina glicada, no início, após três meses de seguimento e ao final de seis meses.</text></passage><passage><infon key="section">inclusion_criteria</infon><infon key="lang">pt-br</infon><offset>-1</offset><text>Ser portador de diabetes não insulinodependente. Não estar participando de outro projeto de pesquisa. Ter condições físicas e econômicas para o deslocamento. Concordar em participar da pesquisa e assinar o termo de consentimento livre e esclarecido.</text></passage><passage><infon key="section">exclusion_criteria</infon><infon key="lang">pt-br</infon><offset>-1</offset><text>Ser insulinodependente. Ter obesidade grau III. Faltar ao atendimento agendado. Não concordar em participar da pesquisa.</text></passage></document></collection>