<?xml version="1.0" encoding="UTF-8"?><!DOCTYPE collection SYSTEM "BioC.dtd"><collection><source></source><date></date><key></key><document><id>RBR-2qdv84</id><passage><infon key="section">public_title</infon><infon key="lang">en</infon><offset>-1</offset><text>Muscle Pain on the face,stress hormone and heart beat in patients with joint dysfunction of the mouth treated with laser</text></passage><passage><infon key="section">scientific_title</infon><infon key="lang">en</infon><offset>-1</offset><text>Evaluation myofascial chronic pain in pacients with Temporomandibular disorders and its relationship with serum cortisol and heart rate variability after  intervention physiotherapic by low level laser therapy</text></passage><passage><infon key="section">freetext</infon><infon key="lang">en</infon><offset>-1</offset><text>Temporomandibular disorders (TMD) 
myofascial chronic pain in TMD  </text></passage><passage><infon key="section">freetext</infon><infon key="lang">en</infon><offset>-1</offset><text>Each volunteer followed the sequence:
Clinical evaluation of volunteer with a clinical diagnosis of Temporomandibular Disorders;</text></passage><passage><infon key="section">inclusion_criteria</infon><infon key="lang">en</infon><offset>-1</offset><text>Female gender, non-smokers, normotensive, age group between 18 and 40 years, with diagnosis of temporomandibular disorder, presenting orofacial chronic pain (Gratt, Anbar 2005), which suggest that chronic pain is the pain that persists for more than four months, body mass index (BMI) normal and overweight (normality value of 18.5 to 27.5 Kg/m2) sent to physiotherapeutic treatment.
</text></passage><passage><infon key="section">exclusion_criteria</infon><infon key="lang">en</infon><offset>-1</offset><text>Volunteers with medical and/or dental emergencies, metabolic diseases (such as diabetes or hyperthyroidism), neurological disorders (e.g. , disquinesia and/or neuralgia of the trigeminus nerve etc. ), vascular disease (for example, hypertension), cancer, past history of psychiatric disorders, drug abuse, pregnant or breastfeeding women, history of recent accidents with powered vehicle, volunteers currently treated with medications for neurological disorders or psychological and making use of analgesics or nsaids, were also excluded.
</text></passage><passage><infon key="section">primary_outcome</infon><infon key="lang">en</infon><offset>-1</offset><text>The results :  The analgesic therapeutic with Laser increased the blood cortisol levels measured in the blood and within normal parameters; Reduced muscle tension of the face and head muscles verified by increase of the range of motion of the mandibular movements measured in millimeters with a pachymeter  and lower levels of pain on palpation by physical examination; LLLT applied for pain of the volunteers Reduced the increase in sympathetic nerve activity on the heart, spectrum of very low frequency (VLF) and spectra of low frequency (LF)measured by analysis of the eletrocardiogram. </text></passage><passage><infon key="section">primary_outcome</infon><infon key="lang">pt-br</infon><offset>-1</offset><text>Resultados:   A terapêutica antiálgica com laser aumentou os níveis de cortisol sangüíneo medido no sangue e dentro de parâmetros de normalidade;  Reduziu tensão muscular dos músculos da face e cabeça verificada pelo aumento da amplitude dos movimentos mandibulares medido em milimetros com paquímetro e menores níveis de dores a palpação pelo exame físico; Reduziu o incremento da atividade nervosa simpática sobre o coração, espectro de muito baixa freqüência (VLF) e espectros de baixa freqüência (LF) medido através análise do eletrocardiograma. </text></passage><passage><infon key="section">public_title</infon><infon key="lang">pt-br</infon><offset>-1</offset><text>Dor muscular na face, hormônio do estresse e batimento cardíaco em pacientes com  disfunção da articulação da boca tratados com laser
</text></passage><passage><infon key="section">scientific_title</infon><infon key="lang">pt-br</infon><offset>-1</offset><text>Avaliação da dor miofascial em portadores de disfunção temporomandibular e a relação com cortisol e variabilidade da freqüência cardíaca após intervenção fisioterapêutica por laser de baixa potência</text></passage><passage><infon key="section">freetext</infon><infon key="lang">pt-br</infon><offset>-1</offset><text>Cada voluntário seguiu a seguinte seqüência:
Avaliação clínica dos pacientes com diagnóstico clínico de Disfunção temporomandibular;</text></passage><passage><infon key="section">inclusion_criteria</infon><infon key="lang">pt-br</infon><offset>-1</offset><text>Gênero feminino, não fumantes, normotensas, faixa etária  entre 18 e quarenta anos anos, com diagnóstico de disfunção temporomandibular, apresentando dor orofacial crônica segundo Gratt e Anbar (2005), que sugerem que a dor crônica é a dor que persiste por mais de quatro meses, índice de massa corpórea (IMC) normal e sobrepeso (valor de normalidade de 18,5 a 27,5 Kg/m2) encaminhadas para tratamento fisioterapêutico.
</text></passage><passage><infon key="section">exclusion_criteria</infon><infon key="lang">pt-br</infon><offset>-1</offset><text>As voluntárias com emergências médicas e/ou odontológicas, doenças metabólicas (exemplo, diabete ou hipertireoidismo), desordens neurológicas (exemplo, disquinesia e/ou neuralgia do nervo trigêmio etc.), doença vascular (exemplo, hipertensão), neoplasias, bem como história pregressa de desordens psiquiátricas, abuso de drogas, gestantes ou lactantes, acidentes com veículo automotor, atualmente sendo tratados com medicamentos para desordens neurológicas ou psicológicas e fazendo uso de analgésicos ou antiinflamatórios, também foram excluídas.
</text></passage></document></collection>