<?xml version="1.0" encoding="UTF-8"?><!DOCTYPE collection SYSTEM "BioC.dtd"><collection><source></source><date></date><key></key><document><id>RBR-5kb5kz</id><passage><infon key="section">public_title</infon><infon key="lang">en</infon><offset>-1</offset><text>Laboratory and clinical evaluation of resin composite placed in one increment in posterior teeth restorations</text></passage><passage><infon key="section">scientific_title</infon><infon key="lang">en</infon><offset>-1</offset><text>Laboratory and clinical research of a technical insertion of a composite resin in posterior teeth</text></passage><passage><infon key="section">freetext</infon><infon key="lang">en</infon><offset>-1</offset><text>Dental caries, dentin sensitivity, dental restoration failure, dental restoration wear</text></passage><passage><infon key="section">freetext</infon><infon key="lang">en</infon><offset>-1</offset><text>Will be selected 72 participants who possess four or two cavities in the back teeth, due to carious lesion or unsatisfactory restorations / fractured requiring replacement, with a minimum depth of 3 mm. The cavities 236 are randomly divided into four experimental groups (n = 59), according to the adhesive system and technique used for inserting the composite. Each patient will receive four or two restorations. 
After local anesthesia will be performed with prophylactic pumice and rubber cup with water, followed by rinsing and drying, selection of color composite and absolute isolation with rubber dam and clamp. Then there will be the preparation of the cavity (restricted to caries removal or faulty restoration) with stainless steel bits (# 329, 330 and / or 245) or spherical diamond burs (# 1012, 1014). The dimensions of the wells will be registered in the records and photographed the extent of the cavity in mm with the aid of a millimeter probe. Then opens the randomization envelope so that the operator knows what the applied adhesive system and the technique for insertion of composite resin.</text></passage><passage><infon key="section">inclusion_criteria</infon><infon key="lang">en</infon><offset>-1</offset><text>Participants must be healthy; be at least sixteen posterior teeth in occlusion; minimum age of 18 years; have at least two caries or defective restorations in need of replacement in posterior teeth (cavities adjacent to the restoration, fractured restorative material or patient choice of aesthetics); the teeth to be restored should be in occlusion with the antagonist and respond positively to pulp vitality test performed with the application of cold (Roeko Endo-Frost, Coltène / Whaledent, Langenau, Germany, the cavities to be restored must have a minimum depth 3 mm (previously verified by bitewing radiography exam and millimeter probe)</text></passage><passage><infon key="section">exclusion_criteria</infon><infon key="lang">en</infon><offset>-1</offset><text>We excluded participants with poor oral hygien; with periodontal disease; endodontic treatment; with extensive prostheses (fixed or removable) or orthodontic treatment; with known allergy to resin-based materials or any other material used in this study; patients with chronic use of anti-inflammatories, analgesics and psychotropic drugs; pregnant or breastfeeding women. 
</text></passage><passage><infon key="section">primary_outcome</infon><infon key="lang">en</infon><offset>-1</offset><text>Expected outcome: The number of patients reporting pain spontaneous  for 7 days after the procedure, through self-report. This number will be transformed into percentage of patients with pain and is called absolute risk of tooth sensitivity.</text></passage><passage><infon key="section">primary_outcome</infon><infon key="lang">pt-br</infon><offset>-1</offset><text>Desfecho esperado: Número de pacientes que relatam dor espontânea durante 7 dias após o procedimento, através de auto-relato. Este número será transformado em percentual de pacientes com dor e será denominado de risco absoluto de sensibilidade dental.</text></passage><passage><infon key="section">secondary_outcome</infon><infon key="lang">en</infon><offset>-1</offset><text>Expected outcome: The intensity of tooth sensitivity will be assessed using the numeric 5-point scale (NRS 0-4) and the visual analogue scale (VAS 0-10 and 0-100) and will be presented as means and standard deviations.</text></passage><passage><infon key="section">secondary_outcome</infon><infon key="lang">pt-br</infon><offset>-1</offset><text>Desfecho esperado: A intensidade da sensibilidade dental será avaliada através da escala numérica de 5 pontos (NRS 0-4) e das escalas visuais analógicas VAS (0-10 e de 0-100) e será apresentada como média e desvio padrão.</text></passage><passage><infon key="section">secondary_outcome</infon><infon key="lang">en</infon><offset>-1</offset><text>Expected outcome: The secondary clinical endpoints were restoration fracture/loss of retention, marginal caries, marginal staining, marginal adaptation, surface texture and color match. We ranked these variables into the following scores: clinically very good; clinically good; clinically sufficient/satisfactory; clinically unsatisfactory but can be repaired and clinically poor which need replacement. For marginal adaptation and marginal staining, we employed the semi-quantitative SQUACE criterion, proposed by Hickel and others. The results of these evaluation criteria are obtained over time.  </text></passage><passage><infon key="section">secondary_outcome</infon><infon key="lang">pt-br</infon><offset>-1</offset><text>Desfecho esperado: as restaurações serão avaliadas clinicamente quanto a fratura da  restauração/perda de retenção, cáries marginais, descoloração marginal, adaptação marginal, textura da superfície e combinação de cores. Estas variáveis serão avaliadas de acordo com os seguintes escores: clinicamente muito bom; clinicamente bom; clinicamente suficiente/ satisfatória; clinicamente insatisfatória, mas pode ser reparado e clinicamente insatisfatória que precisam de substituição. Para adaptação marginal e descoloração marginal, foram empregados os critérios SQUASH semi-quantitativo, proposto por Hickel e colaboradores. Os resultados destes critérios de avaliação serão obtidos ao longo do tempo. </text></passage><passage><infon key="section">public_title</infon><infon key="lang">pt-br</infon><offset>-1</offset><text>Avaliação laboratorial e clínica de uma resina inserida em incremento único em restaurações de dentes posteriores</text></passage><passage><infon key="section">scientific_title</infon><infon key="lang">pt-br</infon><offset>-1</offset><text>Investigação laboratorial e clínica de uma técnica de inserção de uma resina composta em
dentes posteriores</text></passage><passage><infon key="section">freetext</infon><infon key="lang">pt-br</infon><offset>-1</offset><text>Serão selecionados 72 participantes que possuírem quatro ou duas cavidades nos dentes posteriores, devido a lesão cariosa ou restaurações insatisfatórias/fraturadas que necessitem de substituição, com profundidade mínima de 3 mm. As 236 cavidades serão randomicamente divididas em 4 grupos experimentais (n=59), de acordo com o sistema adesivo utilizado e técnica para inserção da resina composta. Cada paciente receberá quatro ou duas restaurações de resina composta (Classe I ou classe II de Black). </text></passage><passage><infon key="section">inclusion_criteria</infon><infon key="lang">pt-br</infon><offset>-1</offset><text>Os participantes deverão ser saudáveis; ter no mínimo dezesseis dentes posteriores em oclusão; idade mínima de 18 anos; ter no mínimo duas lesões de cárie ou restaurações defeituosas que necessitassem de substituição em dentes posteriores (cárie adjacente à restauração, material restaurador fraturado ou opção do paciente por estética); os dentes a serem restaurados deverão estar em oclusão com o antagonista e responderem positivamente ao teste de vitalidade pulpar realizado com a aplicação de frio (Roeko-Endo-Frost, Coltène/Whaledent, Langenau, Alemanha; as cavidades a serem restauradas deverão ter profundidade mínima de 3 mm (verificada previamente por meio de exame radiográfico interproximal e sonda milimetrada)</text></passage><passage><infon key="section">exclusion_criteria</infon><infon key="lang">pt-br</infon><offset>-1</offset><text>Serão excluídos os participantes com higiene oral deficiente; com doença periodontal; tratamento endodôntico; com próteses extensas (fixas ou removíveis) ou em tratamento ortodôntico; com alergia conhecida a materiais resinosos ou qualquer outro material utilizado neste estudo; pacientes que fazem uso crônico de anti-inflamatórios, analgésicos e psicotrópicos; mulheres grávidas ou lactantes</text></passage></document></collection>