<?xml version="1.0" encoding="UTF-8"?><!DOCTYPE collection SYSTEM "BioC.dtd"><collection><source></source><date></date><key></key><document><id>RBR-38wgx6</id><passage><infon key="section">public_title</infon><infon key="lang">en</infon><offset>-1</offset><text>Laser and LED on the healing of cardiac surgery incision</text></passage><passage><infon key="section">scientific_title</infon><infon key="lang">en</infon><offset>-1</offset><text>Photobiomodulation with the use of low-level laser and LED in the sternotomy and saphenous repair process of postoperative patients in coronary artery bypass grafting</text></passage><passage><infon key="section">freetext</infon><infon key="lang">en</infon><offset>-1</offset><text>Healing, dehiscence, pain, inflammation, infection</text></passage><passage><infon key="section">freetext</infon><infon key="lang">en</infon><offset>-1</offset><text>Participants were divided into four groups with equal number of participants, being 30 per group, and 120 in total, allocated as follows: Group 01 were subjected to phototherapy with  light emitted diode of 640nm wavelength and intensity of 6 J/cm2 at the immediate postoperative period, second, fourth and sixth day after surgery and 48 hours after hospital discharge; Group 02  received laser phototherapy application of 660nm wavelength and intensity of 6 J/cm2 in the immediate postoperative period, second, fourth and sixth day after surgery and 48 hours after hospital discharge; Group 3 received placebo, with phototherapy equipment switched off, attending the same protocol of group 01; and group 4 were accompanied only clinically.</text></passage><passage><infon key="section">inclusion_criteria</infon><infon key="lang">en</infon><offset>-1</offset><text>Were included individuals who perform elective coronary artery bypass grafting with saphenous vein graft, undergoing cardiopulmonary bypass, hemodynamically stable and who agree to participate in the study by signing the  Consent Term.</text></passage><passage><infon key="section">exclusion_criteria</infon><infon key="lang">en</infon><offset>-1</offset><text>Diabetic, morbidly obese with a body mass index (BMI) greater than 40 kg/m2, history of previous thoracic surgery, urgent and emergency surgery, respiratory failure, renal failure, low cardiac output syndrome, need for circulatory assistance using of intra-aortic balloon, subjects who developed complications that resulted in changes to the protocol of analgesia, those showing the period of preoperative hospitalization over 48 hours, presence of coagulopathy, malignancy, renal failure, respiratory tract infections, urinary and endocarditis, as well as those who refused to participate.</text></passage><passage><infon key="section">primary_outcome</infon><infon key="lang">en</infon><offset>-1</offset><text>Area of surgical incision: The incision will be recorded by digital photography and analyzed with the software ImageJ 1.43u in terms of the area, presence or absence of dehiscence and hyperemia.</text></passage><passage><infon key="section">primary_outcome</infon><infon key="lang">pt-br</infon><offset>-1</offset><text>Área da incisão cirúrgica: a incisão cirúrgica será registrada por meio de fotografia digital e analisada com o programa de computador ImageJ 1.43u em relação à área, presença ou não de deiscência e hiperemia.</text></passage><passage><infon key="section">primary_outcome</infon><infon key="lang">en</infon><offset>-1</offset><text>The pain were evaluated in terms of their intensity and their sensory, affective and evaluative descriptors, using Visual Analogue Scale (VAS) and McGill pain questionnaire translated and adapted into Portuguese.</text></passage><passage><infon key="section">primary_outcome</infon><infon key="lang">pt-br</infon><offset>-1</offset><text>A dor foi avaliada em relação à sua intensidade e seus descritores sensitivo, afetivo e avaliativo por meio de Escala Analógica Visual (EVA) e questionário McGill traduzido e adaptado para a língua portuguesa.</text></passage><passage><infon key="section">primary_outcome</infon><infon key="lang">en</infon><offset>-1</offset><text>The local temperature and hyperemia were recorded by an infrared thermometer with laser aim.</text></passage><passage><infon key="section">primary_outcome</infon><infon key="lang">pt-br</infon><offset>-1</offset><text>A temperatura local e hiperemia foi registrada por meio de Termômetro Infravermelho com mira à laser.</text></passage><passage><infon key="section">primary_outcome</infon><infon key="lang">en</infon><offset>-1</offset><text>The quality of life were assessed at the preoperatory period and one month after hospital discharge using the SF36 Questionnaire adapted and translated into Portuguese.</text></passage><passage><infon key="section">primary_outcome</infon><infon key="lang">pt-br</infon><offset>-1</offset><text>A qualidade de vida were avaliada no pré-operatório e um mês após a alta hospitalar por meio do Questionário SF36 adaptado e traduzido para o português.</text></passage><passage><infon key="section">secondary_outcome</infon><infon key="lang">en</infon><offset>-1</offset><text>In the case of dehiscence, culture with the local material collected were performed by a swab in order to identify the presence of infectious agents.</text></passage><passage><infon key="section">secondary_outcome</infon><infon key="lang">pt-br</infon><offset>-1</offset><text>Nos casos de deiscência, foram realizadas culturas de material local colhido por um "swab" com o objetivo de identificar a presença de agentes infecciosos.</text></passage><passage><infon key="section">public_title</infon><infon key="lang">pt-br</infon><offset>-1</offset><text>Laser e LED na cicatrização da incisão em cirurgia cardíaca</text></passage><passage><infon key="section">scientific_title</infon><infon key="lang">pt-br</infon><offset>-1</offset><text>O uso de fotobiomodulação com laser de baixa intensidade e LED no processo de reparo da esternotomia e safenectomia de pacientes em pós-operatório de revascularização do miocárdio</text></passage><passage><infon key="section">freetext</infon><infon key="lang">pt-br</infon><offset>-1</offset><text>Os participantes serão divididos em quatro grupos distintos com igual número de participantes, sendo 30 por grupo e 120 no total, alocados da seguinte forma: grupo 01 será submetido à phototerapia com diodo emissor de luz de  640nm de comprimento de onda e intensidade de 6 J/cm2 no pós-operatório imediato, segundo, quarto e sexto dias de pós-operatório e 48 horas após a alta hospitalar; o grupo 02 receberá aplicação de fototerapia com laser de  660nm de comprimento de onda e intensidade de 6 J/cm2 no pós-operatório imediato, segundo, quarto e sexto dias de pós-operatório e 48 horas após a alta hospitalar; o grupo 3 receberá placebo, com equipamento de fototerapia desligado, com o mesmo protocolo do grupo 01; e o grupo 4 será apenas acompanhado clinicamente.</text></passage><passage><infon key="section">inclusion_criteria</infon><infon key="lang">pt-br</infon><offset>-1</offset><text>Foram incluídos dos indivíduos que realizarem cirurgia eletiva de revascularização do miocárdio com enxerto de veia safena magna ou parva, submetidos à circulação extracorpórea, estáveis hemodinamicamente e que concordarem a participar do estudo assinando o Termo de Consentimento Livre e Esclarecido.</text></passage><passage><infon key="section">exclusion_criteria</infon><infon key="lang">pt-br</infon><offset>-1</offset><text>Indivíduos diabéticos, obesos mórbidos com índice de massa corpórea (IMC) maior que 40 Kg/m2, história prévia de cirurgia torácica, cirurgias de urgência e emergência, insuficiência respiratória, insuficiência renal, síndrome do baixo débito cardíaco, necessidade de assistência circulatória com uso de balão intra-aórtico, indivíduos que desenvolveram complicações que resultaram em alterações no protocolo clínico de analgesia, os que apresentarem período de internação pré-operatória superior a 48 horas, presença de coagulopatias, neoplasias, insuficiência renal, infecções do sistema respiratório, urinário e endocardite, bem como os que se recusaram participar do estudo. </text></passage></document></collection>