<?xml version="1.0" encoding="UTF-8"?><!DOCTYPE collection SYSTEM "BioC.dtd"><collection><source></source><date></date><key></key><document><id>RBR-39tqqq</id><passage><infon key="section">public_title</infon><infon key="lang">en</infon><offset>-1</offset><text>Immediate influence of podal elements of postural insoles over weight bearing, balance and posture</text></passage><passage><infon key="section">scientific_title</infon><infon key="lang">en</infon><offset>-1</offset><text>Analysis of immediate influence of podal elements of proprioceptive insolves on the human posture</text></passage><passage><infon key="section">freetext</infon><infon key="lang">en</infon><offset>-1</offset><text>Postural changes and weight bearing changes</text></passage><passage><infon key="section">freetext</infon><infon key="lang">en</infon><offset>-1</offset><text>Intervention: podal elements will be placed under the feet of the individuals in the study group. The podal elements are reliefs placed by the researcher at specific points under the feet to change the posture. The control group did not receive any intervention, they just wait five minutes to re-evaluation. Intervention and control group: 30 participants each. Only one intervention will be made.</text></passage><passage><infon key="section">inclusion_criteria</infon><infon key="lang">en</infon><offset>-1</offset><text>Adults between 20 and 40 years of age; able to remain in the standing position without support; without musculoskeletal pain complaints at the moment of evaluation; with assimetries of  shoulder ande pelvic girdle; able to understand  and agree with the informed consent.</text></passage><passage><infon key="section">exclusion_criteria</infon><infon key="lang">en</infon><offset>-1</offset><text>Individuals with neurological sequelae (resulting from stroke, head trauma and other neurological diseases); reporting symptoms of vertigo or dizziness; pregnant women; individuals who have performed surgery on the spine or feet; presence of diabetic or varicose ulcers on the feet; full or partial amputation of limbs; presence of some kind of visual impairment; individuals who are being treated with therapeutic insoles; difference in length of lower limbs greater than 5mm.</text></passage><passage><infon key="section">primary_outcome</infon><infon key="lang">en</infon><offset>-1</offset><text>Improving balance, checked by decreasing the oscillation center of gravity after the intervention in the study group. The measures to be used are the length, the area of the oscillaton of center of gravity and its displacement in the sagittal and frontal plane.There is no consensus in the literature as the standards values for normal subjects. We will analyze the variation before and after, and what is expected is that the variables decrease.</text></passage><passage><infon key="section">primary_outcome</infon><infon key="lang">pt-br</infon><offset>-1</offset><text>Melhora do equilíbrio, verificada pela diminuição da oscilação do centro de gravidade após a intervenção no grupo de estudo. As medidas a serem utilizadas são o comprimento (mm), a área da oscilação do centro da gravidade (mm²) e seu deslocamento no plano sagital e frontal (mm). Não existe consenso na literatura quanto aos valores padrões para indivíduos normais, o que será analisado é a variação antes e depois, e o que se espera é que as variáveis diminuam.</text></passage><passage><infon key="section">secondary_outcome</infon><infon key="lang">en</infon><offset>-1</offset><text>Secondary outcomes are not expected.</text></passage><passage><infon key="section">secondary_outcome</infon><infon key="lang">pt-br</infon><offset>-1</offset><text>Não são esperados desfechos secundários.</text></passage><passage><infon key="section">public_title</infon><infon key="lang">pt-br</infon><offset>-1</offset><text>Influência imediata das peças podais das palmilhas posturais sobre a descarga de peso, equilíbrio e postura</text></passage><passage><infon key="section">scientific_title</infon><infon key="lang">pt-br</infon><offset>-1</offset><text>Análise da influência imediata das peças podais das palmilhas proprioceptivas sobre a postura humana</text></passage><passage><infon key="section">freetext</infon><infon key="lang">pt-br</infon><offset>-1</offset><text>Intervenção: elementos podais serão colocadas sob os pés dos indivíduos do grupo de estudo. As peças podais são relevos colocados pelo pesquisador em pontos específicos debaixo dos pés para modificar a postura. O grupo controle não receberá nenhuma intervenção, apenas aguardará 5 minutos para se submeter a reavaliação. Grupo de intervenção e controle: 30 participantes cada. Apenas uma intervenção será feita. </text></passage><passage><infon key="section">inclusion_criteria</infon><infon key="lang">pt-br</infon><offset>-1</offset><text>Adultos entre 20 e 40 anos; capazes de permanecer em posição ortostática sem apoio; sem queixas álgicas musculoesqueléticas no momento da avaliação; com básculas e rotações de cintura escapular e pélvica; capazes de compreender o termo de consentimento livre e esclarecido e que aceitaram participar da pesquisa.</text></passage><passage><infon key="section">exclusion_criteria</infon><infon key="lang">pt-br</infon><offset>-1</offset><text>	Indivíduos com sequelas neurológicas (decorrentes de AVC; TCE ou outras doenças neurológicas); relato de sintomas de vertigem ou tontura; gestantes; indivíduos que tenham realizado cirurgias na coluna ou nos pés; presença de úlceras diabéticas ou varicosas nos pés; amputação total ou parcial de membros; presença de algum tipo de deficiência visual; indivíduos que estejam em tratamento com palmilhas terapêuticas; diferença de comprimento de membros inferiores maior que 5mm.</text></passage></document></collection>