<?xml version="1.0" encoding="UTF-8"?><!DOCTYPE collection SYSTEM "BioC.dtd"><collection><source></source><date></date><key></key><document><id>RBR-472p29</id><passage><infon key="section">public_title</infon><infon key="lang">en</infon><offset>-1</offset><text>Comparison of physical exercise in elderly</text></passage><passage><infon key="section">scientific_title</infon><infon key="lang">en</infon><offset>-1</offset><text>Comparison of physical exercise in elderly</text></passage><passage><infon key="section">freetext</infon><infon key="lang">en</infon><offset>-1</offset><text>Falls, postural balance, muscle strength, flexibility, quality of life</text></passage><passage><infon key="section">freetext</infon><infon key="lang">en</infon><offset>-1</offset><text>Experimental group: 15 elderly women who hold Pilates exercises. Control group: 15 elderly women who undertake static stretching exercises. Both interventions contain twenty-four sessions for twelve weeks, twice a week, for an hour, in which 20 Pilates exercises (experimental group) and 20 static stretching exercises (control group) will be applied</text></passage><passage><infon key="section">inclusion_criteria</infon><infon key="lang">en</infon><offset>-1</offset><text>Women</text></passage><passage><infon key="section">exclusion_criteria</infon><infon key="lang">en</infon><offset>-1</offset><text>Cognitive impairment according to the Mini Mental State Examination; functional limitations in walking; the use of support devices; affirmative response regarding comorbidities</text></passage><passage><infon key="section">primary_outcome</infon><infon key="lang">en</infon><offset>-1</offset><text>Increased muscle strength after three months of intervention, verified by test in the isokinetic equipment at baseline and end of study</text></passage><passage><infon key="section">primary_outcome</infon><infon key="lang">pt-br</infon><offset>-1</offset><text>Aumento da força muscular após o período de três meses de intervenção, verificado através de teste realizado no equipamento isocinético no início do estudo e no final do estudo </text></passage><passage><infon key="section">primary_outcome</infon><infon key="lang">en</infon><offset>-1</offset><text>The isokinetic muscle strength changed significantly after three months of intervention group that received the Pilates sessions. No changes were observed in isokinetic muscle strength in the group that did stretching sessions</text></passage><passage><infon key="section">primary_outcome</infon><infon key="lang">pt-br</infon><offset>-1</offset><text>A força muscular isocinética mudou significativamente após três meses de intervenção no grupo que recebeu sessões do método Pilates. Nenhuma alteração foi observada na força muscular isocinética, no grupo que realizou sessões de alongamento   </text></passage><passage><infon key="section">secondary_outcome</infon><infon key="lang">en</infon><offset>-1</offset><text>Increased postural balance, quality of life and flexibility after three months of intervention, verified by testing at baseline and end of study</text></passage><passage><infon key="section">secondary_outcome</infon><infon key="lang">pt-br</infon><offset>-1</offset><text>Aumento do equilíbrio postural, qualidade de vida e flexibilidade após o período de três meses de intervenção, verificado através de testes realizados no início do estudo e no final do estudo  </text></passage><passage><infon key="section">secondary_outcome</infon><infon key="lang">en</infon><offset>-1</offset><text>The postural balance, quality of life and flexibility have changed significantly after three months of intervention group that received the Pilates sessions. No change was observed in postural balance and quality of life in the group that did stretching sessions, this group improves flexibility was observed</text></passage><passage><infon key="section">secondary_outcome</infon><infon key="lang">pt-br</infon><offset>-1</offset><text>O equilíbrio postural, a qualidade de vida e a flexibilidade mudaram significativamente após três meses de intervenção no grupo que recebeu sessões do método Pilates. Nenhuma alteração foi observada no equilíbrio postural e qualidade de vida no grupo que realizou sessões de alongamento, nesse grupo foi observada melhora da flexibilidade  </text></passage><passage><infon key="section">public_title</infon><infon key="lang">pt-br</infon><offset>-1</offset><text>Comparação de exercícios físicos em idosas </text></passage><passage><infon key="section">scientific_title</infon><infon key="lang">pt-br</infon><offset>-1</offset><text>Comparação de exercícios físicos em idosas </text></passage><passage><infon key="section">freetext</infon><infon key="lang">pt-br</infon><offset>-1</offset><text>Grupo experimental: 15 idosas que realizarão exercícios de Pilates. Grupo controle: 15 idosas que realizarão exercícios de alongamento estático. Ambas as intervenções constarão de vinte e quatro sessões, durante doze semanas, duas vezes por semana, por uma hora, nas quais serão aplicados 20 exercícios do método Pilates (Grupo experimental) e 20 exercícios de alongamentos estáticos (Grupo controle)</text></passage><passage><infon key="section">inclusion_criteria</infon><infon key="lang">pt-br</infon><offset>-1</offset><text>Mulheres; entre 60 e 70 anos; declaração médica para prática de exercício físico; sedentária por no mínimo 6 meses
</text></passage><passage><infon key="section">exclusion_criteria</infon><infon key="lang">pt-br</infon><offset>-1</offset><text>Déficit cognitivo de acordo com o Mini Exame do Estado Mental; limitações funcionais para deambular; utilização de dispositivos de apoio; resposta afirmativa em relação à comorbidades
</text></passage></document></collection>