<?xml version="1.0" encoding="UTF-8"?><!DOCTYPE collection SYSTEM "BioC.dtd"><collection><source></source><date></date><key></key><document><id>RBR-5d877q</id><passage><infon key="section">public_title</infon><infon key="lang">en</infon><offset>-1</offset><text>Cardiac responses during rehabilitation in patients undergoing cardiac surgery</text></passage><passage><infon key="section">scientific_title</infon><infon key="lang">en</infon><offset>-1</offset><text>Study of cardiac autonomic modulation and pulmonary function in patients undergoing coronary artery bypass grafting and physiotherapy program: phase I of cardiac rehabilitation.</text></passage><passage><infon key="section">freetext</infon><infon key="lang">en</infon><offset>-1</offset><text>patients undergoing coronary artery bypass surgery, exercise autonomic responses</text></passage><passage><infon key="section">freetext</infon><infon key="lang">en</infon><offset>-1</offset><text>Postoperatively, the patients of LVF normal group (LVFN, n=23) and the patients of LVF reduced group (LVFR, n=21)followed the supervised once-daily physiotherapy program (in the afternoon) of early mobilization as described previously from first day after surgery (PO1) to hospital discharge (about 5 days). The program began with extremity range of moviment (ROM) exercises on PO1 and ambulation along hospital corridor from the third day post surgery (PO3), lasting 5 minutes progressing to 10 minutes for the subsequent days of hospitalization. Exercise intensity ranged between 2-4 METs and the heart rate (HR) during exercise did not exceed 20 bpm above HR rest.</text></passage><passage><infon key="section">inclusion_criteria</infon><infon key="lang">en</infon><offset>-1</offset><text>Coronary artery disease (CAD) 
Elective coronary artery bypass surgery (CABG) carried out with cardiopulmonary bypass (CPB). </text></passage><passage><infon key="section">exclusion_criteria</infon><infon key="lang">en</infon><offset>-1</offset><text>Patients who had undergone coronary artery bypass surgery (CABG) without cardiopulmonar bypass (CPB) or concomitant surgery;
History of myocardial infarction </text></passage><passage><infon key="section">primary_outcome</infon><infon key="lang">en</infon><offset>-1</offset><text>Reduced heart rate variability (HRV)indices during physical exercise  in hospital, but the magnitude of autonomic response different between the groups with normal and reduced ventricular function, assessed by the  nonlinear properties of heart rate variability (HRV), as the complexity (irregularity) of the dynamic process of heart rate were analyzed by indices such as: - correlation dimension (CD); Shannon entropy and  sample entropy; and - Poincare indices: SD1 and SD2 interpreted as a measure of both short and long-term HRV (overall HRV.</text></passage><passage><infon key="section">primary_outcome</infon><infon key="lang">pt-br</infon><offset>-1</offset><text>Redução dos índices da variabilidade da frequência cardíaca (VFC) durante a realização do exercício físico  na fase hospitalar, porém com magnitude de resposta autonômica diferente entre os grupos com função ventricular normal e reduzida, avaliados pelas propriedades não lineares da VFC utilizando medidas como a dimensão de correlação, entropia Shannon e da amostra e a análise gráfica (plot) de Poincaré (índices desvio padrão 1 (SD1) e desvio padrão 2 (SD2).</text></passage><passage><infon key="section">secondary_outcome</infon><infon key="lang">en</infon><offset>-1</offset><text>Reduced heart rate variability (HRV)indices during physical exercise  in hospital, but the magnitude of autonomic response different between the groups with normal and reduced ventricular function, assessed by the linear measures of HRV evaluated by calculating the following indices: - mean of RR and its standard deviation (STD RR), - integral of the RR histogram divided by the height of the histogram (RR tri) index and - baseline width of the RR histogram (TINN)and - square root of the mean squared differences of successive RR (rMSSD).   </text></passage><passage><infon key="section">secondary_outcome</infon><infon key="lang">pt-br</infon><offset>-1</offset><text>Redução dos índices da variabilidade da frequência cardíaca (VFC) durante a realização do exercício físico  na fase hospitalar, porém com magnitude de resposta autonômica diferente entre os grupos com função ventricular normal e reduzida, avaliados pelas medidas tradicionais lineares da análise da VFC no domínio do tempo, pelo cálculo dos seguintes parâmetros amplamente aceitos: média dos intervalos entre dois batimentos consecutivos (média R-R) e seu desvio padrão (STDRR), também chamado de SDNN em ms, raiz quadrada da média dos quadrados das diferenças entre os iR-R sucessivos (rMSSD)em ms, e as formas geométricas como o índice triangular (RR tri) e interpolação triangular dos iR-R (TiNN) em ms.</text></passage><passage><infon key="section">public_title</infon><infon key="lang">pt-br</infon><offset>-1</offset><text>Respostas cardíacas durante a reabilitação em pacientes submetidos a cirurgia cardíaca.</text></passage><passage><infon key="section">scientific_title</infon><infon key="lang">pt-br</infon><offset>-1</offset><text>Estudo da modulação autonômica cardíaca e da função pulmonar em pacientes submetidos a cirurgia de revascularização do miocárdio e programa de fisioterapia: fase I da reabilitação cardiovascular.</text></passage><passage><infon key="section">freetext</infon><infon key="lang">pt-br</infon><offset>-1</offset><text>No período pós-operatório, os pacientes do grupo fração ventricular esquerda (FVE) normal (grupo FVEN, n=23) e os pacientes do grupo FVE reduzida (grupo FVER, n=21, participaram de um mesmo programa supervisionado e diário (período da tarde) de mobilização precoce, e com estimativa do gasto
inicialmente fixada em 2 equivalentes metabólicos (METs) evoluindo para 4</text></passage><passage><infon key="section">inclusion_criteria</infon><infon key="lang">pt-br</infon><offset>-1</offset><text>Diagnóstico clínico de doença arterial coronariana (DAC);
Indicação eletiva de cirurgia de revascularização do miocárdio (CRM) realizada com circulação extracorpórea (CEC).</text></passage><passage><infon key="section">exclusion_criteria</infon><infon key="lang">pt-br</infon><offset>-1</offset><text>Pacientes que realizaram cirurgia de revascularização do miocário (CRM) sem uso de circulação extracorpóres (CEC) ou concomitante a outro procedimento;
História recente de infarto do miocárdio (6 meses), arritmias agudas significativas, doença pulmonar obstrutiva crônica (DPOC), neuropatia diabética, doenças graves não cardíacas;</text></passage></document></collection>