<?xml version="1.0" encoding="UTF-8"?><!DOCTYPE collection SYSTEM "BioC.dtd"><collection><source></source><date></date><key></key><document><id>RBR-4j428f</id><passage><infon key="section">public_title</infon><infon key="lang">en</infon><offset>-1</offset><text>Effects of training in the pool in balance in elderly individuals</text></passage><passage><infon key="section">scientific_title</infon><infon key="lang">en</infon><offset>-1</offset><text>Hydrotherapy in balance in elderly individuals</text></passage><passage><infon key="section">freetext</infon><infon key="lang">en</infon><offset>-1</offset><text>Pathological conditions, signs and symptoms, External causes of morbidity and mortality, Old Age Assistance,Postural Balance, Accidental Falls.  </text></passage><passage><infon key="section">freetext</infon><infon key="lang">en</infon><offset>-1</offset><text>Experimental group: 10 sedentary elderly, undergoing a protocol of 24 45-minute-sessions, twice a week, for a period of three months. The exercise protocol consisted of warm-up exercises; stretching; kinesiotherapy focused on static and dynamic balance; and relaxation. The exercises were done using tools such as trampoline, balance disc, step, ball, bats and floats (noodles) and the water depth level varied according to the activities.</text></passage><passage><infon key="section">inclusion_criteria</infon><infon key="lang">en</infon><offset>-1</offset><text>Elderly individuals (between 60 and 90 years) from both sexes,  sedentary, independents in the gait and daily activities.</text></passage><passage><infon key="section">exclusion_criteria</infon><infon key="lang">en</infon><offset>-1</offset><text>Show dysfunction in the neurological and cardiovascular systems, cognitive alterations, diagnosis of vertigo, hearing problems or urinary infection.</text></passage><passage><infon key="section">primary_outcome</infon><infon key="lang">en</infon><offset>-1</offset><text>Improves postural balance of older after 24 intervention sessions, evaluated through the platform Balance System (reduction of at least 0.2 in radians of global, medial-lateral and anterior-posterior angular oscillation of the individual’s center of gravity),the Berg Balance System (significant increase in the score obtained) and the Timed Up &amp; Go Test (significant reduction of time for the test). </text></passage><passage><infon key="section">primary_outcome</infon><infon key="lang">pt-br</infon><offset>-1</offset><text>Melhora do equilíbrio postural dos idosos após 24 sessões de intervenção, avaliado por meio da plataforma balance system (pela redução de ao menos 0,2 radianos nos deslocamentos global,  mediolaterial e anteroposterior do  centro de gravidade), da escala de equilíbrio de Berg (pelo aumento significativo no escore obtido) e do Timed Up and Go Test (pela redução significativa do tempo para realização do teste).</text></passage><passage><infon key="section">secondary_outcome</infon><infon key="lang">en</infon><offset>-1</offset><text>Improves dynamic postural balance of elderly individuals after 12 sessions, evaluated through the Berg Balance System (significant increase in the score obtained) and the Timed Up &amp; Go Test (significant reduction of time for the test).</text></passage><passage><infon key="section">secondary_outcome</infon><infon key="lang">pt-br</infon><offset>-1</offset><text>Melhora do equilíbrio postural dinâmico dos idosos em 12 sessões, avaliados por meio da escala de equilíbrio de Berg (pelo aumento significativo no escore obtido) e do Timed Up and Go Test pela redução significativa do tempo para realização do teste.</text></passage><passage><infon key="section">public_title</infon><infon key="lang">pt-br</infon><offset>-1</offset><text>Efeitos de um treinamento na piscina no equilíbrio de idosos</text></passage><passage><infon key="section">scientific_title</infon><infon key="lang">pt-br</infon><offset>-1</offset><text>Hidroterapia no equilíbrio de idosos</text></passage><passage><infon key="section">freetext</infon><infon key="lang">pt-br</infon><offset>-1</offset><text>Grupo experimental: 10 idosos sedentários, submetidos a um protocolo de 24 sessões de hidroterapia, realizadas duas vezes por semana, com duração de 45 minutos por um período de três meses. O protocolo consistia de exercícios de adaptação e aquecimento, alongamentos, cinesioterapia voltada para o equilíbrio estático e dinâmico e relaxamento. Os exercícios eram realizados com o auxílio de assessórios, tais como cama elástica, disco de equilíbrio, step, bola, bastões e flutuadores (espaguete) e o nível de profundidade da água variava de acordo com as atividades. </text></passage><passage><infon key="section">inclusion_criteria</infon><infon key="lang">pt-br</infon><offset>-1</offset><text>Idosos (idade entre 60 e 90 anos) de ambos os sexos, sedentários, independentes na marcha e nas atividades de vida diária.</text></passage><passage><infon key="section">exclusion_criteria</infon><infon key="lang">pt-br</infon><offset>-1</offset><text>Apresentar disfunções dos sistemas neurológico, cardiovascular, alterações cognitivas, diagnóstico de vertigem, problemas auditivos e infecção urinária.  </text></passage></document></collection>