<?xml version="1.0" encoding="UTF-8"?><!DOCTYPE collection SYSTEM "BioC.dtd"><collection><source></source><date></date><key></key><document><id>RBR-4xhrsy</id><passage><infon key="section">public_title</infon><infon key="lang">en</infon><offset>-1</offset><text>Effects of exercise program during hemodialysis treatment in patients with Chronic Kidney Disease</text></passage><passage><infon key="section">scientific_title</infon><infon key="lang">en</infon><offset>-1</offset><text>Aerobic exercise program during intradialytic treatment in patients with Chronic Kidney Disease

</text></passage><passage><infon key="section">freetext</infon><infon key="lang">en</infon><offset>-1</offset><text>Chronic kidney disease</text></passage><passage><infon key="section">freetext</infon><infon key="lang">en</infon><offset>-1</offset><text>Patients with chronic kidney disease in hemodialysis in the Nephrology Service of Hospital de Clínicas de Porto Alegre (HCPA) will be randomized into two groups: control and intervention. The intervention group will perform a intradialític aerobic training for 12 weeks with a cycle ergometer. The pedaling intensity will be defined by the modified Borg scale, using the patient</text></passage><passage><infon key="section">inclusion_criteria</infon><infon key="lang">en</infon><offset>-1</offset><text>Diagnosis of Chronic Kidney Disease more than six months.
Patients in hemodialysis for at least 3 months.</text></passage><passage><infon key="section">exclusion_criteria</infon><infon key="lang">en</infon><offset>-1</offset><text>Patients who not accepted to participate in all stages of the study.
Presence of acute myocardial infarction in the last 3 months.</text></passage><passage><infon key="section">primary_outcome</infon><infon key="lang">en</infon><offset>-1</offset><text>improvement in exercise tolerance after 12 weeks of aerobic training, assessed by peak VO2 obtained during the cardiopulmonary stress test.</text></passage><passage><infon key="section">primary_outcome</infon><infon key="lang">pt-br</infon><offset>-1</offset><text>melhora da tolerância ao exercício após 12 semanas de treinamento aeróbio, avaliada pelo VO2 de pico obtido no teste de esforço cardiopulmonar.</text></passage><passage><infon key="section">secondary_outcome</infon><infon key="lang">en</infon><offset>-1</offset><text>Increased physical activity after 12 weeks of aerobic training, assessed by pedometer. Increased submaximal exercise capacity after 12 weeks of aerobic training, assessed using the 6-minute walk test. Increased physical activity in daily activities after 12 weeks of aerobic training, assessed using the International Physical Activity Questionnaire (IPAQ). Increased quality of life after 12 weeks of aerobic training, assessed by questionnaire Kidney Disease Quality of Life Short Form (KDQOL-SFTM). Increased muscle strength of the lower limbs, after 12 weeks of aerobic training, assessed by maximum voluntary contraction test. Increased pulmonary function after 12 weeks of aerobic training, measured by spirometry. Increased respiratory muscle strength, after 12 weeks of aerobic training, assessed by manovacuometer Improved inflammatory status after 12 weeks of aerobic training, assessed by Interleukin-6 (IL-6), tumor necrosis factor alpha (TNF Alpha) and C-Reactive Protein (CRP). Increased muscle strength and muscle endurance after 12 weeks of aerobic training as measured by the sit-to-stand test.</text></passage><passage><infon key="section">secondary_outcome</infon><infon key="lang">pt-br</infon><offset>-1</offset><text>Aumento do nível de atividade física, após 12 semanas de treinamento aeróbio, avaliado pelo pedômetro. Aumento da capacidade submáxima de exercício, após 12 semanas de treinamento aeróbio, avaliada através do teste de caminhada de 6 minutos. Aumento da atividade física nas atividades de vida diária, após 12 semanas de treinamento aeróbio, avaliada através de Questionário Internacional de Atividade Física (IPAQ). Aumento da qualidade de vida, após 12 semanas de treinamento aeróbio, avaliada através de questionário Kidney Disease Quality of Life Short Form (KDQOL-SFTM). Aumento da força muscular de membros inferiores, após 12 semanas de treinamento aeróbio, avaliada através do teste de contração voluntária máxima. Aumento da função pulmonar, após 12 semanas de treinamento aeróbio, avaliada por espirometria. Aumento da força muscular respiratória, após 12 semanas de treinamento aeróbio, avaliada através de manovacuometria. Melhora do perfil inflamatório, após 12 semanas de treinamento aeróbio, avaliado através da Interleucina-6 (IL-6), Fator de Necrose Tumoral Alfa e Proteína C-Reativa (PCR). Aumento da força muscular e resistência muscular, após 12 semanas de treinamento aeróbio, avaliado através do teste de levanta-senta.</text></passage><passage><infon key="section">public_title</infon><infon key="lang">pt-br</infon><offset>-1</offset><text>Efeitos de um programa de exercício durante o tratamento de hemodiálise em pacientes com Doença Renal Crônica</text></passage><passage><infon key="section">scientific_title</infon><infon key="lang">pt-br</infon><offset>-1</offset><text>Programa de exercício aeróbio durante o tratamento intradialítico em pacientes com Doença Renal Crônica</text></passage><passage><infon key="section">freetext</infon><infon key="lang">pt-br</infon><offset>-1</offset><text>Os pacientes com doença renal crônica em hemodiálise no Serviço de Nefrologia do Hospital de Clínicas de Porto Alegre (HCPA) serão randomizados em dois grupos: controle e intervenção. O grupo intervenção realizará um treinamento aeróbio intradialítico por 12 semanas através de cicloergômetro. A intensidade de pedalada será definida através da escala de Borg modificada, utilizando a percepção do paciente, mantendo um nível que corresponda ao número 6 até a 4º semana. Entre a 5º e 8º semana a intensidade aumentará para 7 e, após a 9º semana, aumentará para 8 da escala de Borg modificada. 
O número amostral calculado para este estudo é de 34 pacientes, sendo 17 em cada grupo. O grupo controle realizará todas as avaliações antes e após o acompanhamento de 12 semanas, sem exercício. Os 34 pacientes realizarão as seguintes avaliações no início e ao final do estudo:</text></passage><passage><infon key="section">inclusion_criteria</infon><infon key="lang">pt-br</infon><offset>-1</offset><text>Diagnóstico de Doença Renal Crônica há mais de 6 meses.
Pacientes que realizam hemodiálise há pelo menos 3 meses. </text></passage><passage><infon key="section">exclusion_criteria</infon><infon key="lang">pt-br</infon><offset>-1</offset><text>Pacientes que não aceitarem participar de todas as etapas do estudo.
Presença de infarto agudo do miocárdio nos últimos 3 meses.</text></passage></document></collection>