<?xml version="1.0" encoding="UTF-8"?><!DOCTYPE collection SYSTEM "BioC.dtd"><collection><source></source><date></date><key></key><document><id>RBR-2rsxnc</id><passage><infon key="section">public_title</infon><infon key="lang">en</infon><offset>-1</offset><text>Measures of indicators of attention and action expectancy during task acomplishment</text></passage><passage><infon key="section">scientific_title</infon><infon key="lang">en</infon><offset>-1</offset><text>Attentional indicators between body action expectancy and selconsciousness in the performance in induced tasks</text></passage><passage><infon key="section">freetext</infon><infon key="lang">en</infon><offset>-1</offset><text>Experimental psychology study abaout implicit processes and action expectancy</text></passage><passage><infon key="section">freetext</infon><infon key="lang">en</infon><offset>-1</offset><text>30 college students will participate in the study.

There will be used five instruments in the experiment, in the following sequence: 1) Selective Visual Attention Scale (Sisto </text></passage><passage><infon key="section">inclusion_criteria</infon><infon key="lang">en</infon><offset>-1</offset><text>Right handed; both genders; normal or corrected to normal vision; and should not drink coffee or alcohool for up to 4 hours before the experiment</text></passage><passage><infon key="section">exclusion_criteria</infon><infon key="lang">en</infon><offset>-1</offset><text>Have self report of psychiatric disorders</text></passage><passage><infon key="section">primary_outcome</infon><infon key="lang">en</infon><offset>-1</offset><text>The answers regarding the performance os motor consciousness and the answers regarding action expectation will correlate in standard sequences of the experimental variations, as per the mean results of the experiment and the questionaires.</text></passage><passage><infon key="section">primary_outcome</infon><infon key="lang">pt-br</infon><offset>-1</offset><text>As respostas de consciência do desempenho motor e as respostas de expectativa da ação se correlacionem em sequências padronizadas de variação experimental, verificados pela média dos resultados do experimento e dos questionários</text></passage><passage><infon key="section">secondary_outcome</infon><infon key="lang">en</infon><offset>-1</offset><text>The stable connection between the two patterns of response to break the insertion of experimental random sequences; high levels of visual selective attention will be correlated with the greater accuracy of discrimination of experimental variations, measured by motor performance awareness on the task; the highest correct discrimination rates in the performance of the assignment will be associated with lower average private self-awareness, self-absorption private, public and social anxiety self-absorption; the highest correct discrimination rates in the performance of the assignment will be associated with higher average insight, self-reflection, and public self-consciousness; different patterns of sequences of eye movements and emotional will feature profiles of groups of subjects regarding deviations (direction and magnitudes) performance in achieving the task.</text></passage><passage><infon key="section">secondary_outcome</infon><infon key="lang">pt-br</infon><offset>-1</offset><text>A relação estável entre os dois padrões de resposta se quebre com a inserção de sequências aleatórias experimentais;  altos níveis de atenção seletiva visual estarão correlacionados com a maior acurácia de discriminação das variações experimentais, avaliadas pela consciência do desempenho motor na tarefa; as maiores taxas de discriminação correta na atribuição do desempenho estarão associadas a menores médias de autoconsciência privada, autoabsorção privada, autoabsorção pública e ansiedade social; as maiores taxas de discriminação correta na atribuição do desempenho estarão associadas a maiores médias de insight, autorreflexão, e autoconsciência pública; diferentes padrões de sequências de movimentos oculares e emocionais caracterizarão perfis dos grupos de sujeitos quanto aos desvios (direções e magnitudes) do desempenho na realização da tarefa.</text></passage><passage><infon key="section">public_title</infon><infon key="lang">pt-br</infon><offset>-1</offset><text>Medidas de indicadores de atenção e expectativa de ações corporais durante a realização de tarefas</text></passage><passage><infon key="section">scientific_title</infon><infon key="lang">pt-br</infon><offset>-1</offset><text>Indicadores atencionais entre expectativa da ação corporal e autoconsciência no desempenho de tarefas induzidas
</text></passage><passage><infon key="section">freetext</infon><infon key="lang">pt-br</infon><offset>-1</offset><text>Participarão do estudo 30 estudantes universitários em idade adulta

Serão utilizados cinco instrumentos no experimento, na seguinte sequência: 1) Escala de Atenção Seletiva Visual (Sisto </text></passage><passage><infon key="section">inclusion_criteria</infon><infon key="lang">pt-br</infon><offset>-1</offset><text>Ser destro(a);ambos os gêneros; com visão normal ou corrigida para normal; e não ter consumido álcool ou café por até 4 horas antes do experimento.</text></passage><passage><infon key="section">exclusion_criteria</infon><infon key="lang">pt-br</infon><offset>-1</offset><text>Ter auto-relato de transtornos psiquiátricos</text></passage></document></collection>