<?xml version="1.0" encoding="UTF-8"?><!DOCTYPE collection SYSTEM "BioC.dtd"><collection><source></source><date></date><key></key><document><id>RBR-4752n8</id><passage><infon key="section">public_title</infon><infon key="lang">en</infon><offset>-1</offset><text>Effectiveness of topical use of flouride and toothbrushing in the control of white spot carious lesions.</text></passage><passage><infon key="section">scientific_title</infon><infon key="lang">en</infon><offset>-1</offset><text>Effect evaluation </text></passage><passage><infon key="section">freetext</infon><infon key="lang">en</infon><offset>-1</offset><text> Tooth Demineralization;Dental Caries;Dental Enamel.</text></passage><passage><infon key="section">freetext</infon><infon key="lang">en</infon><offset>-1</offset><text>FIRST PERIOD
The present study was divided into seven periods. In the first of these, 32 patients who needed their four first premolars extracted were intentionally selected. These participants received a 90-gram tube of non-fluoride toothpaste, to be used for seven days prior to the cementation of the bands (Cariogenic site). </text></passage><passage><infon key="section">inclusion_criteria</infon><infon key="lang">en</infon><offset>-1</offset><text>Healthy volunteers; between 12 and 18 years old; who needed as part of the orthodontic treatment of extraction of the first two upper premolars and first two lower premolars; they were healthy and without damage to the labial surface; who were not participating in a preventive program involving the use of fluoride.</text></passage><passage><infon key="section">exclusion_criteria</infon><infon key="lang">en</infon><offset>-1</offset><text>Volunteers who were not wearing orthodontic braces; Volunteers using fluoridated products.
</text></passage><passage><infon key="section">primary_outcome</infon><infon key="lang">en</infon><offset>-1</offset><text>Enamel demineralization cariogenic challenge after 28 days , as determined by clinical examination using ICDAS II content and Laser Fluorescence DIAGNOdent® , at least 40 % of the teeth, measured at the beginning and end of the cariogenic challenge.   </text></passage><passage><infon key="section">primary_outcome</infon><infon key="lang">pt-br</infon><offset>-1</offset><text>Desmineralização do esmalte após o desafio cariogênico de 28 dias, determinado através do exame clínico utilizando índice ICDAS II e da Fluorescência a Laser DIAGNOdent®, em pelo menos 40% dos dentes, medidos nos início e no final do desafio cariogênico. </text></passage><passage><infon key="section">primary_outcome</infon><infon key="lang">en</infon><offset>-1</offset><text>At the end of 28 days , all specimens received cariogenic site showed enamel demineralization,  that is, developed white lesions of enamel, a significant difference ( p &lt; 0.001) between the values ??of clinical examination using ICDAS II index and Fluorescence Laser DIAGNOdent® , baseline and 28 days after the cariogenic challenge.</text></passage><passage><infon key="section">primary_outcome</infon><infon key="lang">pt-br</infon><offset>-1</offset><text>Ao final de 28 dias, todos os espécimes que receberam o sítio cariogênico apresentaram desmineralização do esmalte, ou seja, desenvolveram lesões brancas de esmalte, havendo diferença significativa (p&lt;0,0001) entre os valores, do exame clínico utilizando índice ICDAS II e da Fluorescência a Laser DIAGNOdent®, da linha base e 28 dias após o desafio cariogênico. </text></passage><passage><infon key="section">secondary_outcome</infon><infon key="lang">en</infon><offset>-1</offset><text>Comparison of the effectiveness of different materials in the clinical treatment of permanent teeth with white lesions enamel ( demineralization ) resulting from biofilm accumulation during orthodontic treatment . To evaluate the materials will be used: toothpaste without fluoride, toothpaste with fluoride ( Sodium Fluoride 1450 ppm fluoride ) and fluoridated mouthwash ( Sodium Fluoride ( NaF) to 0.05 %) in the period of 07 days . And for finding the expected outcomes , it is considered a variation of at least 5 % in the assessment , as measured in the beginning and end of the 07 days , through clinical examination using ICDAS II index and Laser Fluorescence DIAGNOdent® for what differences are considered statistically significant .</text></passage><passage><infon key="section">secondary_outcome</infon><infon key="lang">pt-br</infon><offset>-1</offset><text>Comparação da eficácia de diferentes materiais no tratamento clínico de dentes permanentes com lesões brancas de esmalte (desmineralização) decorrente do acúmulo de biofilme durante o tratamento ortodôntico. Para avaliação foram utilizados os materiais: Dentifrício sem flúor, dentifrício com flúor (Fluoreto de Sódio-1450 ppm de flúor) e enxaguatório bucal fluoretado (Fluoreto de Sódio (NaF) a 0,05%) no período de 07 dias. E, para constatação dos desfechos esperados, foi considerado uma variação de pelo menos 5% nas avaliações, medidos nos início e no final do dos 07 dias, através do exame clínico utilizando índice ICDAS II e da Fluorescência a Laser DIAGNOdent® para que as diferenças sejam consideradas estatisticamente significativas.</text></passage><passage><infon key="section">secondary_outcome</infon><infon key="lang">en</infon><offset>-1</offset><text>In our study, there was no siginificative drop-out (Only 6%).</text></passage><passage><infon key="section">secondary_outcome</infon><infon key="lang">pt-br</infon><offset>-1</offset><text>Em nosso estudo, não houve uma perda amostral significativa. Foi constatada perda 6% da amostra.</text></passage><passage><infon key="section">public_title</infon><infon key="lang">pt-br</infon><offset>-1</offset><text>Eficácia do uso tópico de flúor e da escovação no controle das lesões brancas de cárie.</text></passage><passage><infon key="section">scientific_title</infon><infon key="lang">pt-br</infon><offset>-1</offset><text>Avaliação do Efeito “In vivo</text></passage><passage><infon key="section">freetext</infon><infon key="lang">pt-br</infon><offset>-1</offset><text>PRIMEIRO PERÍODO
Este estudo foi divido em 07 períodos. No primeiro período os 32 pacientes que necessitavam de exodontias dos 04 primeiros premolares como parte do tratamento ortodôntico receberam uma bisnaga com 90 gramas de um dentifrício sem flúor para ser usado durante 07 dias antes da cimentação dos anéis (Sítio Cariogênico). </text></passage><passage><infon key="section">inclusion_criteria</infon><infon key="lang">pt-br</infon><offset>-1</offset><text>Voluntários saudáveis; entre 12 e 18 anos de idade; que necessitavam como parte do tratamento ortodôntico de exodontias de dois primeiros premolares superiores e dois primeiros premolares inferiores; que estivessem hígidos e sem danos na face vestibular; que não estivessem participando de algum programa preventivo que envolvesse o uso de flúor.</text></passage><passage><infon key="section">exclusion_criteria</infon><infon key="lang">pt-br</infon><offset>-1</offset><text>Voluntários que não estivessem usando aparelho ortodôntico; Voluntários fazendo uso de produtos contendo flúor.

</text></passage></document></collection>