<?xml version="1.0" encoding="UTF-8"?><!DOCTYPE collection SYSTEM "BioC.dtd"><collection><source></source><date></date><key></key><document><id>RBR-4rxr2c</id><passage><infon key="section">public_title</infon><infon key="lang">en</infon><offset>-1</offset><text>Gabapentin and dexclorfeniramine in the treatment of pruritus in hemodialysis patients</text></passage><passage><infon key="section">scientific_title</infon><infon key="lang">en</infon><offset>-1</offset><text>Gabapentin versus dexclorfeniramine in the treatment of uremic pruritus in hemodialysis patients: a randomized clinical trial, double-blind and controlled</text></passage><passage><infon key="section">freetext</infon><infon key="lang">en</infon><offset>-1</offset><text>Chronic Renal Insufficiency  , hemodialysis, uremic pruritus.</text></passage><passage><infon key="section">freetext</infon><infon key="lang">en</infon><offset>-1</offset><text>Participants (n=71) with persistent itching, will be provided the Cold cream (topical product- intervention) with use of 2 times a day,in the whole body, for 15 days. After this period, the participants still with persistent itching of any intensity (n=60) will be randomized to receive gabapentin at the dose of 300 mg three times per week (Group 1; n=30, intervention) or dexchlorpheniramine at a dose of 6mg (Group 2; n=30, active control group) two times per day,  by 21 days. Both groups will receive orientation to take 1 tablet every 12 hours and received 2 bottles identified as </text></passage><passage><infon key="section">inclusion_criteria</infon><infon key="lang">en</infon><offset>-1</offset><text>Sign the consent form; Age above 18 years, of both genders; chronic renal insufficiency stage 5 on hemodialysis for at least 3 months; persistent pruritus of any intensity that occurs at least three times per week with a duration of 30 days or more; no use of topical antipruritic medications and / or systemic at least one week before start of study
</text></passage><passage><infon key="section">exclusion_criteria</infon><infon key="lang">en</infon><offset>-1</offset><text>Chronic skin diseases (allergic, infectious and parasitic); Chronic liver disease; Internal malignant disease; Use of opioids, antihistamines or corticosteroids.
the participants Will be discontinued if: withdrawal of consent; using other treatments for pruritus not recommended in this protocol and serious adverse events</text></passage><passage><infon key="section">primary_outcome</infon><infon key="lang">en</infon><offset>-1</offset><text>• Decreased of  pruritus score, by VAS (Visual Analog Scale),  and improving the quality of life measured by DLQI (Dermatology Life Quality Index) after treatment with gabapentin and dexclorfeniramina;  The VAS and DLQI will be applied before treatment (T0), after treatment with emollient (after 15 days -T15) and after oral treatment with gabapentin or dexchlorpheniramine (after 36 days - T36)</text></passage><passage><infon key="section">primary_outcome</infon><infon key="lang">pt-br</infon><offset>-1</offset><text>Primário: •Diminuição do escore da EVA (Escala Visual Análoga) de prurido e melhoria da qualidade de vida avaliada pelo DLQI (Dermatology Life Quality Index) após tratamento com gabapentina e dexclorfeniramina;  A EVA e o DLQI serão aplicados antes do tratamento (T0), após o tratamento com emoliente (após 15 dias -T15) e após o tratamento oral, seja com gabapentina ou dexclorfeniramina (após 36 dias - T36) </text></passage><passage><infon key="section">secondary_outcome</infon><infon key="lang">en</infon><offset>-1</offset><text>1.Decreased of  pruritus score, by VAS (Visual Analog Scale),  and improving the quality of life measured by DLQI (Dermatology Life Quality Index) after treatment with emollient. 2.Assessment of adverse events  The VAS and DLQI will be applied before treatment (T0), after treatment with emollient (15 days - T15) and after oral treatment with gabapentin or dexchlorpheniramine (36 days -T36).</text></passage><passage><infon key="section">secondary_outcome</infon><infon key="lang">pt-br</infon><offset>-1</offset><text>1.Diminuição do escore da EVA de prurido e melhoria da qualidade de vida avaliada pelo DLQI (Dermatology Life Quality Index) após tratamento com terapia emoliente cold cream; 2.Avaliação dos eventos adversos.  A EVA e o DLQI serão aplicados antes do tratamento (T0), após o tratamento com emoliente (15 dias -T15) e após o tratamento oral, seja com gabapentina ou dexclorfeniramina (36 dias - T36). </text></passage><passage><infon key="section">public_title</infon><infon key="lang">pt-br</infon><offset>-1</offset><text>Gabapentina e dexclorfeniramina no tratamento do prurido de pacientes em hemodiálise</text></passage><passage><infon key="section">scientific_title</infon><infon key="lang">pt-br</infon><offset>-1</offset><text>Gabapentina versus dexclorfeniramina no tratamento do prurido urêmico de pacientes sob hemodiálise: um ensaio clínico randomizado, duplo-cego e controlado</text></passage><passage><infon key="section">freetext</infon><infon key="lang">pt-br</infon><offset>-1</offset><text>Os participantes (n=71) com prurido persisente receberão cold cream (produto tópico - intervenção) para uso 2 vezes ao dia, em todo o corpo, por 15 dias. Após esse período, os participantes que ainda tiverem prurido de qualquer intensidade (N=60), serão randomizados para receber gabapentina na dose de 300mg 3 vezes na semana (grupo 1; n=30, intervenção) ou dexclorfeniramina 6mg (grupo 2; n=30, sendo este o controle ativo) 2 vezes ao dia, por 21 dias. Ambos os grupos receberão orientação de tomar um comprimido a cada 12 horas e receberão 2 frascos, identificados como </text></passage><passage><infon key="section">inclusion_criteria</infon><infon key="lang">pt-br</infon><offset>-1</offset><text>Assinar o TCLE;Idade acima de 18 anos, de ambos os sexos;DRC estadio 5 em programa de hemodiálise por pelo menos 3 meses ;Prurido cutâneo persistente, ou seja, prurido de qualquer intensidade que ocorre por pelo menos três vezes por semana com duração de 30 dias ou mais;Não utilização de medicações antipruriginosas tópica e/ou sistêmicas por pelo menos uma semana antes do inicio do estudo.</text></passage><passage><infon key="section">exclusion_criteria</infon><infon key="lang">pt-br</infon><offset>-1</offset><text>Doenças cutâneas crônicas (alérgicas, parasitárias e infecciosas);Doença hepática crônica;Doença maligna interna;Utilização de opióides, antihistamínicos ou corticosteroides. Os participantes poderão ser descontinuados se: retirada do consentimento; uso de outros tratamentos para prurido não recomendados neste protocolo e eventos adversos graves. </text></passage></document></collection>