<?xml version="1.0" encoding="UTF-8"?><!DOCTYPE collection SYSTEM "BioC.dtd"><collection><source></source><date></date><key></key><document><id>RBR-39dz5v</id><passage><infon key="section">public_title</infon><infon key="lang">en</infon><offset>-1</offset><text>The effect of electrical stimulation for the treatment of overactive bladder in elderly women</text></passage><passage><infon key="section">scientific_title</infon><infon key="lang">en</infon><offset>-1</offset><text>Motor and sensitive response after posterior tibial nerve stimulation in elderly women with overactive bladder syndrome</text></passage><passage><infon key="section">freetext</infon><infon key="lang">en</infon><offset>-1</offset><text>Overactive bladder</text></passage><passage><infon key="section">freetext</infon><infon key="lang">en</infon><offset>-1</offset><text>Experimental group: 20 elderly women with overactive bladder complaints receive the electric current in the posterior tibial nerve in motor form (must observe the bending of the big toe), 2 times a week, with a minimum interval of 24 hours between sessions, for four weeks, totaling 8 sessions. Control group: 20 elderly women with overactive bladder complaints receive the electric current in the posterior tibial nerve in a sensible way (the big toe does not flex), 2 times a week, with a minimum interval of 24 hours between sessions for 4 weeks totaling 8 sessions. The duration of therapy is 30 minutes for both groups. Revaluations take place within 5 weeks.</text></passage><passage><infon key="section">inclusion_criteria</infon><infon key="lang">en</infon><offset>-1</offset><text>Females aged 60 years, complaining of overactive bladder. </text></passage><passage><infon key="section">exclusion_criteria</infon><infon key="lang">en</infon><offset>-1</offset><text>Women are excluded elderly who use pacemakers and metal implants in the region of the right ankle, being contraindications of electrotherapy, patients submit UTI by urine culture or have pain when urinating and/or suprapubic pain (interstitial cystitis), presenting with hematuria sterile urine (suspicion of carcinoma in situ of the bladder), women who use drugs to treat overactive bladder in the past six months and women with a neurological disease.</text></passage><passage><infon key="section">primary_outcome</infon><infon key="lang">en</infon><offset>-1</offset><text>Improvement of symptoms referred to the overactive bladder syndrome observed by the International Consultation on Incontinence Questionnaire Overactive Bladder (ICIQ-OAB), voiding diary and Overactive Bladder-Validated 8-question (OAB-V8)</text></passage><passage><infon key="section">primary_outcome</infon><infon key="lang">pt-br</infon><offset>-1</offset><text>Melhora dos sintomas referidos da síndrome da bexiga hiperativa observados pelos escores do questionário International Consultation on Incontinence Questionnaire Overactive Bladder (ICIQ-OAB), do diário miccional e dos questionário Overactive Bladder-Validated 8-question (OAB-V8)</text></passage><passage><infon key="section">secondary_outcome</infon><infon key="lang">en</infon><offset>-1</offset><text>Improved quality of life due to the expected improvement in symptoms of anxiety and depression questionnaire by the Beck Anxiety and Depression Questionnaire Geriatric Improves the electrical activity of the pelvic floor electromyography</text></passage><passage><infon key="section">secondary_outcome</infon><infon key="lang">pt-br</infon><offset>-1</offset><text>Melhora da qualidade de vida, por se esperar uma melhora nos sintomas de ansiedade e depressão pelo questionário de Ansiedade de Beck e Questionário de depressão Geriátrica  Melhora da atividade elétrica do assoalho pélvico pelo eletromiógrafo</text></passage><passage><infon key="section">public_title</infon><infon key="lang">pt-br</infon><offset>-1</offset><text>O efeito da estimulação elétrica para tratamento de bexiga hiperativa em mulheres idosas</text></passage><passage><infon key="section">scientific_title</infon><infon key="lang">pt-br</infon><offset>-1</offset><text>Resposta motora e sensitiva após estimulação em nervo tibial posterior em idosas com síndrome da bexiga hiperativa 
</text></passage><passage><infon key="section">freetext</infon><infon key="lang">pt-br</infon><offset>-1</offset><text>Grupo experimental: 20 mulheres idosas com queixas de bexiga hiperativa receberão a corrente elétrica em nervo tibial posterior na forma motora (é preciso observar a flexão do dedão do pé), 2 vezes por semana, com intervalo mínimo de 24 horas entre as sessões, por 4 semanas, totalizando 8 sessões.  Grupo  controle: 20 mulheres idosas com queixas de bexiga hiperativa receberão a corrente elétrica em nervo tibial posterior na forma sensitiva ( o dedão do pé não faz flexão), 2 vezes por semana, com intervalo mínimo de 24 horas entre as sessões, por 4 semanas, totalizando 8 sessões. O tempo de terapia é de 30 minutos para os dois grupos. As reavaliações acontecerão no intervalo de 5 semanas.
</text></passage><passage><infon key="section">inclusion_criteria</infon><infon key="lang">pt-br</infon><offset>-1</offset><text>Sexo feminino com idade superior a 60 anos, com queixas de bexiga hiperativa.</text></passage><passage><infon key="section">exclusion_criteria</infon><infon key="lang">pt-br</infon><offset>-1</offset><text>Serão excluídas mulheres
idosas que utilizem marca-passo e implantes metálicos em região de tornozelo direito, por serem contraindicações de eletroterapia, pacientes que</text></passage></document></collection>