<?xml version="1.0" encoding="UTF-8"?><!DOCTYPE collection SYSTEM "BioC.dtd"><collection><source></source><date></date><key></key><document><id>RBR-453vyf</id><passage><infon key="section">public_title</infon><infon key="lang">en</infon><offset>-1</offset><text>Effects of early aerobic exercise after cardiac surgery</text></passage><passage><infon key="section">scientific_title</infon><infon key="lang">en</infon><offset>-1</offset><text>Effects of early aerobic exercise after coronary artery bypassa grafting: a randomized controlled clinical trial during hospitalization</text></passage><passage><infon key="section">freetext</infon><infon key="lang">en</infon><offset>-1</offset><text>Coronariopathy</text></passage><passage><infon key="section">freetext</infon><infon key="lang">en</infon><offset>-1</offset><text>Control group: 30 (thirty) patients will receive conventional physiotherapy consists of the following interventions:
- Guidelines: posture, deep breath, chest protection, encouraging the return of daily activities, encouraging cough;</text></passage><passage><infon key="section">inclusion_criteria</infon><infon key="lang">en</infon><offset>-1</offset><text>Patients undergoing elective coronary artery bypass surgery in the proposed period.</text></passage><passage><infon key="section">exclusion_criteria</infon><infon key="lang">en</infon><offset>-1</offset><text>Use of intra-aortic balloon or other invasive device inserted by femoral artery;Surgical reintervention immediate postoperative period; Perioperative death; Prolonged Hospitalization above 10 days</text></passage><passage><infon key="section">primary_outcome</infon><infon key="lang">en</infon><offset>-1</offset><text>Mean distance covered in a 6-minute walk test before and after cardiac surgery (over 300 meters)</text></passage><passage><infon key="section">primary_outcome</infon><infon key="lang">pt-br</infon><offset>-1</offset><text>Média da distância percorrida no teste de caminhada de 6 minutos antes e após a cirurgia cardíaca (acima de 300 metros)</text></passage><passage><infon key="section">secondary_outcome</infon><infon key="lang">en</infon><offset>-1</offset><text>Reduction of hospital stay, in days</text></passage><passage><infon key="section">secondary_outcome</infon><infon key="lang">pt-br</infon><offset>-1</offset><text>Redução do tempo de internação hospitalar, em dias</text></passage><passage><infon key="section">public_title</infon><infon key="lang">pt-br</infon><offset>-1</offset><text>Efeitos do exercício aeróbico precoce após cirurgia do coração</text></passage><passage><infon key="section">scientific_title</infon><infon key="lang">pt-br</infon><offset>-1</offset><text>Efeitos do exercício aeróbico precoce na reabilitação cardiopulmonar de pacientes submetidos à revascularização do miocárdio: ensaio clínico controlado randomizado na fase hospitalar</text></passage><passage><infon key="section">freetext</infon><infon key="lang">pt-br</infon><offset>-1</offset><text>Grupo controle: 30 (trinta) pacientes receberão atendimento de Fisioterapia convencional composto das seguintes condutas:
- Orientações: postura, inspiração profunda, proteção do tórax, estímulo ao retorno das atividades diárias, incentivo à tosse;</text></passage><passage><infon key="section">inclusion_criteria</infon><infon key="lang">pt-br</infon><offset>-1</offset><text>Pacientes submetidos à cirurgia eletiva de revascularização miocárdica no período proposto.</text></passage><passage><infon key="section">exclusion_criteria</infon><infon key="lang">pt-br</infon><offset>-1</offset><text>Utilização de balão intra-aórtico ou outro dispositivo invasivo introduzido via femoral; Revisão cirúrgica no pós-operatório imediato; Óbito peri-operatório;Internação hospitalar prolongada, acima de 10 dias de pós-operatório</text></passage></document></collection>