<?xml version="1.0" encoding="UTF-8"?><!DOCTYPE collection SYSTEM "BioC.dtd"><collection><source></source><date></date><key></key><document><id>RBR-4qxgjh</id><passage><infon key="section">public_title</infon><infon key="lang">en</infon><offset>-1</offset><text>Polycystic Ovary Syndrome and Physical Exercise</text></passage><passage><infon key="section">scientific_title</infon><infon key="lang">en</infon><offset>-1</offset><text>Cardiovascular Risk in Polycystic Ovary Syndrome: Effect of Different Physical Exercise Programs on the Hormonal, Cardiovascular, Metabolic, Reproductive and Quality of Life Aspects</text></passage><passage><infon key="section">freetext</infon><infon key="lang">en</infon><offset>-1</offset><text>Polycystic Ovary Syndrome</text></passage><passage><infon key="section">freetext</infon><infon key="lang">en</infon><offset>-1</offset><text>Control group: 15 women with polycystic ovary syndrome will receive standard advice for regular physical activity. The control group will be instructed to accumulate 30 minutes of moderate aerobic activity five days per week during 16 weeks. The control group will not participate in any structured physical training program. Aerobic training group: 15 women with polycystic ovary syndrome will receive supervised aerobic training three times per week during 16 weeks. It will be performed 40 minutes of aerobic exercise during each training session, which will be preceded by five minutes of warm-up and followed by five minutes of cool-down. The aerobic exercise training will be structured in four different phases with monthly increments of intensity varying from light to vigorous (from 60 to 85% of maximum heart rate). Strength training group: 15 women with polycystic ovary syndrome will receive supervised strength training three times per week during 16 weeks. It will be performed 14 strength exercises during each training session. The protocol for each exercise will be three sets of 12 repetitions at 60% of one-repetition maximum (1RM) achieved individually at the initial assessment, with a one-minute interval between sets, and two minutes between exercises. Combined training group: 15 women with polycystic ovary syndrome will receive combined training three times per week during 16 weeks. Combined training will be the combination of aerobic and strength training, in terms of intensity, duration, frequency, progression, and total duration of the program</text></passage><passage><infon key="section">inclusion_criteria</infon><infon key="lang">en</infon><offset>-1</offset><text>Diagnosis of polycystic ovary syndrome according to the Rotterdam criteria</text></passage><passage><infon key="section">exclusion_criteria</infon><infon key="lang">en</infon><offset>-1</offset><text>Other disorders such as nonclassic congenital adrenal hyperplasia, thyroid dysfunction, and hyperprolactinemia; renal or hepatic dysfunction; or use of medications known to affect reproductive, cardiovascular or metabolic function</text></passage><passage><infon key="section">primary_outcome</infon><infon key="lang">en</infon><offset>-1</offset><text>Increased maximal oxygen uptake after 16 weeks of physical training, verified by ergospirometry, from of a change of at least 10% in the pre- and post-intervention measurements</text></passage><passage><infon key="section">primary_outcome</infon><infon key="lang">pt-br</infon><offset>-1</offset><text>Aumento do consumo máximo de oxigênio após 16 semanas de treinamento físico, verificado por meio da ergoespirometria, a partir da constatação de uma variação de pelo menos 10% nas medições pré e pós intervenção</text></passage><passage><infon key="section">secondary_outcome</infon><infon key="lang">en</infon><offset>-1</offset><text>Improvement of the reproductive, hormonal and metabolic aspects after 16 weeks of physical training, verified by ovarian morphological analysis and levels of luteinizing hormone, follicle-stimulating hormone, progesterone, 17-hydroxyprogesterone, total testosterone, dehydroepiandrosterone sulfate, prolactin, sex hormone-binding globulin, total cholesterol, high density lipoprotein, triglycerides, urea, creatinine, C-reactive protein, plasminogen activator inhibitor-1, glucose and insulin, from the observation of a significant change in the pre- and post-intervention measurements</text></passage><passage><infon key="section">secondary_outcome</infon><infon key="lang">pt-br</infon><offset>-1</offset><text>Melhora dos aspectos reprodutivos, hormonais e metabólicos após 16 semanas de treinamento físico, verificado por meio de análise morfológica ovariana e níveis do hormônio luteinizante, hormônio folículo estimulante, progesterona, 17-hidroxiprogesterona, testosterona total, sulfato de dehidroepiandrosterona, prolactina, globulina de ligação dos hormônios sexuais, colesterol total, lipoproteína de alta densidade, triglicerídeos, uréia, creatinina, proteína C-reativa, inibidor 1 de ativador de plasminogênio, glicose e insulina, a partir da constatação de uma mudança significativa nas medições pré e pós intervenção</text></passage><passage><infon key="section">secondary_outcome</infon><infon key="lang">en</infon><offset>-1</offset><text>Improvement of the cardiovascular aspect after 16 weeks of physical training, verified by blood pressure and heart rate, from the observation of a significant change in the pre- and post-intervention measurements</text></passage><passage><infon key="section">secondary_outcome</infon><infon key="lang">pt-br</infon><offset>-1</offset><text>Melhora do aspecto cardiovascular após 16 semanas de treinamento físico, verificado por meio da pressão arterial e frequência cardíaca, a partir da constatação de uma mudança significativa nas medições pré e pós intervenção</text></passage><passage><infon key="section">secondary_outcome</infon><infon key="lang">en</infon><offset>-1</offset><text>Improvement of body composition after 16 weeks of physical training, verified by  body mass, body mass index, and waist and hip circumference, from the observation of a significant change in the pre- and post-intervention measurements</text></passage><passage><infon key="section">secondary_outcome</infon><infon key="lang">pt-br</infon><offset>-1</offset><text>Melhora da composição corporal após 16 semanas de treinamento físico,  verificado por meio da massa corporal, índice de massa corporal, e circunferência da cintura e quadril, a partir da constatação de uma mudança significativa nas medições pré e pós intervenção</text></passage><passage><infon key="section">secondary_outcome</infon><infon key="lang">en</infon><offset>-1</offset><text>Improvement in quality of life after 16 weeks of physical training, verified by quality of life questionnaire, from the observation of a significant change in the pre- and post-intervention measurements</text></passage><passage><infon key="section">secondary_outcome</infon><infon key="lang">pt-br</infon><offset>-1</offset><text>Melhora da qualidade de vida após 16 semanas de treinamento físico,  verificado por meio do questionário de qualidade de vida, a partir da constatação de uma mudança significativa nas medições pré e pós intervenção</text></passage><passage><infon key="section">public_title</infon><infon key="lang">pt-br</infon><offset>-1</offset><text>Síndrome do Ovário Policístico e Exercício Físico</text></passage><passage><infon key="section">scientific_title</infon><infon key="lang">pt-br</infon><offset>-1</offset><text>Risco Cardiovascular na Síndrome dos Ovários Policísticos: Efeito de Diferentes Programas de Exercício Físico nos Aspectos Hormonais, Cardiovasculares, Metabólicos, Reprodutivos e Qualidade de Vida</text></passage><passage><infon key="section">freetext</infon><infon key="lang">pt-br</infon><offset>-1</offset><text>Grupo controle: 15 mulheres com síndrome do ovário policístico receberão um aconselhamento padrão para a prática regular de atividade física. O grupo será orientado a acumular 30 minutos de atividade aeróbia moderada cinco dias por semana durante 16 semanas. O grupo controle não participará de qualquer programa estruturado de treinamento físico. Grupo treinamento aeróbio: 15 mulheres com síndrome do ovário policístico receberão treinamento aeróbio supervisionado três vezes por semana durante 16 semanas. Será realizado 40 minutos de exercícios aeróbios durante cada sessão de treinamento, que será precedida por cinco minutos de aquecimento e seguida por cinco minutos de arrefecimento. O treinamento aeróbio será estruturado em quatro fases diferentes, com incrementos mensais de intensidade variando de leve a vigoroso (de 60% a 85% da frequência cardíaca máxima). Grupo treinamento resistido: 15 mulheres com síndrome do ovário policístico receberão treinamento resistido supervisionado três vezes por semana durante 16 semanas. Será realizado 14 exercícios de força durante cada sessão de treinamento. O protocolo de cada exercício será três séries de 12 repetições à 60% de uma repetição máxima (1RM) alcançada individualmente na avaliação inicial, com intervalo de um minuto entre as séries e dois minutos entre os exercícios. Grupo treinamento misto: 15 mulheres com síndrome do ovário policístico receberão treinamento misto três vezes por semana durante 16 semanas. O treinamento misto contará com a junção do treinamento aeróbio e resistido, no que se refere à intensidade, duração, frequência, progressão e duração total do programa</text></passage><passage><infon key="section">inclusion_criteria</infon><infon key="lang">pt-br</infon><offset>-1</offset><text>Diagnóstico da síndrome do ovário policístico, de acordo com os critérios Rotterdam</text></passage><passage><infon key="section">exclusion_criteria</infon><infon key="lang">pt-br</infon><offset>-1</offset><text>Outras doenças como a hiperplasia adrenal congênita, disfunção da tireóide e hiperprolactinemia; disfunção renal ou hepática; ou uso de medicamentos conhecidos por afetar a função reprodutiva, cardiovascular ou metabólica</text></passage></document></collection>