<?xml version="1.0" encoding="UTF-8"?><!DOCTYPE collection SYSTEM "BioC.dtd"><collection><source></source><date></date><key></key><document><id>RBR-39znmt</id><passage><infon key="section">public_title</infon><infon key="lang">en</infon><offset>-1</offset><text>Evaluation hip conditions in childhood and adolescents</text></passage><passage><infon key="section">scientific_title</infon><infon key="lang">en</infon><offset>-1</offset><text>Clinical and functional evaluation of children and adolescents with hip conditions</text></passage><passage><infon key="section">freetext</infon><infon key="lang">en</infon><offset>-1</offset><text>Slipped Capital Femoral Epiphyses, </text></passage><passage><infon key="section">freetext</infon><infon key="lang">en</infon><offset>-1</offset><text>Three groups will be studied:
Experimental group: 25 patiens with dysplaced slipped capital femoral epiphyses who underwent basocervical osteotomy combined to cervicoplasty</text></passage><passage><infon key="section">inclusion_criteria</infon><infon key="lang">en</infon><offset>-1</offset><text>Patiens with slipped capital femoal epiphysis. Patient skeletal immature during the basis treatment and between 8 and 21 years during the final evaluation. Treatment performed in the same institutuion, with all documentation available regarding imaging and history
</text></passage><passage><infon key="section">exclusion_criteria</infon><infon key="lang">en</infon><offset>-1</offset><text>No acceptance in participating on research ou parents disagreement. Surgery performed after the ain surgical procedure that could alter the proposed evaluation. Incomplete documentation or loss of follow-up, making statistical analysis less reliable. Stiffness of the hip. Osteoarthritis
</text></passage><passage><infon key="section">primary_outcome</infon><infon key="lang">en</infon><offset>-1</offset><text>Recovering of muscle torque of the hip after one year post-surgery (isocinetic evaluation) in 80% of patients at least. The isocinétic evaluation is performed six months, one and two years after the surgery, with velocities of 60º and 120º/s, isocinetic dynamometer System 4 Pro - Biodex, with threes maximal repetitions of 5s duration.</text></passage><passage><infon key="section">primary_outcome</infon><infon key="lang">pt-br</infon><offset>-1</offset><text>Recuperação do torque da musculatura abdutora do quadril no período de um ano pós-cirurgia (avaliação isocinética)em pelo menos 80% dos pacientes. A avaliação isocinética é realizada 6 meses, um ano e dois anos após a cirurgia, nas velocidades 60º e 120º/s, com dinamômetro isocinético System 4 Pro - Biodex, com três repetições máximas e duração de 5 s. </text></passage><passage><infon key="section">primary_outcome</infon><infon key="lang">en</infon><offset>-1</offset><text>Impingement test negative for et least 80% of patients, assessed by the maneuver of 90º of flexion, adduction and internal rotation of the hip. A positive test is when pain is observed during the maneuver.</text></passage><passage><infon key="section">primary_outcome</infon><infon key="lang">pt-br</infon><offset>-1</offset><text>Teste clínico de impacto negativo em pelo menos 80% dos pacientes, avaliada pela manobra de 90º de flexão, adução e rotação interna do quadril. O teste é positivo quando provoca dor.</text></passage><passage><infon key="section">primary_outcome</infon><infon key="lang">en</infon><offset>-1</offset><text>Recovering of the radiogaphic alignment of the epiphyses with the femoral diaphyses (decrease of the epiphyseal diaphyseal angle on the lateral radiographs) MOST IMPORTANT ENDPOINT</text></passage><passage><infon key="section">primary_outcome</infon><infon key="lang">pt-br</infon><offset>-1</offset><text>Melhora do alinhamento radiográfico da epífise em relação à diáfise femoral (diminuição do ângulo epifisiodiafisário nas radiografias em perfil) DESFECHO DE MAIOR IMPORTÂNCIA</text></passage><passage><infon key="section">secondary_outcome</infon><infon key="lang">en</infon><offset>-1</offset><text>None secondary endpoint are expected</text></passage><passage><infon key="section">secondary_outcome</infon><infon key="lang">pt-br</infon><offset>-1</offset><text>Não são esperados desfechos secundários</text></passage><passage><infon key="section">public_title</infon><infon key="lang">pt-br</infon><offset>-1</offset><text>Avaliação das doenças do quadril em crianças e adolescentes</text></passage><passage><infon key="section">scientific_title</infon><infon key="lang">pt-br</infon><offset>-1</offset><text>Avaliação clínica, funcional e radiográfica em crianças e adolescentes com afecções do quadril</text></passage><passage><infon key="section">freetext</infon><infon key="lang">pt-br</infon><offset>-1</offset><text>Serão estudadas três grupos de pacientes submetidos às cirurgias:
Grupo experimental: 25 pacientes com escorregamento epifisário proximal do fêmur com desvio submetidos à Osteotomia femoral basocervical associada à cervicoplastia</text></passage><passage><infon key="section">inclusion_criteria</infon><infon key="lang">pt-br</infon><offset>-1</offset><text>Pacientes portadores de escorregmento epifisário proximal do fêmur. Pacientes esqueleticamente imaturos na época do tratamento cirúrgico e que estejam na faixa etária de 8 a 21 anos no momento final da avaliação. Tratamento, seguimento e avaliação radiográfica realizados integralmente na instituição de origem, com possibilidade completa de acesso aos dados da história clínica e ao arquivo radiográfico</text></passage><passage><infon key="section">exclusion_criteria</infon><infon key="lang">pt-br</infon><offset>-1</offset><text>Não aceitação na participação na pesquisa ou não concordância dos pais ou responsáveis. Cirurgia associada ou realizada após o procedimento principal que impossibilitasse a realização da metodologia descrita no período determinado. Documentação incompleta ou perda de seguimento, de forma que não permita análise estatística confiável. Rigidez do quadril. Presença de osteoartrite estabelecida no quadril</text></passage></document></collection>