<?xml version="1.0" encoding="UTF-8"?><!DOCTYPE collection SYSTEM "BioC.dtd"><collection><source></source><date></date><key></key><document><id>RBR-43sjz7</id><passage><infon key="section">public_title</infon><infon key="lang">en</infon><offset>-1</offset><text>Benefits of physical therapy and cognitive training in the non-motor symptoms (sleep and cognition) in patients with Parkinson</text></passage><passage><infon key="section">scientific_title</infon><infon key="lang">en</infon><offset>-1</offset><text>Effectiveness of physical therapy associated to cognitive training in the improvement of non-motor symptoms in patients with Parkinson´s disease: randomized clinical trial
</text></passage><passage><infon key="section">freetext</infon><infon key="lang">en</infon><offset>-1</offset><text>Parkinson´s Disease</text></passage><passage><infon key="section">freetext</infon><infon key="lang">en</infon><offset>-1</offset><text>The sample will be composed of individuals with Parkinson</text></passage><passage><infon key="section">inclusion_criteria</infon><infon key="lang">en</infon><offset>-1</offset><text>Medical diagnosis of Parkinson</text></passage><passage><infon key="section">exclusion_criteria</infon><infon key="lang">en</infon><offset>-1</offset><text>Individuals who perform another therapeutic treatment beyond medication, that has change in medication during the study or those with associated diseases, such as neurological disorders, severe heart disease, amputations, cognitive or understanding deficits. Change in the stabilization of the antiparkinsonian medication doses throughout the study.
</text></passage><passage><infon key="section">primary_outcome</infon><infon key="lang">en</infon><offset>-1</offset><text>1) Improvement of sleep quality assessed pre and post intervention through the following instruments: sleep diary, actigraphy, Pittsburgh sleep quality index (PSQI), Parkinson's disease sleep scale (PDSS), Epworth Sleepiness Scale</text></passage><passage><infon key="section">primary_outcome</infon><infon key="lang">pt-br</infon><offset>-1</offset><text>1) Melhora da qualidade do sono avaliada antes e após a intervenção por meio dos seguintes instrumentos: diário do sono, actigrafia, índice de qualidade de sono de Pittsburgh (PSQI), escala de sono para doença de Parkinson (PDSS), escala de sonolência de Epworth. </text></passage><passage><infon key="section">secondary_outcome</infon><infon key="lang">en</infon><offset>-1</offset><text>1) Improve quality of life assessed pre and post intervention by Parkinson's disease Questionnaire (PDQ-39) and Parkinson´s Disease Quality of Life Questionnaire  (PDQL).</text></passage><passage><infon key="section">secondary_outcome</infon><infon key="lang">pt-br</infon><offset>-1</offset><text>1) Melhora da qualidade de vida avaliada antes e após a intervenção pelo Questionário para a doença de Parkinson (PDQ-39) e o Questionário de Qualidade de Vida para a doença de Parkinson (PDQL).</text></passage><passage><infon key="section">secondary_outcome</infon><infon key="lang">en</infon><offset>-1</offset><text>2) Improvement of depression assessed pre and post intervention by the Geriatric Depression Scale (GDS-15).</text></passage><passage><infon key="section">secondary_outcome</infon><infon key="lang">pt-br</infon><offset>-1</offset><text>2) Melhora dos sinais depressivos avaliados antes e após a intervenção pela Escala de Depressão Geriátrica (GDS-15).</text></passage><passage><infon key="section">secondary_outcome</infon><infon key="lang">en</infon><offset>-1</offset><text>3) Improvement in functional independence (clinical signs and symptoms) verified pre and post intervention by the Unified Parkinson's Disease Rating Scale: - item II - daily activities (score 0-52 points) and the item III - motor (score of 0 - 108 points).</text></passage><passage><infon key="section">secondary_outcome</infon><infon key="lang">pt-br</infon><offset>-1</offset><text>3) Melhora da independência funcional (sinais e sintomas clínicos) verificada antes e após a intervenção pelo Escala unificada para a doença de Parkinson (UPDRS), utilizando o item II - domínios atividade de vida diária (escore de 0-52 pontos) e o item III - motor (escore de 0-108 pontos).</text></passage><passage><infon key="section">secondary_outcome</infon><infon key="lang">en</infon><offset>-1</offset><text>4) Improvement of the fear of falling verified pre and post intervention by the Falls Efficacy Scale International (FES-I).</text></passage><passage><infon key="section">secondary_outcome</infon><infon key="lang">pt-br</infon><offset>-1</offset><text>4) Melhora do medo de cair verificado antes e após a intervenção pela Escala Internacional de Eficácia de Quedas (FES-I).</text></passage><passage><infon key="section">secondary_outcome</infon><infon key="lang">en</infon><offset>-1</offset><text>5) Improvement of balance verified pre and post intervention by the Balance Evaluation Systems Test (BESTest).</text></passage><passage><infon key="section">secondary_outcome</infon><infon key="lang">pt-br</infon><offset>-1</offset><text>5) Melhora do equilíbrio postural avaliado antes e após a intervenção pelo Balance Evaluation Systems Test (BESTest).</text></passage><passage><infon key="section">secondary_outcome</infon><infon key="lang">en</infon><offset>-1</offset><text>6) Improve gait verified by video analysis for speed variables (meters/second), total distance time (seconds) and gait cadence (steps/second) and foot print test for the variables step, stride length and base support (cm) between the pre and post intervention analysis.</text></passage><passage><infon key="section">secondary_outcome</infon><infon key="lang">pt-br</infon><offset>-1</offset><text>6) Melhora da marcha verificada por análise de vídeo para as variáveis de velocidade (metros/segundo), tempo da distância percorrida (segundos) e cadência da marcha (passos/segundo) e pelo teste de impressão plantar para as variáveis comprimento do passo, passada e base de suporte (cm) entre as avaliações pré e pós intervenção. </text></passage><passage><infon key="section">secondary_outcome</infon><infon key="lang">en</infon><offset>-1</offset><text>7) Improvement of cognitive function assessed pre and post intervention through the following instruments: Montreal Cognitive Assessment (MoCA), Mini Mental State Examination (MMSE), cognitive and perceptual evaluation through figures, Trail Making Test, clock drawing executive test, verbal fluency test, Rey Auditory-Verbal Learning test (RAVLT).</text></passage><passage><infon key="section">secondary_outcome</infon><infon key="lang">pt-br</infon><offset>-1</offset><text>7) Melhora da função cognitiva avaliada antes e após a intervenção por meio dos seguintes instrumentos: avaliação cognitiva Montreal (MoCA), Mini exame do estado mental (MEEM), avaliação cognitiva e perceptual por meio de figuras, Trail Making Test, Teste do desenho do relógio (CLOX), teste de fluência verbal, Rey Auditory-Verbal Learning Test (RAVLT).</text></passage><passage><infon key="section">public_title</infon><infon key="lang">pt-br</infon><offset>-1</offset><text>Benefícios da fisioterapia motora e do treino cognitivo nos sintomas não motores (sono e cognição) em pacientes com doença de Parkinson
</text></passage><passage><infon key="section">scientific_title</infon><infon key="lang">pt-br</infon><offset>-1</offset><text>Efetividade da fisioterapia motora associada ao treino cognitivo na melhora dos sintomas não motores em pacientes com doença de Parkinson: ensaio clínico aleatório

</text></passage><passage><infon key="section">freetext</infon><infon key="lang">pt-br</infon><offset>-1</offset><text>A amostra será composta por indivíduos com doença de Parkinson, divididos em dois grupos: grupo fisioterapia (n=22) e grupo  fisioterapia + cognitivo (n=24). Será elaborado um programa de intervenção fisioterápico baseado no conceito Bobath que constará de exercícios que vão de encontro com os seguintes objetivos fisioterápicos: estimular o recrutamento neuromotor, estimular o balance (equilíbrio), estimular a independência funcional e as atividades de vida diária, promover a melhora do padrão da marcha, melhorar a ocorrência e/ou medo de quedas e freezing, melhorar a qualidade do sono, melhorar a qualidade de vida. As terapias terão duração de 60 minutos, com freqüência de 2 vezes por semana, num total de 32 terapias, seguindo evolução gradativa na complexidade dos exercícios. O grupo fisioterapia + cognitivo receberá além do protocolo fisioterápico descrito acima, terapias para promover treinamento do sistema cognitivo-perceptual com exercícios cognitivos que contemplarão atividades de memória, atenção, processamento cognitivo, cálculo, concentração, orientação espacial,  habilidades executivas, linguagem, evocação, entre outras, com duração de 30 minutos após a realização do treinamento motor. </text></passage><passage><infon key="section">inclusion_criteria</infon><infon key="lang">pt-br</infon><offset>-1</offset><text>Diagnóstico médico de doença de Parkinson, segundo os critérios do Banco de Cérebro de Londres (Uk Parkinson’s Disease Society Brain Bank Clinical Diagnostic Criteria). Indivíduos acima de 50 anos. Não institucionalizados. Escore Mini Mental mínimo que não caracterize déficit cognitivo. Hohen Yahr entre 1,5 a 3,0. Que aceitem participar do projeto e assinem o termo de consentimento livre e esclarecido segundo os critérios do Comitê de Ética em Pesquisa da Universidade Estadual de Londrina, de acordo com o parecer 466/2012 (CNS).</text></passage><passage><infon key="section">exclusion_criteria</infon><infon key="lang">pt-br</infon><offset>-1</offset><text>Indivíduos que realizam outro tratamento terapêutico além do medicamentoso, que tenham alteração na medicação no decorrer do estudo ou que apresentem doenças associadas, como: doenças neurológicas, cardiopatias graves, amputações, déficits cognitivos ou de compreensão. Alteração na estabilização das doses do medicamento antiparkinsoniano no decorrer do estudo.
</text></passage></document></collection>