<?xml version="1.0" encoding="UTF-8"?><!DOCTYPE collection SYSTEM "BioC.dtd"><collection><source></source><date></date><key></key><document><id>RBR-2m9mgq</id><passage><infon key="section">public_title</infon><infon key="lang">en</infon><offset>-1</offset><text>Evaluation of masticatory function in adult patients with cerebral palsy</text></passage><passage><infon key="section">scientific_title</infon><infon key="lang">en</infon><offset>-1</offset><text>Clinical and electromyographic evaluation of masticatory dynamics in adult patients with cerebral palsy</text></passage><passage><infon key="section">freetext</infon><infon key="lang">en</infon><offset>-1</offset><text>Cerebbral palsy.</text></passage><passage><infon key="section">freetext</infon><infon key="lang">en</infon><offset>-1</offset><text>33 adults with cerebral palsy. Anamnesis and clinical examination will be conducted, as well as the determination of oral motor function through quantification by means of scores. The score achieved by each patient according to her/his performance in accomplishing oral movements will classify her/his impairment of oral motor function in mild, moderate and severe.</text></passage><passage><infon key="section">inclusion_criteria</infon><infon key="lang">en</infon><offset>-1</offset><text>Origin of the volunteers: Patients from ‘Associação Pró-Saúde para Pacientes com Necessidades Especiais’ - ASPE and Training Program in Dentistry for Persons with Disabilities from Dentistry School of São José dos Campos / UNESP.
Type of cerebral palsy: diparetic, quadriparesis or hemiparesis.</text></passage><passage><infon key="section">exclusion_criteria</infon><infon key="lang">en</infon><offset>-1</offset><text>Origin of the volunteers: originating from  other institutions than DentistrySchoolof  São José dos Campos / UNESP .
Type of cerebral palsy: Any paralysis different than quadriparesis, hemiparesis or diparetic.</text></passage><passage><infon key="section">primary_outcome</infon><infon key="lang">en</infon><offset>-1</offset><text>It is expected a statistical agreement  (p&lt;0,05) between the classification obtained by the clinical examination ( mild, moderate and severe)and electromyography evaluation (mild, if higher than 50 microvolts; moderate, if higher than 20 but lower than 50 microvolts; and severe, if lower than 20 microvolts)of masticatory dynamics of the patients.</text></passage><passage><infon key="section">primary_outcome</infon><infon key="lang">pt-br</infon><offset>-1</offset><text>Espera-se verificar uma concordância estatística (p&lt;0,05) entre a classificação obtida pela avaliação  clínica (leve, moderada e severa) e eletromiográfica (leve, quando maior que 50 microvolts; moderada, quando entre 20 e 50 microvolts e severa, quando abaixo de 20 microvolts)da dinâmica mastigatória dos pacientes estudados.</text></passage><passage><infon key="section">secondary_outcome</infon><infon key="lang">en</infon><offset>-1</offset><text>It is expected lower electromyographic values (in microvolts) for masticatory muscles of patients with cerebral palsy in relation to those found in the literature for individuals without cerebral palsy, of the same age, with no motor and cognitive impairment (50 e 100 microvolts). </text></passage><passage><infon key="section">secondary_outcome</infon><infon key="lang">pt-br</infon><offset>-1</offset><text>Espera-se verificar valores eletromiográficos (em microvolts ) menores dos músculos mastigatórios em pessoas com paralisia cerebral em relação aos encontrados na literatura em indivíduos da mesma faixa etária sem nenhum comprometimento motor e cognitivo (entre 50 e 100 microvolts). </text></passage><passage><infon key="section">public_title</infon><infon key="lang">pt-br</infon><offset>-1</offset><text>Avaliação da dinâmica mastigatória em pacientes adultos com paralisia cerebral</text></passage><passage><infon key="section">scientific_title</infon><infon key="lang">pt-br</infon><offset>-1</offset><text>Avaliação clínica e eletromiográfica da dinâmica mastigatória em pacientes adultos com paralisia cerebral. 
</text></passage><passage><infon key="section">freetext</infon><infon key="lang">pt-br</infon><offset>-1</offset><text>Serão selecionados 33 pacientes adultos com paralisia cerebral.
Será realizada anamnese e exame clínico, quantificando-se, por meio de scores, sua função oro-motora. Tal pontuação atingida por cada paciente permitirá a classificação do comprometimento da função oro-motora em: leve, moderada e severa. </text></passage><passage><infon key="section">inclusion_criteria</infon><infon key="lang">pt-br</infon><offset>-1</offset><text>Origem dos sujeitos da pesquisa: Associação Pró-Saúde para Pacientes com Necessidades Especiais - ASPE e do Programa de Formação em Odontologia para Pessoas com Deficiência da Faculdade de Odontologia de São José dos Campos/UNESP</text></passage><passage><infon key="section">exclusion_criteria</infon><infon key="lang">pt-br</infon><offset>-1</offset><text>Sujeitos da pesquisa: com origem de outras instituições.
Tipo de paralisia: Outra alteração que não seja quadriparesia, diparesia ou hemiparesia.</text></passage></document></collection>