<?xml version="1.0" encoding="UTF-8"?><!DOCTYPE collection SYSTEM "BioC.dtd"><collection><source></source><date></date><key></key><document><id>RBR-3n947j</id><passage><infon key="section">public_title</infon><infon key="lang">en</infon><offset>-1</offset><text>Evaluation of malaria relapse rate in Brazil</text></passage><passage><infon key="section">scientific_title</infon><infon key="lang">en</infon><offset>-1</offset><text>Evaluation of malaria relapse rate in Brazil</text></passage><passage><infon key="section">freetext</infon><infon key="lang">en</infon><offset>-1</offset><text>Malaria</text></passage><passage><infon key="section">freetext</infon><infon key="lang">en</infon><offset>-1</offset><text>There is not a study intervention.
This study will use secondary data from the epidemiological surveillance system (SIVEP Malária).This study does not require any clinical procedures, as it will use secondary data. The patients will be exposed only to the routine procedures, as recommended by the national guidelines. These procedures include digital puncture to diagnosis and cure evaluation. </text></passage><passage><infon key="section">inclusion_criteria</infon><infon key="lang">en</infon><offset>-1</offset><text>Positive diagnosis result (RDT, slide, PCR) and an evaluation of cure within 40/60 days in the selected areas.
</text></passage><passage><infon key="section">exclusion_criteria</infon><infon key="lang">en</infon><offset>-1</offset><text>Exclusion criteria of the patient data in the analysis:
Absence of an evaluati</text></passage><passage><infon key="section">primary_outcome</infon><infon key="lang">en</infon><offset>-1</offset><text>Proportion of patients with a second clinical malaria episode within 60 days after the treatment evaluate by thick blood smear. </text></passage><passage><infon key="section">primary_outcome</infon><infon key="lang">pt-br</infon><offset>-1</offset><text>Proporção de pacientes  com um segundo ou múltiplos episódios de malária clínica (recaídas) entre os dias 2 e 60 após o tratamento avaliados por parasitemia em gota espessa.(frequencia)  </text></passage><passage><infon key="section">secondary_outcome</infon><infon key="lang">en</infon><offset>-1</offset><text>Time to relapse Falciparum / vivax recrudescence ratio Incidence in the population stratified by area and age range. Proportion of Early treatment failure  Proportion of Late treatment failure  </text></passage><passage><infon key="section">secondary_outcome</infon><infon key="lang">pt-br</infon><offset>-1</offset><text>O tempo médio para recaídas  e entre recaídas (em dias) O numero de episódios de malária em até 3 dias após o tratamento (frequencia) O numero de episódios de malária em até 28 dias após o tratamento (frequencia) A razão de recidivas entre P. falciparum/ P.vivax incidência estartificada por faixas de numero de recidivas durante o período do estudo</text></passage><passage><infon key="section">public_title</infon><infon key="lang">pt-br</infon><offset>-1</offset><text>Avaliação das recidivas de malária no Brasil</text></passage><passage><infon key="section">scientific_title</infon><infon key="lang">pt-br</infon><offset>-1</offset><text>Avaliação de recidivas de malária no Brasil</text></passage><passage><infon key="section">freetext</infon><infon key="lang">pt-br</infon><offset>-1</offset><text>Não há intervenção do estudo.
Este estudo será conduzido com dados secundários coletados no SIVEP pela rotina do Programa Nacional de Controle de Malária.Os pacientes serão expostos apenas aos procedimentos de rotina conforme as recomendações terapêuticas do PNCM. O estudo é observacional e não requer nenhum procedimento clínico ou laboratorial distinto dos registrados no SIVEP e realizados pela rotina.</text></passage><passage><infon key="section">inclusion_criteria</infon><infon key="lang">pt-br</infon><offset>-1</offset><text>No período do estudo 2014 a julho 2015 que realizou um segundo exame (LVC ou testes rápidos ou PCR) em 40/60 dias após o tratamento de acordo com a espécie, sem restrição de gêneros ou idade.</text></passage><passage><infon key="section">exclusion_criteria</infon><infon key="lang">pt-br</infon><offset>-1</offset><text>Critérios de Exclusão do dado do paciente na analise

Ausência de segundo exame. </text></passage></document></collection>