<?xml version="1.0" encoding="UTF-8"?><!DOCTYPE collection SYSTEM "BioC.dtd"><collection><source></source><date></date><key></key><document><id>RBR-52hbf7</id><passage><infon key="section">public_title</infon><infon key="lang">en</infon><offset>-1</offset><text>Comparison of long-term effects of the technique with contraction of the belly muscles and stretching in patients with back pain</text></passage><passage><infon key="section">scientific_title</infon><infon key="lang">en</infon><offset>-1</offset><text>Comparison of long-term effects of segmental stabilization technique and stretching in patients with low back pain chronic nonspecific</text></passage><passage><infon key="section">freetext</infon><infon key="lang">en</infon><offset>-1</offset><text>low back pain</text></passage><passage><infon key="section">freetext</infon><infon key="lang">en</infon><offset>-1</offset><text>Will be recruited 46 patients with chronic non-specific low back pain for treatment in the  lumbar segmental stabilization group guided by a physiotherapist. In this treatment the participant will be kept at 4 support position and will be instructed to </text></passage><passage><infon key="section">inclusion_criteria</infon><infon key="lang">en</infon><offset>-1</offset><text>For the study are included patients aged 18 to 65 years; patients with a diagnosis of non-specific low back pain with at least three months of progression of pain; patients who signed the informed consent and informed</text></passage><passage><infon key="section">exclusion_criteria</infon><infon key="lang">en</infon><offset>-1</offset><text>Patients pregnant women; patients with specific diagnosis that cause low back pain;
orthopedic, rheumatic and neurological problems; nerve root injury; patients with impaired cognition; patients undergoing treatment during the study period; patient who underwent pre-treatment at least 3 months</text></passage><passage><infon key="section">primary_outcome</infon><infon key="lang">en</infon><offset>-1</offset><text>Outcome: improvement of functional disability and pain related to lumbar spine, where the analysis of pain is verified by visual analogue scale and questionnaire mcgill, while the analysis of functional disability will be verified by the questionnaire roland morris after treatment by stabilizing and lumbar segmental stretching in individuals with nonspecific chronic low back from an expected difference (p &lt;0.05) in the pretreatment tests and follow up 6 months and 1 year</text></passage><passage><infon key="section">primary_outcome</infon><infon key="lang">pt-br</infon><offset>-1</offset><text>Desfecho: melhora da incapacidade funcional e na dor relacionadas à coluna lombar, onde a análise da dor é verificada por meio da escala visual analógica e questionário mcgill, enquanto a análise da incapacidade funcional será verificada pelo  questionário roland morris após o tratamento por meio da estabilização segmentar lombar e alongamento em indivíduos com lombalgia crônica inespecífica, a partir de uma diferença esperada (p&lt;0,05) nas análises pré-tratamento e follow up 6 meses e 1 ano</text></passage><passage><infon key="section">secondary_outcome</infon><infon key="lang">en</infon><offset>-1</offset><text>Don't have second outcomes </text></passage><passage><infon key="section">secondary_outcome</infon><infon key="lang">pt-br</infon><offset>-1</offset><text>Não são esperados desfechos secundários </text></passage><passage><infon key="section">public_title</infon><infon key="lang">pt-br</infon><offset>-1</offset><text>Comparação dos efeitos à longo prazo da técnica com contração dos músculos barriga e alongamento em pacientes com dor nas costas</text></passage><passage><infon key="section">scientific_title</infon><infon key="lang">pt-br</infon><offset>-1</offset><text>Comparação dos efeitos à longo prazo da técnica de Estabilização Segmentar lombar e Alongamento em pacientes com Lombalgia crônica inespecífica</text></passage><passage><infon key="section">freetext</infon><infon key="lang">pt-br</infon><offset>-1</offset><text>Serão recrutados 46 pacientes com lombalgia crônica inespecífica para tratamento no grupo de estabilização segmentar lombar orientados por um fisioterapeuta. Neste tratamento o participante será mantido na posição de 4 apoios e será instruído a “tomar uma respiração para dentro e para fora, segurando a respiração para fora, e contraindo seu abdômen inferior, sem mover a coluna” afim de otimizar a contração do transverso do abdômen. O participante deve manter a contração por 10 segundos, com intervalo de 5 segundos. Realizando 3 séries com 10 repetições. 
Assim que o paciente entender o processo de contração abdominal será incluído exercícios com maiores níveis de dificuldade como: Activation of multifidus in prone position;</text></passage><passage><infon key="section">inclusion_criteria</infon><infon key="lang">pt-br</infon><offset>-1</offset><text>Para o estudo são incluídas pacientes de 18 a 65 anos; pacientes com diagnóstico médico de lombalgia não específica com no mínimo três meses de progressão da dor; pacientes que assinaram o termo de consentimento livre e esclarecido
</text></passage><passage><infon key="section">exclusion_criteria</infon><infon key="lang">pt-br</infon><offset>-1</offset><text>Pacientes gestantes; pacientes com diagnóstico específico que ocasionam a dor lombar;
problemas ortopédicos, reumáticos e neurológicos; lesão de raiz nervosa; pacientes com dificuldades de cognição; pacientes que realizam o tratamento durante o período de estudo; paciente que realizou tratamento prévio de no mínimo 3 meses</text></passage></document></collection>