<?xml version="1.0" encoding="UTF-8"?><!DOCTYPE collection SYSTEM "BioC.dtd"><collection><source></source><date></date><key></key><document><id>RBR-23nf3s</id><passage><infon key="section">public_title</infon><infon key="lang">en</infon><offset>-1</offset><text>Effect of group vaginal muscle training in  post-menopausal women</text></passage><passage><infon key="section">scientific_title</infon><infon key="lang">en</infon><offset>-1</offset><text>Effect of a group pelvic floor muscle training in climateric and post-menopausal  women</text></passage><passage><infon key="section">freetext</infon><infon key="lang">en</infon><offset>-1</offset><text>urogynecological dysfunctions, urinary incontinence, cystocele, rectocele </text></passage><passage><infon key="section">freetext</infon><infon key="lang">en</infon><offset>-1</offset><text>42 post-menopausal women included in this study were divided by draw into two groups: Treatment Group –TG (n=21) and Control Group - CG (n=21). Three eomen from the TG did not complete the treatment and nine from the GC did not perform the final evaluation, being included 18 in treated group and 12 in control group. The treatment consisted  of 12 sessions of 30 minutes each, twice a week, summing up a total of 6 week treatment (8-10 women). During the treatment protocol, pelvic mobility exercises, stretching, strengthening and relaxation were performed in every session in five different positions (supine, followed by sitting on the floor, then on the Gym Ball, squat and standing position), along with the PFM contractions, which were carried out consisting of four series of ten fast contractions together with four series of ten sustained contractions, lasting eight seconds followed by a sixteen second relaxation, maintaining the same positions according to the Silva’s Protocol (21).</text></passage><passage><infon key="section">inclusion_criteria</infon><infon key="lang">en</infon><offset>-1</offset><text>Post-menopausal women  for at least 5 years; with complaints from urogynecological symptoms; participants of Physical Activity in Congonhal</text></passage><passage><infon key="section">exclusion_criteria</infon><infon key="lang">en</infon><offset>-1</offset><text>women with vaginal or urinary infections; pelvic cancer; uncontrolled metabolic disorders (hypertension and diabetes); cognitive, psychiatric or neurological disorder; chronic vaginal pain; inability to contract the pelvic floor muscles (PFM); pelvic organ prolapse stage IV according to the Pelvic Organ Prolapse Quantification System (POP-Q) and severe heart disease , who added up to four volunteers</text></passage><passage><infon key="section">primary_outcome</infon><infon key="lang">en</infon><offset>-1</offset><text>Increase of pelvic floor muscle contractility by surface electromiography  and vaginal palpation in treated group.</text></passage><passage><infon key="section">primary_outcome</infon><infon key="lang">pt-br</infon><offset>-1</offset><text>Aumento da contratilidade dos músculos do assoalho pélvico tanto por eletromiografia de superfície e  palpação vaginal (métodos que avaliam a função muscular) no grupo submetido ao tratamento.</text></passage><passage><infon key="section">primary_outcome</infon><infon key="lang">en</infon><offset>-1</offset><text>Increase of pelvic floor muscle contractility by surface electromiography (p=0.003) and vaginal palpation (p=0.001)only in Treated Group.</text></passage><passage><infon key="section">primary_outcome</infon><infon key="lang">pt-br</infon><offset>-1</offset><text>Aumento da contratilidade dos músculos do assoalho pélvico, ou seja melhora da função destes músculos, tanto por eletromiografia de superfície (p=0.003) e  palpação vaginal (p=0.001)apenas no grupo tratado.</text></passage><passage><infon key="section">primary_outcome</infon><infon key="lang">en</infon><offset>-1</offset><text>Decrease of cystocele and rectocele gravity in treated group. </text></passage><passage><infon key="section">primary_outcome</infon><infon key="lang">pt-br</infon><offset>-1</offset><text>Diminuição da gravidade de cistoceles e retoceles pelo sistema de quantificação de prolapsos no grupo tratado.</text></passage><passage><infon key="section">primary_outcome</infon><infon key="lang">en</infon><offset>-1</offset><text>Decrease of the cystocele gravity in treated group (p=0.03). No significant differences were found in the rectocele (p= 0.31). </text></passage><passage><infon key="section">primary_outcome</infon><infon key="lang">pt-br</infon><offset>-1</offset><text>Diminuição da gravidade de cistocele no grupo tratado (p=0.03). Não houve diferença na retocele (p=0.31).</text></passage><passage><infon key="section">secondary_outcome</infon><infon key="lang">en</infon><offset>-1</offset><text>Decrease of the urogynecological symptoms by validated questionnaires :  International Consultation on Incontinence Questionnaire - Short Form (ICIQ-UI SF); International Consultation on Incontinence Questionnaire Overactive Bladder (ICIQ-OAB) and International Consultation Questionnaire on Vaginal Symptoms (ICIQ-VS)in treated group. </text></passage><passage><infon key="section">secondary_outcome</infon><infon key="lang">pt-br</infon><offset>-1</offset><text>Diminuição dos sintomas urinários por questionários validados para língua portuguesa: International Consultation on Incontinence Questionnaire - Short Form (ICIQ-UI SF); International Consultation on Incontinence Questionnaire Overactive Bladder (ICIQ-OAB)e vaginais: International Consultation Questionnaire on Vaginal Symptoms (ICIQ-VS) no grupo tratado.</text></passage><passage><infon key="section">secondary_outcome</infon><infon key="lang">en</infon><offset>-1</offset><text>There was a decrease in the ICIQ-OAB scores only in the TG at final evaluation (p&lt;0.001)and in the ICIQ-UI SF scores between the TG and CG after the treatment (p=0.036). No significant differences were found in vaginal symptoms by the ICIQ-VS score. </text></passage><passage><infon key="section">secondary_outcome</infon><infon key="lang">pt-br</infon><offset>-1</offset><text>Diminuição dos sintomas urinários: ICIQ-OAB (p&lt;0.001), ICIQ-UI SF (p=0.036) apenas no grupo tratado. Não foram encontradas diferenças significativas nos sintomas vaginais pelo ICIQ-VS.</text></passage><passage><infon key="section">public_title</infon><infon key="lang">pt-br</infon><offset>-1</offset><text>Efeito de um programa em grupo de treinamento para os músculos da vagina para mulheres na menopausa</text></passage><passage><infon key="section">scientific_title</infon><infon key="lang">pt-br</infon><offset>-1</offset><text>Efeito de um programa de treinamento dos músculos do assoalho pélvico em mulheres no climatério e pós-menopausa</text></passage><passage><infon key="section">freetext</infon><infon key="lang">pt-br</infon><offset>-1</offset><text>As 42 voluntárias incluídas neste estudo foram divididas, por sorteio, em dois grupos: Grupo Tratamento - GT (n=21) e Grupo Controle - GC (n=21).3 mulheres do grupo tratamento e 9 do grupo controle não completaram o estudo, permanecendo portanto, 18 no grupo tratamento e 12 no grupo controle.As 18 mulheres do grupo tratamento realizaram 12 sessões de treinamento em grupo ( 8 a 10 participantes), com 30 minutos de duração, duas vezes por semana, perfazendo um total de seis semanas.Exercícios de mobilidade pélvica, alongamento, fortalecimento e relaxamento foram realizados em cada sessão em cinco diferentes posições (decúbito dorsal, sentada no solo, sentada sobre a bola, cócoras e posição ortostática) seguindo o protocolo proposto por Marques e colaboradores (2013). Foram solicitadas quatro séries de dez contrações rápidas e quatro series de 10 contrações sustentadas dos MAP, com manutenção de oito segundos de contração e dezesseis segundos de relaxamento.
As 12 mulheres do grupo controle apenas receberam orientações sobre a função do assoalho pélvico e objetivo do estudo e foi reavaliado junto ao grupo tratado.</text></passage><passage><infon key="section">inclusion_criteria</infon><infon key="lang">pt-br</infon><offset>-1</offset><text>Mulheres na pós menopausa por pelo menos 5 anos; queixas de sintomas uroginecológicos; participantes do grupo de atividade física do município de Congonhal.</text></passage><passage><infon key="section">exclusion_criteria</infon><infon key="lang">pt-br</infon><offset>-1</offset><text>Foram excluídas aquelas mulheres com infecção urinária ou vaginal, câncer pélvico, doenças crônicas ou metabólicas descontroladas, desordem cognitiva, psiquiátrica ou neurológica, inabilidade para contrair os músculos do assoalho pélvico (MAP), prolapso dos órgãos pélvicos estádio IV de acordo com o Sistema de Quantificação de prolapsos dos órgãos pélvicos (Pelvic Organ Prolapse Quantification System - POP-Q) e doença cardíaca grave. </text></passage></document></collection>