<?xml version="1.0" encoding="UTF-8"?><!DOCTYPE collection SYSTEM "BioC.dtd"><collection><source></source><date></date><key></key><document><id>RBR-5jjzhy</id><passage><infon key="section">public_title</infon><infon key="lang">en</infon><offset>-1</offset><text>Immersion in cold water effects in the physical reestablishment after exercise</text></passage><passage><infon key="section">scientific_title</infon><infon key="lang">en</infon><offset>-1</offset><text>Immediate and late effects of immersion in cold water in the post-exercise recovery on clinical, functional, metabolic, autonomic and cardiovascular parameters</text></passage><passage><infon key="section">freetext</infon><infon key="lang">en</infon><offset>-1</offset><text>Athletes, post-exercise recovery</text></passage><passage><infon key="section">freetext</infon><infon key="lang">en</infon><offset>-1</offset><text>Volunteers will be allocated randomly into two groups: a control group (CG, n = 20) who did not suffer any recuperative intervention, and the experimental group (EG, n = 20), which will be submitted to a recuperative intervention by immersion in cold water for 15 minutes at temperature 13 ± 1 ° C. 
For this study volunteers will be subjected to a test composed of four steps. In the first step the baseline before the periodization of the volunteer will be given. The volunteer will perform the evaluation of muscle function by maximal voluntary contraction and functional tests, as follows: 30 meter test, t-test of agility, vertical jump test (squat jump) and 40-second test. </text></passage><passage><infon key="section">inclusion_criteria</infon><infon key="lang">en</infon><offset>-1</offset><text>Healthy volunteers; male; aged 13 to 18 years; football players.</text></passage><passage><infon key="section">exclusion_criteria</infon><infon key="lang">en</infon><offset>-1</offset><text>Smokers volunteers; use of medications that affect autonomic activity of the heart as, for example, beta blockers and angiotensin converting enzyme inhibitors; alcoholics; Use of chronically inflammatory drugs such as, for example, betamethasone; Diagnosis of metabolic disorders and / or endocrine known, for example, diabetes mellitus and dislipedemia; and are not available to participate in all stages of the study.</text></passage><passage><infon key="section">primary_outcome</infon><infon key="lang">en</infon><offset>-1</offset><text>Best recovery of pain using EVA, the perception recovery by Likert scale and muscle sensitivity to pressure by the pressure algometer, muscle strength through isokinetic performing a maximal voluntary contraction, agility, anaerobic power, jump and speed through the photocells blood lactate concentration using blood collected from the ear lobe and lower overhead to the autonomic nervous system by heart rate variability captured by a heart rate monitor and heart rate collected through the heart rate monitor and blood pressure through a stethoscope and sphygmomanometer in the group that will suffer the intervention with immersion in cold water from the finding statistically significant difference before and after the completion of technical and recovery period.</text></passage><passage><infon key="section">primary_outcome</infon><infon key="lang">pt-br</infon><offset>-1</offset><text>Melhor recuperação da dor por meio da EVA, da percepção de recuperação por meio da escala Likert e da sensibilidade muscular à pressão por meio do algômetro de pressão, da força muscular por meio do isocinético realizando uma contração voluntária máxima, da agilidade, potência anaeróbica, salto e velocidade por meio de fotocélulas da concentração de lactato sanguíneo por meio de coletas sanguíneas do lóbulo da orelha e menor sobrecarga ao sistema nervoso autônomo por meio da variabilidade da frequência cardíaca captada por um cardiofrequencímetro e da frequência cardíaca coletada por meio do cardiofrequencímetro e da pressão arterial por meio de um estetoscópio e esfigmomanômetro no grupo que sofrerá a intervenção com imersão em água fria a partir da constatação de diferença estatística antes e após a realização da técnica e período de recuperação.</text></passage><passage><infon key="section">secondary_outcome</infon><infon key="lang">en</infon><offset>-1</offset><text>Difference in vagal reentry, anticipation of peak lactate and functional abilities between the intervention and control groups, respectively collected by a heart rate monitor, blood collection the earlobe and photocells equipment before and after the technical and recovery period.</text></passage><passage><infon key="section">secondary_outcome</infon><infon key="lang">pt-br</infon><offset>-1</offset><text>Diferença na reentrada vagal, antecipação do pico de lactato e habilidades funcionais entre os grupos de intervenção e controle, coletados respectivamente por um cardiofrequencímetro, coleta sanguínea do lóbulo da orelha e equipamentos de fotocélulas antes e depois da técnica e período de recuperação.</text></passage><passage><infon key="section">public_title</infon><infon key="lang">pt-br</infon><offset>-1</offset><text>Efeitos da imersão em água fria no reestabelecimento físico após o exercício</text></passage><passage><infon key="section">scientific_title</infon><infon key="lang">pt-br</infon><offset>-1</offset><text>Efeitos imediatos e tardios da imersão em água fria na recuperação pós-exercício sobre parâmetros clínicos, funcionais, metabólicos, autonômicos e cardiovasculares</text></passage><passage><infon key="section">freetext</infon><infon key="lang">pt-br</infon><offset>-1</offset><text>Os voluntários serão alocados de forma randomizada em dois grupos de estudo: um grupo controle (GC; n = 20), que não sofrerá nenhuma intervenção recuperativa, e o grupo experimental (GE, n = 20), que será submetido a uma intervenção recuperativa por meio de imersão em água fria por 15 minutos a temperatura de 13 ± 1ºC.
Para realização deste estudo os voluntários serão submetidos a um ensaio composto por quatro etapas. Na primeira etapa será determinada a condição basal do voluntário antes da periodização. O voluntário realizará a avaliação da função muscular por meio da contração voluntária máxima e os testes funcionais, sendo eles: teste de 30 metros, teste t de agilidade, teste de salto vertical (squat jump) e teste de 40 segundos.</text></passage><passage><infon key="section">inclusion_criteria</infon><infon key="lang">pt-br</infon><offset>-1</offset><text>Voluntários sadios; sexo masculino; idade entre 13 e 18 anos; jogadores de futebol.</text></passage><passage><infon key="section">exclusion_criteria</infon><infon key="lang">pt-br</infon><offset>-1</offset><text>Voluntários tabagistas; uso de medicamentos que influenciam a atividade autonômica do coração como, por exemplo, betabloqueadores e inibidor da enzima conversora da angiotensina; etilistas; uso de medicamentos antiinflamatórios de forma crônica como, por exemplo, betametasona; diagnóstico de distúrbios metabólicos e/ou endócrinos conhecidos como, por exemplo, diabetes mellitus e dislipedemia; e que não estejam disponíveis para participar de todas as etapas do estudo.</text></passage></document></collection>