<?xml version="1.0" encoding="UTF-8"?><!DOCTYPE collection SYSTEM "BioC.dtd"><collection><source></source><date></date><key></key><document><id>RBR-3xgjf3</id><passage><infon key="section">public_title</infon><infon key="lang">en</infon><offset>-1</offset><text>Promotion of self-care for people with Diabetes</text></passage><passage><infon key="section">scientific_title</infon><infon key="lang">en</infon><offset>-1</offset><text>Consultation of nursing as a strategy for the promotion of self-care for people with Diabetes Mellitus</text></passage><passage><infon key="section">freetext</infon><infon key="lang">en</infon><offset>-1</offset><text>Diabetes mellitus type 2</text></passage><passage><infon key="section">freetext</infon><infon key="lang">en</infon><offset>-1</offset><text>Experimental group: 67 individuals diagnosed with Diabetes Mellitus, will participate in three nursing visits (lasting no more than 1 hour, with a minimum interval of two months and a maximum of 2 months and 15 days between each) and receive two phone calls (with an average duration of 15 minutes) with a minimum interval of one month and a maximum of one month and 15 days after each query. In consultations related guidance will be offered to foot care, diet, drug treatment, 
insulin, physical activity, self-care, in addition to the measurement of blood pressure and assessment of anthropometric measurements. At the beginning and end of the intervention collection of biological material for analysis of blood levels of total cholesterol (TC), high density lipoprotein (HDL-C), low density lipoprotein (LDL-C), triglycerides (TG) will occur, glucose and glycated hemoglobin. </text></passage><passage><infon key="section">inclusion_criteria</infon><infon key="lang">en</infon><offset>-1</offset><text>Be registered in the Basic Health Unit as a person diagnosed with Diabetes Mellitus type 2; minimum age of 40 years; both genders; have availability to attend consultations.</text></passage><passage><infon key="section">exclusion_criteria</infon><infon key="lang">en</infon><offset>-1</offset><text>Do not move to the Health Unit for consultations; Cognitive impairment and \ or hearing referred by the health team.</text></passage><passage><infon key="section">primary_outcome</infon><infon key="lang">en</infon><offset>-1</offset><text>Average reduction of glycated hemoglobin in the period of five months verified by the nursing consultation with the use of self-care supported from the observation of a variation of at least 5% in pre and post intervention measurements.</text></passage><passage><infon key="section">primary_outcome</infon><infon key="lang">pt-br</infon><offset>-1</offset><text>Redução da média de hemoglobina glicada no período de 5 meses verificado por meio da consulta de enfermagem com a utilização do autocuidado apoiado a partir da constatação de uma variação de pelo menos 5% nas medições pré e pós intervenção.</text></passage><passage><infon key="section">primary_outcome</infon><infon key="lang">en</infon><offset>-1</offset><text>Average reduction of glycated hemoglobin (0.7) within five months verified by the nursing consultation with the use of self-care supported from the observation of a variation of approximately 8.1% in pre and post intervention measurements.</text></passage><passage><infon key="section">primary_outcome</infon><infon key="lang">pt-br</infon><offset>-1</offset><text>Redução da média de hemoglobina glicada (0,7)  no período de 5 meses verificado por meio da consulta de enfermagem com a utilização do autocuidado apoiado a partir da constatação de uma variação aproximada de 8,1% nas medições pré e pós intervenção.</text></passage><passage><infon key="section">secondary_outcome</infon><infon key="lang">en</infon><offset>-1</offset><text>Increased knowledge score and attitude towards the disease, the 5-month period by performing nursing consultations with the use of self-care supported by altering the unsatisfactory knowledge to finding satisfactory and evolution of the negative attitude of dominance against disease for positive attitude in the pre and post intervention measurements.</text></passage><passage><infon key="section">secondary_outcome</infon><infon key="lang">pt-br</infon><offset>-1</offset><text>Aumento do escore de conhecimento e atitude frente a doença,  no período de 5 meses  por meio da realização da consulta de enfermagem com a utilização do autocuidado apoiado a partir da constatação de alteração do conhecimento insatisfatório para satisfatório e evolução do predomínio de atitude negativa frente a doença para atitude positiva nas medições pré e pós intervenção.</text></passage><passage><infon key="section">secondary_outcome</infon><infon key="lang">en</infon><offset>-1</offset><text>Increased knowledge score and attitude towards the disease, the 5-month period by performing nursing consultations with the use of self-care supported with little knowledge of evolution of the disease to satisfactory knowledge, as to attitude although the final score has improving the negative attitude remained prevalent.</text></passage><passage><infon key="section">secondary_outcome</infon><infon key="lang">pt-br</infon><offset>-1</offset><text>Aumento do escore de conhecimento e atitude frente a doença,  no período de 5 meses  por meio da realização da consulta de enfermagem com a utilização do autocuidado apoiado com evolução do conhecimento insatisfatório sobre a doença para conhecimento satisfatório, já para atitude embora o escore final tenha melhorando a atitude negativa se manteve prevalente. </text></passage><passage><infon key="section">public_title</infon><infon key="lang">pt-br</infon><offset>-1</offset><text>Promoção do autocuidado de pessoas com Diabetes</text></passage><passage><infon key="section">scientific_title</infon><infon key="lang">pt-br</infon><offset>-1</offset><text>A Consulta de enfermagem como estratégia de promoção do autocuidado de pessoas com Diabetes Mellitus</text></passage><passage><infon key="section">freetext</infon><infon key="lang">pt-br</infon><offset>-1</offset><text>Grupo experimental: 67 indivíduos com diagnóstico de Diabetes Mellitus,participarão de três consultas de enfermagem (com duração de no máximo 1 hora, com intervalo mínimo de dois meses e máximo de 2 meses e 15 dias entre cada uma delas) e receberão duas ligações telefônicas(com duração média de 15 minutos) com intervalo mínimo de um mês e máximo de um mês e 15 dias após cada consulta. Nas consultas serão oferecidas orientações relacionadas aos cuidados com os pés, alimentação,  tratamento medicamentoso,
insulina, atividade física, autocuidado, além da aferição de pressão arterial e avaliação das medidas antropométricas. No início e no fim da intervenção irá ocorrer coleta de material biológico para análise dos níveis sanguíneos de colesterol total (CT), lipoproteína de alta densidade (HDL-C), lipoproteína de baixa densidade (LDL-C), triglicerídeos (TG), de glicose e hemoglobina glicada.</text></passage><passage><infon key="section">inclusion_criteria</infon><infon key="lang">pt-br</infon><offset>-1</offset><text>Ser cadastrado na Unidade Básica de Saúde como pessoa com diagnóstico de Diabetes Mellitus tipo 2; idade mínimo de 40 anos;ambos os gêneros;ter disponibilidade para comparecer as consultas.

</text></passage><passage><infon key="section">exclusion_criteria</infon><infon key="lang">pt-br</infon><offset>-1</offset><text>Não se deslocar até a Unidade de Saúde para as consultas; Déficit cognitivo e\ou auditivo referido pela equipe de saúde.</text></passage></document></collection>