<?xml version="1.0" encoding="UTF-8"?><!DOCTYPE collection SYSTEM "BioC.dtd"><collection><source></source><date></date><key></key><document><id>RBR-2vmk27</id><passage><infon key="section">public_title</infon><infon key="lang">en</infon><offset>-1</offset><text>Stability Evaluation and Clinical-Laboratory Study to Verify and Compare Efficay and Safety of Retinoic Acid Cream 0.05% and 5% in Superficial Peels</text></passage><passage><infon key="section">scientific_title</infon><infon key="lang">en</infon><offset>-1</offset><text>Stability Evaluation and Clinical-Laboratory Study to Verify and Compare Efficay and Safety of Retinoic Acid Cream 0.05% and 5% in Superficial Peels


</text></passage><passage><infon key="section">freetext</infon><infon key="lang">en</infon><offset>-1</offset><text>actinic keratosis, nonthrombocytopenic purpura,  melanin hyperpigmentation, cutis laxa senilis, leukoderma, skin changes due to chronic exposure to nonionizing radiation  </text></passage><passage><infon key="section">freetext</infon><infon key="lang">en</infon><offset>-1</offset><text>      24 research</text></passage><passage><infon key="section">inclusion_criteria</infon><infon key="lang">en</infon><offset>-1</offset><text>Healthy women that past menopause and were not hormone replacement of any kind, over the age of 60; phototypes II and III according to Fitzpatrick</text></passage><passage><infon key="section">exclusion_criteria</infon><infon key="lang">en</infon><offset>-1</offset><text>Local treatment, except sunscreens, with tretinoin for at least 6 months, other retinoids, alpha-hydroxy acids, polyhydroxy acids, beta-hydroxy acids and ascorbic acid for at least 3 months; previous treatment with oral retinoid in the last 6 months; previous treatment with superficial chemical peels, microdermabrasion and laser non-ablative, for a period not exceeding three months; presence of infectious or inflammatory dermatoses in the upper limbs; chemotherapy in the last three months; clinical evidence of immunosuppression.</text></passage><passage><infon key="section">primary_outcome</infon><infon key="lang">en</infon><offset>-1</offset><text>Clinical improvement of photodamaged skin of the forearm, supported by additional tests (photographic scale, noninvasive assays, histological and immunohistochemical findings) after topical treatment with retinoic acid, but with a statistically significant difference between the two therapeutic models (0.05% vs. 5%).  </text></passage><passage><infon key="section">primary_outcome</infon><infon key="lang">pt-br</infon><offset>-1</offset><text>Melhora clínica da pele fotoenvelhecida do antebraço, corroborada por exames adicionais (escala fotográfica, exames não-inavasivos, histológicos e imuno-histoquímicos) após o tratamento tópico com ácido retinóico, mas com diferença estatisticamente significante entre os 2 modelos terapêuticos (0,05% versus 5%).</text></passage><passage><infon key="section">secondary_outcome</infon><infon key="lang">en</infon><offset>-1</offset><text>Differences between the two tolerability therapeutic models (0.05% vs. 5%), evaluated clinically and by means of noninvasive tests (corneometry, for example).</text></passage><passage><infon key="section">secondary_outcome</infon><infon key="lang">pt-br</infon><offset>-1</offset><text>Diferenças na tolerabilidade entre os 2 modelos terapêuticos (0,05% versus 5% ), avaliadas clinicamente e através dos exames não-invasivos (corneometria, por exemplo).</text></passage><passage><infon key="section">public_title</infon><infon key="lang">pt-br</infon><offset>-1</offset><text>Avaliação da Estabilidade e Estudo Clínico-Laboratorial para Verificar e Comparar Eficácia e Segurança do Ácido Retinóico a 0.05% em Creme e a 5% em Peelings Superficiais</text></passage><passage><infon key="section">scientific_title</infon><infon key="lang">pt-br</infon><offset>-1</offset><text>Avaliação da Estabilidade e Estudo Clínico-Laboratorial para Verificar e Comparar Eficácia e Segurança do Ácido Retinóico a 0.05% em Creme e a 5% em Peelings Superficiais</text></passage><passage><infon key="section">freetext</infon><infon key="lang">pt-br</infon><offset>-1</offset><text>24 sujeitos da pesquisa serão tratados topicamente com ácido retinóico a 0,05% na superfície extensora de um antebraço 3 noites alternadas por semana durante 6 meses, e serão submetidos a 8 peelings seriados e quinzenais de ácido retinóico na concentração de 5% na superfície extensora do antebraço contralateral. A aplicação do ácido retinóico a 0,05% será domiciliar, enquanto o peeling  será aplicado pelo pesquisador responsável, que supervisionará o tratamento domiciliar. A determinação do antebraço e seu tratamento será randomizada. Após 30 dias do final de cada tratamento será feita 1 biópsia com punch de 3 mm no antebraço tratado, para os exames histopatológico e imuno-histoquímico.
       No início e durante o estudo será realizada avaliação fotográfica pela escala de Guimarães (2015) numa área delimitada por linhas imaginárias horizontais sobre as articulações do punho e do cotovelo, e linhas imaginárias verticais na transição da região flexora e extensora de cada lado do antebraço.</text></passage><passage><infon key="section">inclusion_criteria</infon><infon key="lang">pt-br</infon><offset>-1</offset><text>Mulheres saudáveis que passaram da menopausa e que não façam reposição hormonal de nenhum tipo, com idade acima de 60 anos; fototipos II e III de acordo com a classificação de Fitzpatrick (1988) (ANEXO 2); presença de queratoses actínicas superficiais e múltiplas, através de escore proposto na escala de Guimarães (2015) (ANEXO 3); concordância em evitar a exposição solar durante todo o estudo; concordância com as condições do estudo, capacidade de compreender e seguir rigorosamente as orientações recebidas, disponibilidade para comparecer às reavaliações periódicas e assinatura do TCLE (ANEXO 1).</text></passage><passage><infon key="section">exclusion_criteria</infon><infon key="lang">pt-br</infon><offset>-1</offset><text>Tratamento tópico, exceto filtros solares, com tretinoína há pelo menos 6 meses,outros retinóides, alfa-hidroxiácidos, poli-hidroxiácidos, beta-hidroxiácidos e ácido ascórbico há pelo menos 3 meses; tratamento prévio com retinóide oral nos últimos 6 meses; tratamento prévio com peelings químicos superficiais, microdermoabrasão e laser não-ablativo, por período igual ou superior a 3 meses; presença de fotodermatose; presença de dermatoses infecciosas ou inflamatórias nos membros superiores; quimioterapia nos últimos 3 meses; evidência clínica de imunossupressão.
</text></passage></document></collection>