<?xml version="1.0" encoding="UTF-8"?><!DOCTYPE collection SYSTEM "BioC.dtd"><collection><source></source><date></date><key></key><document><id>RBR-3d9kqb</id><passage><infon key="section">public_title</infon><infon key="lang">en</infon><offset>-1</offset><text>Effect of peanut in appetite and diabetes risk</text></passage><passage><infon key="section">scientific_title</infon><infon key="lang">en</infon><offset>-1</offset><text>Acute and second meal effects of peanuts on glycemic response and appetite in obese women a randomized crossover trial</text></passage><passage><infon key="section">freetext</infon><infon key="lang">en</infon><offset>-1</offset><text>Impaired glucose tolerance, Type 2 diabetes mellitus, Obesity</text></passage><passage><infon key="section">freetext</infon><infon key="lang">en</infon><offset>-1</offset><text>Fifteen obese women with high type 2 diabetes risk participated in a randomized crossover trial lasting 8 hours where 42.5g of whole peanuts (P), peanut butter (PB), or no peanuts (control - C) were added to a 75g available carbohydrate-matched breakfast meal.</text></passage><passage><infon key="section">inclusion_criteria</infon><infon key="lang">en</infon><offset>-1</offset><text>Age 18 - 60 years, body mass index  between 30 - 35 kg/m2, not taking medications known to affect glycemia, fat metabolism, or appetite; regular breakfast consumer (?100 kilocalories ingested within 2 hours of waking on ?4d/wk); no body weight fluctuation (</text></passage><passage><infon key="section">exclusion_criteria</infon><infon key="lang">en</infon><offset>-1</offset><text>Type 2 diabetes, dyslipidemia or high blood pressure.</text></passage><passage><infon key="section">primary_outcome</infon><infon key="lang">en</infon><offset>-1</offset><text>Improvement on glucose homeostasis (Glucose, insulin and free fatty acids)</text></passage><passage><infon key="section">primary_outcome</infon><infon key="lang">pt-br</infon><offset>-1</offset><text>Melhora na homeostase glicêmica (Glicose, Insulina e Ácidos graxos livres)</text></passage><passage><infon key="section">secondary_outcome</infon><infon key="lang">en</infon><offset>-1</offset><text>Higher concentration  of Glucagon-like peptide-1 , cholecystokinin and Peptide YY; Increase satiety; Reduction of food intake.</text></passage><passage><infon key="section">secondary_outcome</infon><infon key="lang">pt-br</infon><offset>-1</offset><text>Elevação dos níveis de Glucagon-like peptide-1 , Colecistocinina e Peptídeo YY; Aumento da Saciedade; Redução da Ingestão alimentar. </text></passage><passage><infon key="section">public_title</infon><infon key="lang">pt-br</infon><offset>-1</offset><text>Efeito do amendoim no apetite e risco de diabetes</text></passage><passage><infon key="section">scientific_title</infon><infon key="lang">pt-br</infon><offset>-1</offset><text>Efeitos do consumo de amendoim na resposta glicêmica e apetite em mulheres obesas um ensaio clínico randomizado cruzado</text></passage><passage><infon key="section">freetext</infon><infon key="lang">pt-br</infon><offset>-1</offset><text>Quinze mulheres obesas com alto risco para diabetes tipo 2 participaram de um ensaio clínico randomizado cruzado com 8 horas de duração, no qual 42,5g de amendoim (P), pasta de amendoim (PB) ou controle (sem amendoim - C) foram adicionados a um desjejum padrão contendo 75g de carboidratos disponível. </text></passage><passage><infon key="section">inclusion_criteria</infon><infon key="lang">pt-br</infon><offset>-1</offset><text>Idade 18-60 anos, índice de massa corporal entre 30-35 kg/m2, não fazer uso de medicamentos que afetam a glicemia, o metabolismo dos lipídios ou apetite; consumir regularmente desjejum (? 100 Kcal ingeridas dentro de 2 horas após despertar em mais de 4x/sem.), sem variação de peso corporal (</text></passage><passage><infon key="section">exclusion_criteria</infon><infon key="lang">pt-br</infon><offset>-1</offset><text>Diabetes tipo 2, dislipidemia e hipertensão arterial.</text></passage></document></collection>