<?xml version="1.0" encoding="UTF-8"?><!DOCTYPE collection SYSTEM "BioC.dtd"><collection><source></source><date></date><key></key><document><id>RBR-2xj368</id><passage><infon key="section">public_title</infon><infon key="lang">en</infon><offset>-1</offset><text>Influence of resveratrol (grappe seed extract) on heart beats at rest and during exercise in adults with hypertension. </text></passage><passage><infon key="section">scientific_title</infon><infon key="lang">en</infon><offset>-1</offset><text>Effects of resveratrol supplementation on heart rate variability in adults with hypertension</text></passage><passage><infon key="section">freetext</infon><infon key="lang">en</infon><offset>-1</offset><text>Hypertension</text></passage><passage><infon key="section">freetext</infon><infon key="lang">en</infon><offset>-1</offset><text>Experimental group: 20 adults with hypertension will take the resveratrol capsules (100 mg) in the morning for 30 days (1 time/day). Control group: 20 adults with hypertension will take the placebo capsules (100 mg of cellulose) in the morning for 30 days (1 time/day)</text></passage><passage><infon key="section">inclusion_criteria</infon><infon key="lang">en</infon><offset>-1</offset><text>Adults of both genders, aged between 35-70, with hypertension.
</text></passage><passage><infon key="section">exclusion_criteria</infon><infon key="lang">en</infon><offset>-1</offset><text>No additional orthopedic deficiencies impairing ambulation
Uncontrolled high blood pressure </text></passage><passage><infon key="section">primary_outcome</infon><infon key="lang">en</infon><offset>-1</offset><text>An increase of at least 10% in heart rate variability, verified by heart monitor, in measurements pre and post 30 days of resveratrol supplementation  </text></passage><passage><infon key="section">primary_outcome</infon><infon key="lang">pt-br</infon><offset>-1</offset><text>Um aumento de pelo menos 10% na variabilidade da frequência cardíaca, verificada por monitor cardíaco, nas medições pré e pós 30 dias de suplementação com resveratrol</text></passage><passage><infon key="section">secondary_outcome</infon><infon key="lang">en</infon><offset>-1</offset><text>A reduction of at least 3% in total body fat, verified by tetrapolar electrical bioimpedance, in measurements pre and post 30 days resveratrol supplementation  </text></passage><passage><infon key="section">secondary_outcome</infon><infon key="lang">pt-br</infon><offset>-1</offset><text>Uma redução de pelo menos 3% na gordura corporal total, verificada por bioimpedância elétrica tetrapolar, nas medições pré e pós 30 dias de suplementação com resveratrol</text></passage><passage><infon key="section">public_title</infon><infon key="lang">pt-br</infon><offset>-1</offset><text>Influência do resveratrol (extrato da semente de uva) no batimento cardíaco ao repouso e durante o exercício em adultos com hipertensão. </text></passage><passage><infon key="section">scientific_title</infon><infon key="lang">pt-br</infon><offset>-1</offset><text>Efeitos da suplementação de resveratrol na variabilidade da frequência cardíaca em adultos hipertensos</text></passage><passage><infon key="section">freetext</infon><infon key="lang">pt-br</infon><offset>-1</offset><text>Grupo experimental: 20 adultos com hipertensão tomarão as cápsulas de resveratrol (100 mg) pela manhã por 30 dias (1 vez ao dia). Grupo controle: 20 adultos com hipertensão tomarão as cápsulas de placebo (100 mg de celulose) pela manhã por 30 dias (1 vez ao dia) </text></passage><passage><infon key="section">inclusion_criteria</infon><infon key="lang">pt-br</infon><offset>-1</offset><text>Adultos de ambos os gêneros, com idade entre 35 e 70 anos, com hipertensão.
</text></passage><passage><infon key="section">exclusion_criteria</infon><infon key="lang">pt-br</infon><offset>-1</offset><text>Limitação física que impeça o teste na esteira Pressão arterial descompensada
Diagnóstico de diabetes ou cardiopatia</text></passage></document></collection>