<?xml version="1.0" encoding="UTF-8"?><!DOCTYPE collection SYSTEM "BioC.dtd"><collection><source></source><date></date><key></key><document><id>RBR-57xtk7</id><passage><infon key="section">public_title</infon><infon key="lang">en</infon><offset>-1</offset><text>Efficacy of a physical exercises protocol for legs in patients with venous chronic insufficiency
</text></passage><passage><infon key="section">scientific_title</infon><infon key="lang">en</infon><offset>-1</offset><text>Efficacy of a physical exercises protocol for lower limbs in patients with venous chronic insufficiency- Clinic trial randomized
</text></passage><passage><infon key="section">freetext</infon><infon key="lang">en</infon><offset>-1</offset><text>Chronic Venous Insufficiency
</text></passage><passage><infon key="section">freetext</infon><infon key="lang">en</infon><offset>-1</offset><text>The sample will be composed of 20 individuals. After meet the eligibility criteria, all subjects will be evaluated by a blinded examiner using a questionnaire that will include socio-demographic data, associated diagnoses, CVI diagnosis time, detailed clinical and functional information, disease classification through CEAP criteria, morphological characteristics of the ulcer, if present, AAM, muscular Resistance, Functional capacity and issues related to quality of life of the patient (veines-QOL). In the next step, the subject will be properly allocated randomly into two evaluator-blind groups. All patients will receive health education classes that include information about and care and treatment available to improve symptoms and quality of life related to health disease (HRQOL). The patients in the GI (intervention group) will be subjected to physical therapy, performing, supervised way, the protocol proposed exercises in peripheral vascular physiotherapy clinic. Participants in the control group (control group) did not receive treatment during this period. After eight weeks of intervention, the two groups will be reassessed by the original examiner, blind and other past eight weeks, will be reevaluated.

Education classes in Health</text></passage><passage><infon key="section">inclusion_criteria</infon><infon key="lang">en</infon><offset>-1</offset><text>individuals of both genders; aged between 35 to 69 years; diagnosed with Chronic Venous Insufficiency; ranked by criteria CEAP 2-6 without peripheral arterial disease associated, ankle index brachial between 1.3 and 0.9; with test ecco-doppler vascular venous
</text></passage><passage><infon key="section">exclusion_criteria</infon><infon key="lang">en</infon><offset>-1</offset><text>subjects who did not agree to participate in this study; who presented ulcers with a diameter greater than 4 cm or with clinical signs and / or confirmed diagnosis of infection; who are unable to attend the physiotherapy service twice a week and / or show inconsistent clinical manifestations with performing exercises such as congestive heart failure (class 3 or 4), angina, recent venous thrombosis, limiting musculoskeletal disorders or who have difficulty in understanding the activities.
</text></passage><passage><infon key="section">primary_outcome</infon><infon key="lang">en</infon><offset>-1</offset><text>Functional mobility (increase in the number of climbs on the step to muscle fatigue,evaluated by the step test, at least 5%, after eight weeks of treatment)</text></passage><passage><infon key="section">primary_outcome</infon><infon key="lang">pt-br</infon><offset>-1</offset><text>Mobilidade Funcional (aumento no número de subidas no degrau até a fadiga muscular, avaliados pelo teste do degrau,em pelo menos 5%,, após oito semanas de tratamento)</text></passage><passage><infon key="section">primary_outcome</infon><infon key="lang">en</infon><offset>-1</offset><text>sural triceps muscle resistance (increase in the heel lift number to muscle fatigue,evaluated by heel raise test, at least 5% , after eight weeks of treatment)</text></passage><passage><infon key="section">primary_outcome</infon><infon key="lang">pt-br</infon><offset>-1</offset><text>Resistência muscular do tríceps sural (aumento no número de elevações do calcanhar até a fadiga muscular,avaliadas pelo teste da ponta do pé,em pelo menos 5%,após oito semanas de tratamento)</text></passage><passage><infon key="section">primary_outcome</infon><infon key="lang">en</infon><offset>-1</offset><text>Range motion (increasing degree of range of motion of the ankle,measured by an angular measurement device, at least 5%, after eight weeks of treatment)</text></passage><passage><infon key="section">primary_outcome</infon><infon key="lang">pt-br</infon><offset>-1</offset><text>Amplitude articular de movimento (aumento do grau de amplitude articular do tornozelo,medida por um dispositivo de medição angular, em pelo menos 5%,após oito semanas de tratamento)</text></passage><passage><infon key="section">secondary_outcome</infon><infon key="lang">en</infon><offset>-1</offset><text>Quality of life (improvement in quality of life, measured by veines-QOL instrument, observed by the difference of at least three points,after eight weeks of treatment) </text></passage><passage><infon key="section">secondary_outcome</infon><infon key="lang">pt-br</infon><offset>-1</offset><text>Qualidade de vida (melhora na qualidade de vida,medida pelo instrumento VEINES-QOL, observada pela diferença de pelo menos três pontos após oito semanas)  </text></passage><passage><infon key="section">public_title</infon><infon key="lang">pt-br</infon><offset>-1</offset><text>Eficácia de um protocolo de exercícios para pernas em pacientes com Insuficiência Venosa Crônica</text></passage><passage><infon key="section">scientific_title</infon><infon key="lang">pt-br</infon><offset>-1</offset><text>Eficácia de um protocolo de exercícios para membros inferiores em pacientes com Insuficiência Venosa Crônica- Ensaio clínico randomizado
</text></passage><passage><infon key="section">freetext</infon><infon key="lang">pt-br</infon><offset>-1</offset><text>A amostra será composta por 20 indivíduos. Após atenderem os critérios de elegibilidade, todos os sujeitos serão avaliados por um examinador cego através de um questionário que incluirá dados sócio demográficos, diagnósticos associados, tempo de diagnóstico da IVC, informações clínicas e funcionais detalhadas, Classificação da doença através dos critérios do CEAP, características morfológicas da úlcera, caso apresente, AAM, Resistencia muscular, Capacidade Funcional e questões relacionadas à qualidade de vida do paciente (VEINES-QOL). Na etapa seguinte, os sujeitos serão apropriadamente alocados de forma randomizada em dois grupos avaliador-cego. Todos os pacientes receberão aula de educação em saúde que incluirá informações a respeito da doença bem como cuidados e tratamentos disponíveis para a melhoria dos sintomas e da qualidade de vida relacionada à saúde (QVRS). Os pacientes alocados no GI (grupo intervenção) serão submetido a tratamento fisioterapêutico, executando, de forma supervisionada, o protocolo de exercícios propostos no ambulatório de fisioterapia vascular periférica. Os participantes do GC (grupo controle) não receberão tratamento durante este período. Após oito semanas de intervenção, os dois grupos serão reavaliados pelo examinador inicial, cego e, passadas outras oito semanas, serão novamente reavaliados.
Aulas de Educação em Saúde</text></passage><passage><infon key="section">inclusion_criteria</infon><infon key="lang">pt-br</infon><offset>-1</offset><text>indivíduos de ambos os gêneros; com idade entre 35 a 69 anos; com diagnóstico de Insuficiência Venosa Crônica; classificados pelos critérios do CEAP 2 a 6; sem doença arterial periférica associada,índice tornozelo braquial entre 1,3 e 0,9; com exame de ecco-doppler vascular venoso</text></passage><passage><infon key="section">exclusion_criteria</infon><infon key="lang">pt-br</infon><offset>-1</offset><text>sujeitos que não concordarem em participar deste estudo; que apresentarem úlceras com diâmetro maior que 4 cm ou com sinais clínicos e/ou diagnóstico confirmado de infecção; que forem incapazes de frequentar o serviço de fisioterapia duas vezes por semana e/ou apresentarem manifestações clínicas incompatíveis com a realização de exercícios como: insuficiência cardíaca congestiva (classe funcional 3 ou 4), angina, trombose venosa recente, doenças músculo-esqueléticas limitantes ou que apresentem dificuldade de compreensão das atividades.</text></passage></document></collection>