<?xml version="1.0" encoding="UTF-8"?><!DOCTYPE collection SYSTEM "BioC.dtd"><collection><source></source><date></date><key></key><document><id>RBR-2xx2z4</id><passage><infon key="section">public_title</infon><infon key="lang">en</infon><offset>-1</offset><text>Effect of an intervention program for nutrition education and physical activity in the prevention of obesity in schoolchildren</text></passage><passage><infon key="section">scientific_title</infon><infon key="lang">en</infon><offset>-1</offset><text>Effect of an intervention program with nutrition education and physical activity in the prevention of obesity in school children: a randomized controlled trial </text></passage><passage><infon key="section">freetext</infon><infon key="lang">en</infon><offset>-1</offset><text>Obesity, Pediatric Obesity</text></passage><passage><infon key="section">freetext</infon><infon key="lang">en</infon><offset>-1</offset><text>Intervention group: 250 students from first to fourth grade of elementary school ( totaling six school) will receive an intervention program with nutrition education and physical activity. In schools in the intervention group, the program execution will be held twice a month , in the afternoon , lasting 50 minutes during a school year. Intervention with an active nutrition education program will be implemented by promoting healthy eating through playful practice . The physical activity intervention will be addressed through the Developmental Physical Activity through play . Control group : 250 students from first to fourth grade of elementary school ( totaling six school) , follow with the regular activities of the schools, without any intervention.</text></passage><passage><infon key="section">inclusion_criteria</infon><infon key="lang">en</infon><offset>-1</offset><text>Students of both sexes, who are regularly enrolled and regulars from first to fourth year of elementary school in the afternoon of the schools in the city of Porto Alegre-RS.</text></passage><passage><infon key="section">exclusion_criteria</infon><infon key="lang">en</infon><offset>-1</offset><text>Students with disabilities to perform the anthropometric measures and special needs . In addition to the students who did not agree to undergo anthropometric measures and participation in the intervention program .</text></passage><passage><infon key="section">primary_outcome</infon><infon key="lang">en</infon><offset>-1</offset><text>It is expected a difference of means 0.45 ( kg / m² ) in body mass index between the intervention and control groups .</text></passage><passage><infon key="section">primary_outcome</infon><infon key="lang">pt-br</infon><offset>-1</offset><text>Espera-se uma diferença das médias de 0,45 (kg/m²) no índice de massa corporal, entre o grupo intervenção e o grupo controle. O IMC será definido pela relação entre o peso em quilogramas e a altura em metros elevada ao quadrado (kg/m²). </text></passage><passage><infon key="section">secondary_outcome</infon><infon key="lang">en</infon><offset>-1</offset><text>We expect a modification of the prevalence of obesity , waist circumference , body fat percentage , blood pressure level , dietary habits and level of physical activity between groups.  For the assessment of nutritional status will use the Body Mass Index (BMI), with cutoff points based on Z-score for age and sex, recommended by the Ministry of Health (Brazil), which adopts the criteria used by the World Health Organization circumference waist is obtained using an inelastic tape placed in the umbilicus. The percentage of body fat will be measured by bioelectrical impedance method. The measurement of blood pressure follow the recommendations of the VI Brazilian Guidelines on Hypertension Arterial.O level of physical activity and food consumption will be evaluated through a questionnaire.</text></passage><passage><infon key="section">secondary_outcome</infon><infon key="lang">pt-br</infon><offset>-1</offset><text>Espera-se uma modificação na prevalência da obesidade,  circunferência da cintura, percentual de gordura corporal, nível de pressão arterial, hábitos alimentares e no nível de atividade física entre os grupos.  Para a avaliação do estado nutricional será utilizado o Índice de Massa Corporal (IMC), com pontos de corte baseados no escore Z para idade e sexo, preconizado pelo Ministério da Saúde (Brasil), que adota os critérios utilizados pela Organização Mundial da Saúde. A circunferência da cintura  será obtida com fita métrica inelástica posicionada na cicatriz umbilical. O percentual de gordura corporal será avaliado pelo método de bioimpedância elétrica. A mensuração da pressão arterial seguirá as recomendações das VI Diretrizes Brasileiras de Hipertensão Arterial.O nível de atividade física e a consumo alimentar será avaliado através de questionário.   </text></passage><passage><infon key="section">public_title</infon><infon key="lang">pt-br</infon><offset>-1</offset><text>Efeito de um programa de intervenção com educação nutricional e atividade física na prevenção da obesidade em escolares</text></passage><passage><infon key="section">scientific_title</infon><infon key="lang">pt-br</infon><offset>-1</offset><text>Efeito de um programa de intervenção com educação nutricional e atividade física na prevenção da obesidade em escolares: um estudo controlado randomizado </text></passage><passage><infon key="section">freetext</infon><infon key="lang">pt-br</infon><offset>-1</offset><text>Grupo Intervenção: 250 escolares do primeiro ao quarto ano do ensino fundamental (totalizando seis escola) receberão um programa de intervenção com educação nutricional e  atividade física  Nas escolas do grupo intervenção, a execução do programa será realizada duas vezes por mês, no período da tarde, com duração de 50 minutos, durante um ano letivo . Na intervenção com educação nutricional será aplicado um programa ativo promovendo a alimentação saudável, através de práticas lúdica. A intervenção com atividade física será abordada através da Atividade Física Desenvolvimentista  através de brincadeiras. Grupo controle: 250 escolares do primeiro ao quarto ano do ensino fundamental (totalizando seis escola), seguirão com as atividades regulares da escolas, sem nenhum tipo de intervenção.</text></passage><passage><infon key="section">inclusion_criteria</infon><infon key="lang">pt-br</infon><offset>-1</offset><text>Escolares de ambos os sexos, que estão regularmente matriculados e frequentadores 
do primeiro ao quarto ano do ensino fundamental no turno da tarde das escolas municipais da cidade de Porto Alegre- RS. </text></passage><passage><infon key="section">exclusion_criteria</infon><infon key="lang">pt-br</infon><offset>-1</offset><text>Escolares com incapacidade de realizar as medidas antropométricas  e com necessidades especiais. Além dos alunos que não concordarem em realizar as medidas antropométricas e a participação no programa de intervenção. </text></passage></document></collection>