<?xml version="1.0" encoding="UTF-8"?><!DOCTYPE collection SYSTEM "BioC.dtd"><collection><source></source><date></date><key></key><document><id>RBR-234nb5</id><passage><infon key="section">public_title</infon><infon key="lang">en</infon><offset>-1</offset><text>Interdisciplinary intervention with motivational approach in adolescents with overweight and obese</text></passage><passage><infon key="section">scientific_title</infon><infon key="lang">en</infon><offset>-1</offset><text>Interdisciplinary intervention effectiveness on motivacional approach in lifestyle modification in teenager with overweight and obesity

</text></passage><passage><infon key="section">freetext</infon><infon key="lang">en</infon><offset>-1</offset><text>Overweight and obesity</text></passage><passage><infon key="section">freetext</infon><infon key="lang">en</infon><offset>-1</offset><text>Control Group (CG): Objective: Developing skills through educational initiatives in health using the pedagogy of transmission. Length: 12 sessions, 3 months. Frequency: Weekly. Sample: 60 adolescents 15-18 years. Procedures: It will be led by a professional in each area: psychology, nursing, nutrition and physiotherapy. The professionals will follow a schedule of lectures addressing cardiovascular risk factors and the prevention thereof, according to their area of ??expertise. Session length: 45 minutes.
Interdisciplinary Intervention Group (IG): Objective: Developing skills through educational health actions that provide the development of autonomy and empowerment for behavioral change, based on interdisciplinary motivational strategies. Length: 12 sessions, 3 months. Frequency: Weekly. Sample: 60 adolescents 15-18 years. Procedures: Group meetings will be held in the presence of a member of the nursing staff, physiotherapy, nutrition and psychology. The first 1 hour and 15 minutes will be addressed health issues related to lifestyle modification (self-care, healthy eating and physical activity) using the fundamentals of the motivational interviewing technique. All themes will focus on the major cardiovascular risk factors considered modifiable. Session duration: 1 hour and 15minutes. After, it is expected to include a moment of physical activity (30 minutes) oriented.</text></passage><passage><infon key="section">inclusion_criteria</infon><infon key="lang">en</infon><offset>-1</offset><text>Adolescents between 15 and 18 years with BMI at or above the 85th percentile.</text></passage><passage><infon key="section">exclusion_criteria</infon><infon key="lang">en</infon><offset>-1</offset><text>Provide absolute contraindication for physical activity for musculoskeletal, neurological, vascular problems (intermittent claudication), lung and heart; presence of diagnosis of severe psychiatric disorders and / or presence of significant cognitive impairments;pregnant women; diagnosis of Diabetes mellitus type I.</text></passage><passage><infon key="section">primary_outcome</infon><infon key="lang">en</infon><offset>-1</offset><text>Reduction of at least 0.5 percentile point on the Body Mass Index (BMI) measured by considering height, weight and the z-score.</text></passage><passage><infon key="section">primary_outcome</infon><infon key="lang">pt-br</infon><offset>-1</offset><text>Redução de pelo menos 0.5 ponto percentil no Índice de Massa Corporal (IMC) medido através do peso e altura e considerando o escore z. </text></passage><passage><infon key="section">secondary_outcome</infon><infon key="lang">en</infon><offset>-1</offset><text>Improvement of physical and dietary aspects: Reduction of at least 5% abdominal circumference measured by waist circumference in cm, of the diet improves the quality measured by the 5% of healthy eating index (IAS), 5% increase in capacity cardiopulmonary measured by VO2 max and reduced at least 7% in systolic blood pressure measured by the blood pressure measurement.Improvement of metabolic aspects: With respect to lipid profile: Reduction of at least 20% of the plasma triglycerides increase of at least 5% of the plasma HDL cholesterol and reduction of at least 5% in total cholesterol and LDL measured by the blood sample.Regarding the glycemic profile is expected to be reduced by at least 5% at the end of the intervention assessed by fasting glucose.Improvement of Psychological aspects: Increase of one point in the continuous variable readiness to change for performing physical exercise and nutrition to be changed after the end of the intervention.</text></passage><passage><infon key="section">secondary_outcome</infon><infon key="lang">pt-br</infon><offset>-1</offset><text>Melhora dos aspectos físicos e alimentares:  Redução de pelo menos 5% na circunferência abdominal medido através da circunferência abdominal em cm, Melhora da qualidade da dieta em 5% medido através do índice de alimentação saudável (IAS), aumento de 5% na capacidade cardiopulmonar medido pelo VO2 máximo e redução de pelo menos 7% na pressão arterial sistólica medido através da aferição de pressão arterial.Melhora dos aspectos metabólicos : Com relação ao perfil lipídico: Redução de pelo menos 20% dos triglicerídeos plasmáticos, aumento de pelo menos 5% do HDL-colesterol plasmáticos e redução de pelo menos 5% no colesterol total e no LDL medidos por amostra de sangue. Com relação ao perfil glicêmico espera-se uma redução de pelo menos 5% ao final da intervenção avaliado por meio da glicemia de jejum. Melhora dos aspectos Psicológicos: Aumento de um ponto na variável contínua prontidão para mudança para realização de exercício físico e para modificação da alimentação após o final da intervenção. </text></passage><passage><infon key="section">public_title</infon><infon key="lang">pt-br</infon><offset>-1</offset><text>Intervenção interdisciplinar com abordagem motivacional em adolescentes com sobrepeso e obesidade</text></passage><passage><infon key="section">scientific_title</infon><infon key="lang">pt-br</infon><offset>-1</offset><text>Efeito de intervenção interdisciplinar com abordagem motivacional na modificação do estilo de vida em adolescentes com sobrepeso e obesidade

</text></passage><passage><infon key="section">freetext</infon><infon key="lang">pt-br</infon><offset>-1</offset><text>Grupo Controle (GC): Objetivo: Desenvolvimento de habilidades por meio de ações educativas em saúde utilizando a pedagogia da transmissão. Duração: 12 sessões, 3 meses. Frequência: Semanal. Amostra: 60 adolescentes de 15 a 18 anos. Procedimentos: Será conduzido por um profissional de cada área: psicologia, enfermagem, nutrição e fisioterapia. Os profissionais seguirão um cronograma de palestras abordando os fatores de risco cardiovasculares e a prevenção dos mesmos, de acordo com a sua área de atuação. Duração da sessão: 45 minutos. 
Grupo Intervenção Interdisciplinar(GI): Objetivo: Desenvolvimento de habilidades por meio de ações educativas em saúde que proporcionem o desenvolvimento da autonomia e do empoderamento para a mudança de comportamento, baseadas em estratégias motivacionais interdisciplinares. Duração: 12 sessões, 3 meses. Frequência: Semanal. Amostra: 60 adolescentes de 15 a 18 anos. Procedimentos: Os encontros do grupo serão realizados na presença de um membro da equipe da enfermagem, fisioterapia, nutrição e psicologia. Na primeira 1h e 15 minutos serão abordados temas em saúde relacionados à modificação do estilo de vida (autocuidado, alimentação saudável e atividade física) utilizando os fundamentos da técnica da entrevista motivacional. Todos os temas serão focados nos principais fatores de risco cardiovasculares considerados modificáveis. Duração da sessão: 1hora e 15minutos. Após, está previsto a inclusão de um momento de atividade física (30 minutos) orientada. </text></passage><passage><infon key="section">inclusion_criteria</infon><infon key="lang">pt-br</infon><offset>-1</offset><text>Adolescentes entre 15 e 18 anos com IMC igual ou maior a percentil 85.

 </text></passage><passage><infon key="section">exclusion_criteria</infon><infon key="lang">pt-br</infon><offset>-1</offset><text>Contra-indicação absoluta para atividade física por problemas músculo-esqueléticos, neurológicos, vasculares (claudicação intermitente),pulmonares e cardíacos; presença de diagnóstico de transtornos psiquiátricos graves e/ou presença de prejuízos cognitivos significativos; gestantes; diagnóstico de diabetes mellitus tipo I.
</text></passage></document></collection>