<?xml version="1.0" encoding="UTF-8"?><!DOCTYPE collection SYSTEM "BioC.dtd"><collection><source></source><date></date><key></key><document><id>RBR-5bxqm5</id><passage><infon key="section">public_title</infon><infon key="lang">en</infon><offset>-1</offset><text>Evaluation of the use of a nasal spray containing a small amount of seawater, after nasal surgery and its impact on improving the quality of life of patients</text></passage><passage><infon key="section">scientific_title</infon><infon key="lang">en</infon><offset>-1</offset><text>Evaluation of the use of a nasal spray solution of sodium chloride 0.9% in the immediate postoperative septoplasty and turbinecotomy and its impact on quality of life of the patient</text></passage><passage><infon key="section">freetext</infon><infon key="lang">en</infon><offset>-1</offset><text>Nasal obstruction</text></passage><passage><infon key="section">freetext</infon><infon key="lang">en</infon><offset>-1</offset><text>Experimental group: 53 patients undergoing post turbenectomy and septoplasty hold the nasal spray solution of sodium chloride 0.9% 6 times a day until the end tube tablets containing 500mg paracetamol and 30 mg of pseudoephedrine hydrochloride with 2 tablets every 8 hours for 3 consecutive days and prednisolone 40mg tablets 1 tablet a day for five consecutive days. Control group: 53 patients undergoing septoplasty post turbenectomia and hold the use of tablets containing 500 mg of acetaminophen and 30 mg of pseudoephedrine hydrochloride 2 tablets every 8 hours for 3 days straight and prednisolone 40mg tablets 1 tablet a day for five consecutive days</text></passage><passage><infon key="section">inclusion_criteria</infon><infon key="lang">en</infon><offset>-1</offset><text>Both sexes; between 18-65 years; indication for surgery septoplasty and inferior bilateral turbinectomy with dislocation of the turbinate; agreement to abide by the procedures and requirements of the test and attend to the Office (s) day (s) and time (s) given (s) for the evaluations</text></passage><passage><infon key="section">exclusion_criteria</infon><infon key="lang">en</infon><offset>-1</offset><text>Use of other nasal decongestant; use of analgesics and corticosteroids not described in the protocol; hypersensitivity (allergy) to components of the formula; use of topical medication in the nasal region; pregnant and lactating women; drinking alcohol during treatment; another surgery associated; 
Use of Gelfoan; packing and splints; </text></passage><passage><infon key="section">primary_outcome</infon><infon key="lang">en</infon><offset>-1</offset><text>Decreased crust formation and mucosal edema and increased ease of removal of the crust in the test group by applying a questionnaire after 3 and 10 days of surgery from the observation of variation of at least one point in clinical scale questionnaire</text></passage><passage><infon key="section">primary_outcome</infon><infon key="lang">pt-br</infon><offset>-1</offset><text>Diminuição da formação de crosta e da edema de mucosa e aumento da facilidade de remoção da crosta no grupo teste através da aplicação de um questionário após 3 e 10 dias da cirurgia a partir da constatação de variação de pelo menos um ponto na escala clínica do questionário</text></passage><passage><infon key="section">secondary_outcome</infon><infon key="lang">en</infon><offset>-1</offset><text>Evaluate the safety of the investigational product through causal analysis of reported adverse events throughout the study</text></passage><passage><infon key="section">secondary_outcome</infon><infon key="lang">pt-br</infon><offset>-1</offset><text>Avaliar a segurança do produto investigacional através da análises relação causal de relatos de eventos adversos ao longo do estudo </text></passage><passage><infon key="section">public_title</infon><infon key="lang">pt-br</infon><offset>-1</offset><text>Avaliação do uso de um spray nasal contendo pequena quantidade de água do mar, após cirurgia nasal e o seu impacto na melhora da qualidade de vida do paciente</text></passage><passage><infon key="section">scientific_title</infon><infon key="lang">pt-br</infon><offset>-1</offset><text>Avaliação do uso de um spray nasal de solução de cloreto de sódio 0,9%  no pós operatório imediato de septoplastia e turbinecotomia e o seu impacto na qualidade de vida do paciente</text></passage><passage><infon key="section">freetext</infon><infon key="lang">pt-br</infon><offset>-1</offset><text>Grupo experimental: 53 pacientes pós operados de septoplastia e turbenectomia realizarão o uso de spray nasal de solução de cloreto de sódio 0,9% 6 vezes ao dia até finalizar o tubo, comprimidos contendo 500mg de paracetamol e 30 mg de cloridrato de pseudoefedrina 2 comprimidos a cada 8 horas por 3 dias seguidos e comprimidos de Prednisolona 40mg 1 comprimido ao dia por cinco dias seguidos. Grupo controle: 53 pacientes pós operados de septoplastia e turbenectomia realizarão o uso de comprimidos contendo 500mg de paracetamol e 30 mg de cloridrato de pseudoefedrina 2 comprimidos a cada 8 horas por 3 dias seguidos e comprimidos de Prednisolona 40mg 1 comprimido ao dia por cinco dias seguidos</text></passage><passage><infon key="section">inclusion_criteria</infon><infon key="lang">pt-br</infon><offset>-1</offset><text>Ambos os sexos; entre 18- 65 anos; 
indicação de cirurgia de septoplastia e turbinectomia inferior bilateral com luxação do corneto; concordância em obedecer aos procedimentos e exigências do ensaio e comparecer ao instituto no(s) dia(s) e horário(s) determinado(s) para as avaliações</text></passage><passage><infon key="section">exclusion_criteria</infon><infon key="lang">pt-br</infon><offset>-1</offset><text>Uso de outro descongestionante nasal; uso de analgésico e corticoide não descrito no protocolo, hipersensibilidade (alergia) aos componentes da fórmula, uso de medicação tópica na região nasal, gestante e lactantes; ingestão de álcool durante o tratamento; outra cirurgia associada; uso de gelfoan; tamponamento e Splint; pacientes que fizeram cirurgia sob anestesia geral; outras condições consideradas pelo médico investigador como razoáveis para a desqualificação do indivíduo na participação do estudo; complicações pós-operatórias (hematomas septal, sangramento abundante com necessidade de tamponamento ou retorno ao centro cirúrgico ou infecção) 
</text></passage></document></collection>