<?xml version="1.0" encoding="UTF-8"?><!DOCTYPE collection SYSTEM "BioC.dtd"><collection><source></source><date></date><key></key><document><id>RBR-5qffrt</id><passage><infon key="section">public_title</infon><infon key="lang">en</infon><offset>-1</offset><text>Treadmill walking in subjects with Parkinson</text></passage><passage><infon key="section">scientific_title</infon><infon key="lang">en</infon><offset>-1</offset><text>Effects of treadmill walking training with additional body load in subjects with Parkinson</text></passage><passage><infon key="section">freetext</infon><infon key="lang">en</infon><offset>-1</offset><text>Neurological gait disorders, Parkinson</text></passage><passage><infon key="section">freetext</infon><infon key="lang">en</infon><offset>-1</offset><text>The training protocol will occurr over 4 consecutive weeks, with three weekly sessions of 30 minutes each. Participants allocated to one of three groups (experimental I, II experimental and control) will be subject to the following conditions:

 -Control group: 10 individuals with Parkinson</text></passage><passage><infon key="section">inclusion_criteria</infon><infon key="lang">en</infon><offset>-1</offset><text>Idiopathic Parkinson</text></passage><passage><infon key="section">exclusion_criteria</infon><infon key="lang">en</infon><offset>-1</offset><text>Blood pressure (SBP) and systolic and diastolic values above, respectively, 200 mmHg and 110 mmHg before and / or after training;
Heart rate (HR) above the permitted submaximal values, calculated by formula [FCsub = 0.75 x (220 - age)]</text></passage><passage><infon key="section">primary_outcome</infon><infon key="lang">en</infon><offset>-1</offset><text>Expected Outcome: Increased speed, stride length, step cadence and percentage of time balance and reduction in the percentage of support time and double support, the group submitted to training with the addition of 10% load.  For these outcomes will be analyzed: spatial and temporal variables - speed (m / s), stride length (m), stride length (m), cadence (steps / min), percentage of the time balance (%), percent support time (%) and percentage of double support time (%).  Expected outcome: Increase in measurements of angular variables.  For this outcome will be analyzed: angular variables - the hip, the maximum extension in support maximum bending in the balance and range of motion (ROM) of the hip, knee, supporting the maximum extent, the maximum flexion in swing, the angle knee ROM at initial contact and knee and ankle, the maximum dorsiflexion in swing, plantar flexion of the fingers when collecting soil at the end of the stance phase (toe-off), the ankle angle at initial contact and ADM ankle.  </text></passage><passage><infon key="section">primary_outcome</infon><infon key="lang">pt-br</infon><offset>-1</offset><text>Desfecho esperado: Aumento da velocidade,  comprimento da passado, passo, cadência e porcentagem do tempo de balanço; e redução na porcentagem do tempo de apoio e duplo apoio, no grupo submetido ao treino com adição de 10% de carga.   Para estes desfechos, serão analisadas: variáveis espaço-temporais - velocidade (m/s), comprimento da passada (m), comprimento do passo (m), cadência (passos/min), porcentagem do tempo de balanço (%), porcentagem do tempo de apoio (%) e porcentagem do tempo de duplo suporte (%).  Desfecho esperado: Aumento das medidas das variáveis angulares.   Para este desfecho, serão analisadas: variáveis angulares - no quadril, a máxima extensão no apoio, máxima flexão no balanço e amplitude de movimento (ADM) do quadril; no joelho, a máxima extensão no apoio, a máxima flexão no balanço, o ângulo do joelho no contato inicial e a ADM do joelho e no tornozelo, a máxima dorsiflexão no balanço, a flexão plantar no momento de retirada dos dedos do solo no final da fase de apoio (toe-off), o ângulo do tornozelo no contato inicial e a ADM do tornozelo.    </text></passage><passage><infon key="section">secondary_outcome</infon><infon key="lang">en</infon><offset>-1</offset><text>- Expected outcome: reduction in the values of the activity domain of daily living and motor examination.  For this outcome will be analyzed to assess the scale unified Parkinson's disease (UPDRS) before and after training, which assesses the severity of Parkinson's disease, so clinical and functional. Scores range from 0 to 4, where higher scores are related to a greater degree of severity of PD. </text></passage><passage><infon key="section">secondary_outcome</infon><infon key="lang">pt-br</infon><offset>-1</offset><text>- Desfecho esperado: redução nos valores  dos domínios atividade de vida diária e exame motor.  Para este desfecho será analisada a Escala unificada de avaliação da Doença de Parkinson (UPDRS), antes e após o treinamento, que avalia o grau de severidade da Doença de Parkinson, de maneira clínico-funcional. Os escores variam de 0 a 4, onde pontuações maiores estão relacionadas a um maior grau de severidade da DP.  </text></passage><passage><infon key="section">public_title</infon><infon key="lang">pt-br</infon><offset>-1</offset><text>Treinamento de marcha na esteira em indvíduos com Doença de Parkinson</text></passage><passage><infon key="section">scientific_title</infon><infon key="lang">pt-br</infon><offset>-1</offset><text>Efeitos da adição de carga no treino de marcha na esteira em indivíduos com Doença de Parkinson 

</text></passage><passage><infon key="section">freetext</infon><infon key="lang">pt-br</infon><offset>-1</offset><text>O protocolo de treinamento ocorrerá ao longo de 4 semanas consecutivas, sendo 3 sessões semanais, de 30 minutos cada. Os participantes alocados em um dos três grupos (experimental I, experimental II e controle) serão submetidos as seguintes condições:

-Grupo controle: 10 indivíduos com doença de Parkinson (DP) realizarão o treino de marcha apenas na esteira.</text></passage><passage><infon key="section">inclusion_criteria</infon><infon key="lang">pt-br</infon><offset>-1</offset><text>Doença de Parkinson idiopática, diagnosticada por um neurologista com experiência em transtornos do movimento, de acordo com os critérios do banco de cérebro de Londres; 
Ambos os sexos com idade igual ou superior a 40 e inferior a 75 anos; </text></passage><passage><infon key="section">exclusion_criteria</infon><infon key="lang">pt-br</infon><offset>-1</offset><text>Pressão arterial sistêmica (PAS) com os valores sistólico e diastólico acima de, respectivamente, 200 mmHg e 110 mmHg antes e/ou após o treinamento;
Frequência cardíaca (FC) acima dos valores submáximos permitidos, calculados por meio da fórmula [FCsub=0,75 x (220 – idade)]</text></passage></document></collection>