<?xml version="1.0" encoding="UTF-8"?><!DOCTYPE collection SYSTEM "BioC.dtd"><collection><source></source><date></date><key></key><document><id>RBR-275ybt</id><passage><infon key="section">public_title</infon><infon key="lang">en</infon><offset>-1</offset><text>Effects of Exercise Program on Work Environment</text></passage><passage><infon key="section">scientific_title</infon><infon key="lang">en</infon><offset>-1</offset><text>Effects of Workplace Exercise Program: controlled and randomized clinical trial</text></passage><passage><infon key="section">freetext</infon><infon key="lang">en</infon><offset>-1</offset><text>Stress Psychological, Anxiety</text></passage><passage><infon key="section">freetext</infon><infon key="lang">en</infon><offset>-1</offset><text>Experimental group : 46 men and 20 women . Received gymnastics intervention with  muscle stretching  exercises for 10 weeks , 3 times per week lasting between 7 and 15 minutes.
Control group: 46 men and 20 women . During the survey period the control group received no intervention.</text></passage><passage><infon key="section">inclusion_criteria</infon><infon key="lang">en</infon><offset>-1</offset><text>Volunteers of both sexes aged between 25 and 50 years; which they were in accordance with the methods and signed the informed consent form ; who worked in the factory production area.</text></passage><passage><infon key="section">exclusion_criteria</infon><infon key="lang">en</infon><offset>-1</offset><text>Disability or depressive autorelato .</text></passage><passage><infon key="section">primary_outcome</infon><infon key="lang">en</infon><offset>-1</offset><text>Reducing stress and anxiety levels after 3 months of intervention, verified by the application of this questionnaire Anxiety Beck , Symptom Inventory Stress and Stress Scale at Work from the realization of a range of at least 5 % in the pre and post intervention measurements , comparing the experimental group with the control group.</text></passage><passage><infon key="section">primary_outcome</infon><infon key="lang">pt-br</infon><offset>-1</offset><text>Redução do níveis de estresse e ansiedade após o período de 3 meses de intervenção, verificado por meio da aplicação dos questionários Inventário de Ansiedade Beck,  Inventário de Sintomas de Estresse e Escala de Estresse no Trabalho a partir da constatação de uma variação de pelo menos 5% nas medições pré e pós intervenção, comparando o grupo experimental com o grupo controle. </text></passage><passage><infon key="section">primary_outcome</infon><infon key="lang">en</infon><offset>-1</offset><text>After gymnastics intervention, participants in the experimental group showed a reduction in stress and anxiety levels compared to participants in the control group.</text></passage><passage><infon key="section">primary_outcome</infon><infon key="lang">pt-br</infon><offset>-1</offset><text>Após a intervenção da ginástica laboral os participantes do grupo experimental apresentaram uma redução dos níveis de estresse e ansiedade comparados aos participantes do grupo controle.</text></passage><passage><infon key="section">secondary_outcome</infon><infon key="lang">en</infon><offset>-1</offset><text>There will be secondary outcome</text></passage><passage><infon key="section">secondary_outcome</infon><infon key="lang">pt-br</infon><offset>-1</offset><text>Não haverá desfecho secundário</text></passage><passage><infon key="section">public_title</infon><infon key="lang">pt-br</infon><offset>-1</offset><text>Efeitos de um Programa de Ginástica no ambiente de Trabalho</text></passage><passage><infon key="section">scientific_title</infon><infon key="lang">pt-br</infon><offset>-1</offset><text>Efeitos de um Programa de Ginástica Laboral: pesquisa clínica controlada e randomizada</text></passage><passage><infon key="section">freetext</infon><infon key="lang">pt-br</infon><offset>-1</offset><text>Grupo experimental:  46 homens e 20 mulheres. Receberam intervenção de ginástica laboral com exercícios de alongamento muscular durante  10 semanas, 3 vezes semanais com duração entre 7 e 15 minutos.
Grupo controle: 46 homens e 20 mulheres. Durante este período da pesquisa o grupo controle não recebeu nenhuma intervenção.  </text></passage><passage><infon key="section">inclusion_criteria</infon><infon key="lang">pt-br</infon><offset>-1</offset><text>Voluntários de ambos os sexos com idade entre 25 e 50 anos; que estavam de acordo com os métodos e assinaram o TCLE; que trabalhavam na área de produção da fábrica.

</text></passage><passage><infon key="section">exclusion_criteria</infon><infon key="lang">pt-br</infon><offset>-1</offset><text>Incapacidade física ou autorelato depressivo.

</text></passage></document></collection>