<?xml version="1.0" encoding="UTF-8"?><!DOCTYPE collection SYSTEM "BioC.dtd"><collection><source></source><date></date><key></key><document><id>RBR-43v3tk</id><passage><infon key="section">public_title</infon><infon key="lang">en</infon><offset>-1</offset><text>Orthoses for thumb osteoarthritis: a functional and kinematic analysis</text></passage><passage><infon key="section">scientific_title</infon><infon key="lang">en</infon><offset>-1</offset><text>The Use of Orthotics for Thumb Osteoarthritis: Kinematic and Functional Analysis</text></passage><passage><infon key="section">freetext</infon><infon key="lang">en</infon><offset>-1</offset><text>Thumb, Osteoarthritis</text></passage><passage><infon key="section">freetext</infon><infon key="lang">en</infon><offset>-1</offset><text>20 patients with thumb osteoarthritis diagnostic will answer the Health assessment questionnaire in order to classify their functional impairment due to the disease. Participants will then underwent a Kinematic Analysis during the performance of the Jebsen-Taylor Hand Dexterity Test : Individuals will be evaluated through the motion analysis Qualisys ProReflex MCU system with 8 cameras and Qualisys Track Manager data capture software, with a posterior analysis through Visual 3D software. The hand function test consist in the manipulation of metalic, non-perforant objects (a can, spoon and small pieces of different diameters) and a small paper card. The time used to complete the activities will be measured and used as the test score. Every participant will repeat the test under two condition: with and without a orthosis.
</text></passage><passage><infon key="section">inclusion_criteria</infon><infon key="lang">en</infon><offset>-1</offset><text>Subjects diagnosed with osteoarthritis of the thumb joint carpometacarpia, via radiographic and clinical indicative suggested by the American College of Rheumatology. Will be included subject  with osteoarthritis severity between rates 1 and 3 in the Radiographic Kellgren-Lawrence, corresponding to mild to moderate disease status. Inclusion criteria also will consider patients over 18 years, with no age  limit and subjects who present no cognitive limitations that prevent them from answering the Health Assessment Questionnaire, a self administered instrument that assesses the degree of difficulty in performing activities of daily living.</text></passage><passage><infon key="section">exclusion_criteria</infon><infon key="lang">en</infon><offset>-1</offset><text>Subjects withupper limb pain or functional limitations. Subjects with thumb OA in stage 4 of Kellgren-Lawrence Radiographic Scale.</text></passage><passage><infon key="section">primary_outcome</infon><infon key="lang">en</infon><offset>-1</offset><text>Improvement of functional performance; for the measure of this outcome the Health Assessment Questionnaire (HAQ) and the Jebsen-Taylor Hand Function Test will be used as assessment tools. Changes of at least 5% between the scores obtained pre and post interventions will be considered for the evaluation of the primary outcome.</text></passage><passage><infon key="section">primary_outcome</infon><infon key="lang">pt-br</infon><offset>-1</offset><text>Melhora do desempenho funcional. Serão utilizados para avaliação o questionário Health Assessment Questionnairre (HAQ) e o Teste de Função Manual de Jebsen-Taylor. Para constatação do desfecho esperado, serão consideradas variações de pelo menos 5% entre os escores pré e pós intervenção  </text></passage><passage><infon key="section">secondary_outcome</infon><infon key="lang">en</infon><offset>-1</offset><text>Pain at the carpometacarpal joint and thumb range of motion; The analog visual scale (AVS) will be used to evaluate joint pain while the thumb range of motion will be measured through the Qualysis Track Manager (QTM) software.Changes of at least 5% between the scores obtained pre and post interventions will be considered for the evaluation of the primary outcome.</text></passage><passage><infon key="section">secondary_outcome</infon><infon key="lang">pt-br</infon><offset>-1</offset><text>Dor na região da articulação carpometarcapiana do polegar e amplitude de movimento do polegar; A escala visual analógica de dor (EVA) será utilizada para avaliação da dor, enquanto a avaliação do movimento articular do polegar será realizada por meio do software Qualisys Track Manager (QTM). Para constatação do desfecho esperado, serão consideradas variações de pelo menos 5% entre os escores pré e pós intervenção </text></passage><passage><infon key="section">public_title</infon><infon key="lang">pt-br</infon><offset>-1</offset><text>Órteses para artrose do polegar: análise funcional e cinemática</text></passage><passage><infon key="section">scientific_title</infon><infon key="lang">pt-br</infon><offset>-1</offset><text>Influência do uso de órteses para osteoartrite do polegar: análise cinemática e
funcional</text></passage><passage><infon key="section">freetext</infon><infon key="lang">pt-br</infon><offset>-1</offset><text>20 pacientes diagnosticados com osteoartrite do polegar responderão o questionário Health Assessment Questionnaire para classificação do compromentimento funcional decorrente da doença. Após, o paciente realizará a análise cinemática durante Teste de Função Manual Jebsen-Taylor: Os indivíduos serão avaliados através do sistema de análise de movimento Qualisys ProReflex MCU, com 8 câmeras e os dados serão capturados através do software Qualisys Track Manager e posteriormente transferidos e processados pelo software Visual 3D. O teste de função manual consiste na manipulação de objetos de metal, não pontiagudos (colher, latas e peças de diferentes diâmetros) e um cartão de papel. O tempo utilizado para realização de cada subatividade será considerado para cálculo do escore. Cada participante repetirá o teste em duas condições: com e sem órteses.</text></passage><passage><infon key="section">inclusion_criteria</infon><infon key="lang">pt-br</infon><offset>-1</offset><text>Indivíduos com diagnóstico de osteoartrite da articulação carpometacarpia do polegar, por meio de indicativos clínicos e radiográficos sugeridos pelo American College of Rheumatology. Serão incluídos na pesquisa sujeitos com grau de classificação da severidade de osteoartrite entre 1 e 3 na Escala Radiográfica de Kellgren-Lawrence, correspondendo a estágios entre leve a moderados da doença. Serão incluídos indivíduos maiores de 18 anos, sem limite de idade e sem limitações cognitivas que os impeça de responderem ao questionário Health Assessmen Questionnaire, instrumento auto aplicável que avalia o grau de dificuldade para desempenho de atividades de vida diária. </text></passage><passage><infon key="section">exclusion_criteria</infon><infon key="lang">pt-br</infon><offset>-1</offset><text>Indivíduos que apresentem dor ou limitação funcional de membros superiores, diagnóstico de Osteoartrite do polegar em estágio IV na Escala Radiográfica de Kellgren-Lawrence</text></passage></document></collection>