<?xml version="1.0" encoding="UTF-8"?><!DOCTYPE collection SYSTEM "BioC.dtd"><collection><source></source><date></date><key></key><document><id>RBR-5j32mm</id><passage><infon key="section">public_title</infon><infon key="lang">en</infon><offset>-1</offset><text>The exercises for the pelvic muscles improves female orgasm?</text></passage><passage><infon key="section">scientific_title</infon><infon key="lang">en</infon><offset>-1</offset><text>Effect of kinesiotherapy in the contractility of pelvic floor in women with orgasmic dysfunction: electromyographic evaluation.
</text></passage><passage><infon key="section">freetext</infon><infon key="lang">en</infon><offset>-1</offset><text>Pelvic floor muscle hypotonia; orgasmic dysfunction</text></passage><passage><infon key="section">freetext</infon><infon key="lang">en</infon><offset>-1</offset><text>Group 1 (G1) consisted of 10 women, who were evaluated for orgasmic activity by questionnaire and validated coefficient. We evaluated the contractility of the pelvic floor muscles by digital palpation and electromyography, performed a protocol physiotherapists, and were reassessed on the contractility of the pelvic floor muscles, and the orgasmic activity.
 Group 2 (G2) comprised 10 women, who were evaluated for orgasmic activity; evaluated the contractility of the pelvic floor muscles; did not perform the protocol physiotherapists proposed, were evaluated on the contractility of the pelvic floor and the orgasmic activity while women of G1, and called G2-Control. Then, this group performed the same protocol physiotherapists proposed, was reassessed as orgasmic activity, and the contractility of the pelvic floor muscles, and called G2-Treaty.</text></passage><passage><infon key="section">inclusion_criteria</infon><infon key="lang">en</infon><offset>-1</offset><text>Women aged between 18 and 40 years old;
With sexually active, regular partner at least one year;</text></passage><passage><infon key="section">exclusion_criteria</infon><infon key="lang">en</infon><offset>-1</offset><text>Peripheral or central neurological disorders;
History of pelvic floor muscle training;</text></passage><passage><infon key="section">primary_outcome</infon><infon key="lang">en</infon><offset>-1</offset><text>Assessment of contractility of the pelvic floor.  Digital vaginal palpation: average of three successive maximal voluntary contractions of the pelvic floor muscles for 5 seconds, separated by a rest period with a doubling time of their maximum contraction to avoid fatigue, whose undergraduate degree was performed according to Ortis scale, ie 0 to 5 degrees.  Surface electromyography: average of three RMS's in microvolts, captured by probe endovaginal (Physio-Med Services ®) connected to the electromyography (EMG-400C System in Brazil ®) after three maximal voluntary contractions and repeated the pelvic floor muscles .  These tests were performed before and after kinesiotherapy, and by a single researcher.   Assessment of orgasmic activity.  Field of the Female Orgasm Fexual Function Index (FSFI) questionnaire validated for the Portuguese by Thiel et al. (2008). The orgasm domain score ranges from 0 to 6, and this domain score &lt;3 indicates dysfunction of orgasm.  Coefficient of orgasmic capacity - COC: coefficient devised by Penteado (2002), and defined as the ratio between the sum of the number of orgasms achieved with the partner and obtained by masturbation, sexual frequency per month and monthly. The reference value is equal to 1, and defines two classes of women: COC&gt; 1 (high orgasmic capacity) and COC &lt;1 (low orgasmic capacity). These instruments were administered before and after kinesiotherapy.   Physiotherapists protocol: designed and taught by a researcher who was not part of the evaluation of the pelvic floor, and consisted of 12 individual sessions, lasting 30 minutes, twice a week, and whose goal was the pelvic floor muscle training.   </text></passage><passage><infon key="section">primary_outcome</infon><infon key="lang">pt-br</infon><offset>-1</offset><text>Avaliação da contratilidade do assoalho pélvico. Palpação digital vaginal: média de três contrações voluntárias máximas e sucessivas dos músculos do assoalho pélvico, por 5 segundos, e separadas por um período de repouso com o dobro de tempo de sua contração máxima, para evitar fadiga, cuja graduação foi realizada de acordo a Escala de Ortis, ou seja, de 0 a 5 graus.  Eletromiografia de superfície: média de três RMS's, em microvolts, captados através de probe endovaginal (Physio-Med Services®), acoplado ao eletromiografo (EMG-400C System do Brasil®), após três contrações voluntárias máximas e sucessivas dos músculos do assoalho pélvico. Estes exames foram realizados antes e após a cinesioterapia, e por um único pesquisador.  Avaliação da atividade orgásmica. Domínio orgasmo do Female Fexual Function Index (FSFI), questionário validado para o português por Thiel et al. (2008). A pontuação do domínio orgasmo varia de 0 a 6, e o escore deste domínio &lt; 3 indica disfunção de orgasmo. Coeficiente de Capacidade Orgásmica - CCO: coeficiente idealizado por Penteado (2002), e definido como a razão entre a soma do número de orgasmos obtidos com o parceiro e os obtidos pela masturbação por mês e a freqüência sexual mensal. O valor de referência é igual a 1, e define duas classes de mulheres: CCO &gt; 1 (alta capacidade orgásmica) e CCO &lt;1 (baixa capacidade orgásmica). Estes instrumentos foram aplicados antes e após a cinesioterapia.  Protocolo cinesioterapêutico: idealizado e ministrado por pesquisador que não participou das avaliações do assoalho pélvico, e constou de 12 sessões individuais, com duração de 30 minutos, duas vezes por semana, e cujo objetivo foi o treinamento muscular do assoalho pélvico.  </text></passage><passage><infon key="section">secondary_outcome</infon><infon key="lang">en</infon><offset>-1</offset><text>The questionnaire International Consultation on Incontinence Questionnaire-Short Form (SF-ICIQ), validated to Portuguese by Tamanini et al. (2004) was used as a complement to anmenese in order to verify the coexistence of urinary incontinence.</text></passage><passage><infon key="section">secondary_outcome</infon><infon key="lang">pt-br</infon><offset>-1</offset><text>O questionário International Consultation on Incontinence Questionnaire Short-Form (ICIQ-SF), validado para o português por Tamanini et al. (2004), foi aplicado como complemento à anmenese, no intuito de verificar a coexistência de incontinência urinária.</text></passage><passage><infon key="section">public_title</infon><infon key="lang">pt-br</infon><offset>-1</offset><text>Os exercícios para os músculos pélvicos melhora o orgasmo feminino?


</text></passage><passage><infon key="section">scientific_title</infon><infon key="lang">pt-br</infon><offset>-1</offset><text>Efeito da cinesioterapia na contratilidade do assoalho pélvico de mulheres com disfunção de orgasmo: avaliação eletromiográfica.
</text></passage><passage><infon key="section">freetext</infon><infon key="lang">pt-br</infon><offset>-1</offset><text>Grupo 1 (G1): composto por 10 mulheres, as quais foram avaliadas quanto a atividade orgásmica, através de questionário validado e por coeficiente. Foram avaliadas quanto a contratilidade dos músculos do assoalho pélvico, através da palpação digital e da eletromiografia; realizaram um protocolo cinesioterapêutico; e foram reavaliadas quanto à contratilidade dos músculos do assoalho pélvico, e quanto a atividade orgámica.
Grupo 2 (G2): composto por 10 mulheres, as quais foram avaliadas quanto a atividade orgásmica; avaliadas quanto a contratilidade dos músculos do assoalho pélvico; não realizaram o protocolo cinesioteâpêutico proposto; foram reavaliadas quanto à contratilidade do assoalho pélvico e quanto a atividade orgásmica, simultaneamente às mulheres do G1, sendo denominado de G2-Controle. Em seguida, este grupo realizou o mesmo protocolo cinesioterapêutico proposto, foi reavaliado quanto a atividade orgásmica, e quanto a contratilidade dos músculos do assoalho pélvico, sendo denominado G2-Tratado. </text></passage><passage><infon key="section">inclusion_criteria</infon><infon key="lang">pt-br</infon><offset>-1</offset><text>Mulheres de 18 a 40 anos;
Com vida sexual ativa, parceiro fixo a pelo menos 1 ano;</text></passage><passage><infon key="section">exclusion_criteria</infon><infon key="lang">pt-br</infon><offset>-1</offset><text>Afecções neurológicas periféricas ou centrais;
Antecedentes de treinamento muscular do assoalho pélvico;</text></passage></document></collection>