<?xml version="1.0" encoding="UTF-8"?><!DOCTYPE collection SYSTEM "BioC.dtd"><collection><source></source><date></date><key></key><document><id>RBR-5hkrss</id><passage><infon key="section">public_title</infon><infon key="lang">en</infon><offset>-1</offset><text>Effect of high-voltage electrical stimulation after carpal tunnel syndrome surgery</text></passage><passage><infon key="section">scientific_title</infon><infon key="lang">en</infon><offset>-1</offset><text>Effects of high voltage eletrical stimulation on pain and disfunction in workers with carpal tunnel syndrome </text></passage><passage><infon key="section">freetext</infon><infon key="lang">en</infon><offset>-1</offset><text>Carpal tunnel syndrome, occupational sick leave</text></passage><passage><infon key="section">freetext</infon><infon key="lang">en</infon><offset>-1</offset><text>The patients will be divided into two groups: High voltagem electrical stimulation (HVES)(HVES + kinesiotherapy, n=9) and placebo - PL (device off HVES + kinesiotherapy, n=5). The parameters for the application of HVES are: frequency 10 hz, pulse width determined by the device with two twin pulses of 20 ms each, with an interval of 100 µs between them, voltage of 100 Volts, reaching the threshold submotor, negative polarity (HVES cathode) on both channels for 30 minutes, 3 times a week to complete 20 sessions. The kinesiotherapy includes active mobilization of the shoulder, elbow, wrist and fingers, muscle stretching, exercise, handling and resistance, and desensitization/sensitization of the involved areas.</text></passage><passage><infon key="section">inclusion_criteria</infon><infon key="lang">en</infon><offset>-1</offset><text>Female patients, aged between 20 and 60 years, after surgery for carpal tunnel decompression</text></passage><passage><infon key="section">exclusion_criteria</infon><infon key="lang">en</infon><offset>-1</offset><text>Be doing physical therapy at another location; 
miss two or more intervention sessions, without replacement of the lost session.</text></passage><passage><infon key="section">primary_outcome</infon><infon key="lang">en</infon><offset>-1</offset><text>Reduction of pain after surgery for decompression of the median nerve in the carpal tunnel in humans by visual analogue scale. It is expected that the visual analogue scale present lower values in each session.</text></passage><passage><infon key="section">primary_outcome</infon><infon key="lang">pt-br</infon><offset>-1</offset><text>Redução da dor após cirurgia de descompressão do nervo mediano no túnel do carpo em humanos por escala visual analógica. Espera-se que a escala visual analógica apresente valores mais baixos a cada sessão.</text></passage><passage><infon key="section">secondary_outcome</infon><infon key="lang">en</infon><offset>-1</offset><text>Reduction in the values of the Boston questionnaire and visual analog scale and the absence of nervous injury on physical examination.</text></passage><passage><infon key="section">secondary_outcome</infon><infon key="lang">pt-br</infon><offset>-1</offset><text>Redução nos valores do questionário de Boston e da escala visual analógica e ausência de acometimento nervoso ao exame físico.</text></passage><passage><infon key="section">public_title</infon><infon key="lang">pt-br</infon><offset>-1</offset><text>Efeito da estimulação elétrica de alta voltagem após cirurgia de síndrome do túnel do carpo</text></passage><passage><infon key="section">scientific_title</infon><infon key="lang">pt-br</infon><offset>-1</offset><text>Efeito da estimulação
elétrica de alta voltagem sobre a dor e disfunção em trabalhadores com síndrome do</text></passage><passage><infon key="section">freetext</infon><infon key="lang">pt-br</infon><offset>-1</offset><text>As voluntárias serão separadas em dois grupos: estimulação elétrica de alta voltagem (EEAV)(EEAV + cinesioterapia - n=9) e placebo - PL (aparelho de EEAV desligado + cinesioterapia - n=5). Os parâmetros para aplicação da EEAV serão: frequência de 10 hz, largura de pulso fixada pelo aparelho com dois pulsos gêmeos de 20 µs cada um, com intervalo de 100 µs entre eles, voltagem de 100 volts, atingindo o limiar submotor, polaridade negativa (EEAV catódica) em ambos os canais, durante 30 minutos, 3 vezes por semana, até completar 20 sessões. A cinesioterapia inclui mobilização ativa do ombro, cotovelo, punho e dedos, alongamento muscular, exercícios de manuseio e de resistência, além de desensibilização/sensibilização das áreas envolvidas.</text></passage><passage><infon key="section">inclusion_criteria</infon><infon key="lang">pt-br</infon><offset>-1</offset><text>Pacientes do gênero feminino, com idade entre 20 e 60 anos, após cirurgia de descompressão do túnel do carpo</text></passage><passage><infon key="section">exclusion_criteria</infon><infon key="lang">pt-br</infon><offset>-1</offset><text>Estar realizando tratamento fisioterapêutico em outro local; 
faltar a duas ou mais sessões de intervenção, sem reposição da sessão perdida.</text></passage></document></collection>