<?xml version="1.0" encoding="UTF-8"?><!DOCTYPE collection SYSTEM "BioC.dtd"><collection><source></source><date></date><key></key><document><id>RBR-4j35g5</id><passage><infon key="section">public_title</infon><infon key="lang">en</infon><offset>-1</offset><text>Evaluation and treatment of changes due of pregnancy and postpartum</text></passage><passage><infon key="section">scientific_title</infon><infon key="lang">en</infon><offset>-1</offset><text>Evaluation and treatment of changes in gait, postural balance, strength of pelvic floor, sexual function, sleep and quality of life in cycle puerperal pregnancy:randomized Controlled Trial</text></passage><passage><infon key="section">freetext</infon><infon key="lang">en</infon><offset>-1</offset><text>Gait, postural balance,  pelvic floor, sexuality, sleep disorders</text></passage><passage><infon key="section">freetext</infon><infon key="lang">en</infon><offset>-1</offset><text>A study of 68 pregnant women recruited through electronic disclosure and entered in Preparation Course of Pregnancy, Childbirth and Post delivery (CPGPP) will be held. Participants will be randomly divided into two groups, namely control group patients (GC - n = 34), who will attend only the Course for Pregnant Women; and pregnant women in the experimental group (EG - n = 34), which in addition to participate in the course, held
therapeutic exercises to improve balance and strength of the pelvic floor musculature, sexual function, sleep and quality of life.</text></passage><passage><infon key="section">inclusion_criteria</infon><infon key="lang">en</infon><offset>-1</offset><text> Does not provide obstetric and clinical  changes;  age between 18 and 37 years;  are in the second ( 16th to 20th weeks) or third (28th to 32th weeks) trimesters of pregnancy; confirmed by ultrasonography; were nulliparous;  single-fetus pregnancy;  no physical activity during the survey period; no history of depression or anxiety;  do not use drugs / substances that affect balance or sleep;  report changes in the quantity or quality of sleep;  no history of balance disorders and sleep before pregnancy;  has identified changes in postural balance through the Balance Master®;  absence of previous surgery in spine, pelvis, hip and knee;  no history of epilepsy and photosensitivity;  absence of musculoskeletal, cardiopulmonary and neurological disorders that prevent the completion of the evaluation and treatment protocols; no modifications of the pelvic floor muscles before pregnancy ;  no changes in sexual function before pregnancy; having a steady partner for at least six months </text></passage><passage><infon key="section">exclusion_criteria</infon><infon key="lang">en</infon><offset>-1</offset><text>to present clinical and obstetric change; be  under 18 and more than 37 years; be in the 1st trimester; be multiparous; twin pregnancy; physical activity during the study period; present history of depression or anxiety; make use of drugs / substances that affect balance or sleep; not report changes in the quantity or quality of sleep; report history of balance and sleep disorders before pregnancy; without alterations postural balance identified through the Balance Master®; report previous surgery on spine, pelvis, hip and knee; report history of epilepsy and photosensitivity, musculoskeletal, cardiorespiratory and neurological disorders that impede the completion of the evaluation and treatment protocols; report changes of the pelvic floor muscles before pregnancy; show changes in sexual function before pregnancy; not have a steady partner for at least six months
Criteria for removal of study: Miss three consecutive meetings or not the Preparatory Course for Pregnancy, Childbirth and Postpartum or the intervention sessions; complaining against any nuisance arising from stimuli demonstrably offered during the exercises; refused to complete the questionnaires and present obstetric complications during the period of the research.</text></passage><passage><infon key="section">primary_outcome</infon><infon key="lang">en</infon><offset>-1</offset><text>Increased variable cadence after evaluation the gait by Qualisys and Visual 3D system, adopting a p-value of 0.05 and confidence interval of 95% Decreased width passed after evaluation the gait by Qualisys and Visual 3D system, adopting a p-value of 0.05 and confidence interval of 95% Decreased the speed of oscillation of the center of gravity after execution of the Balance Master System tests, adopting a p-value of 0.05 and confidence interval of 95% Increased variable ascent rate after the Balance Master System test execution, adopting a p-value of 0.05 and confidence interval of 95% Increased pelvic floor muscle activation assessed by electromyography, adopting a p-value of 0.05 and confidence interval of 95%</text></passage><passage><infon key="section">primary_outcome</infon><infon key="lang">pt-br</infon><offset>-1</offset><text>Aumento da variável cadência após avaliação da marcha pelo sistema Qualisys e Visual 3D, adotando um p valor de 0,05 e intervalo de confiança de 95% Diminuição da largura de passada após avaliação da marcha pelo sistema Qualisys e Visual 3D, adotando um p valor de 0,05 e intervalo de confiança de 95% Diminuição da velocidade de oscilação do centro de gravidade após execução dos testes do Balance Master System, adotando um p valor de 0,05 e intervalo de confiança de 95% Aumento da variável índice de subida após execução do teste do Balance Master System, adotando um p valor de 0,05 e intervalo de confiança de 95% Aumento da ativação da musculatura do assoalho pélvico avaliada pela eletromiografia, adotando um p valor de 0,05 e intervalo de confiança de 95%</text></passage><passage><infon key="section">secondary_outcome</infon><infon key="lang">en</infon><offset>-1</offset><text>Increased quality of sleep, analyzed by specific questionnaire, adopting a p-value of 0.05 and confidence interval of 95% Reduction of excessive daytime sleepiness, analyzed by specific questionnaire, adopting a p-value of 0.05 and confidence interval of 95% Improved quality of life, analyzed by specific questionnaire, adopting a p-value of 0.05 and confidence interval of 95%</text></passage><passage><infon key="section">secondary_outcome</infon><infon key="lang">pt-br</infon><offset>-1</offset><text>Aumento da qualidade do sono, analisada por questionário específico, adotando um p valor de 0,05 e intervalo de confiança de 95% Diminuição da sonolência diurna excessiva, analisada por questionário específico, adotando um p valor de 0,05 e intervalo de confiança de 95% Melhora da qualidade de vida,analisada por questionário específico, adotando um p valor de 0,05 e intervalo de confiança de 95%</text></passage><passage><infon key="section">public_title</infon><infon key="lang">pt-br</infon><offset>-1</offset><text>Avaliação e tratamento das alterações decorrentes da gravidez e pós parto</text></passage><passage><infon key="section">scientific_title</infon><infon key="lang">pt-br</infon><offset>-1</offset><text>Avaliação e tratamento das alterações da marcha, equilíbrio postural, força dos músculos do assoalho pélvico, função sexual, sono e qualidade de vida no ciclo gravídico-puerperal: ensaio clínico controlado randomizado</text></passage><passage><infon key="section">freetext</infon><infon key="lang">pt-br</infon><offset>-1</offset><text>Será realizado um estudo com 68 mulheres grávidas,recrutadas por meio de divulgação eletrônica e inscritas no Curso de Preparação de Gestação, Parto e Pós parto (CPGPP). As participantes serão alocadas de forma aleatória em dois grupos, a saber: gestantes do grupo controle (GC - n=34), que participarão apenas do Curso para Gestantes; e gestantes do grupo experimental (GE - n=34), que além de participarem do curso, realizarão
os exercícios terapêuticos para melhora do equilíbrio e força da musculatura de assoalho pélvico, função sexual, do sono e da qualidade de vida. </text></passage><passage><infon key="section">inclusion_criteria</infon><infon key="lang">pt-br</infon><offset>-1</offset><text>Não apresentar alterações clínicas e obstétricas; ter idade entre 18 e 37 anos;  estarem no segundo (entre 16ª a 20ª semanas) ou terceiro (entre 28ª a 32ª semanas) trimestres gestacionais confirmados pela ultrassonografia; serem nulíparas; gravidez de feto único; não realizar atividade física no período da pesquisa; não apresentar histórico de depressão ou ansiedade; não fazer uso de medicamentos/substâncias que afetem o equilíbrio ou sono; relatar alterações na quantidade ou qualidade do sono;  ausência de histórico de alterações do equilíbrio e sono antes da gravidez; apresentar alterações do equilíbrio postural identificadas através do Balance Master®;  ausência de cirurgias prévias em coluna, pelve, quadril e joelho; ausência de histórico de epilepsia e fotossensibilidade;  ausência de distúrbios musculoesqueléticos, cardiorrespiratórios e neurológicos que impeçam a realização dos protocolos de avaliação e tratamento; ausência de alterações da musculatura do assoalho pélvico antes da gravidez ; ausência de alterações da função sexual antes da gravidez;  ter parceiro fixo por pelo menos seis meses </text></passage><passage><infon key="section">exclusion_criteria</infon><infon key="lang">pt-br</infon><offset>-1</offset><text>Critérios de exclusão: apresentar alterações clínicas e obstétricas; ter menos de 18 e mais que 37 anos; estar no 1º trimestre gestacional; serem multiparas; gravidez gemelar; realizar atividade física no período da pesquisa; apresentar histórico de depressão ou ansiedade;  fazer uso de medicamentos/substâncias que afetem o equilíbrio ou sono; não relatar alterações na quantidade ou qualidade do sono;  relatar histórico de alterações do equilíbrio e sono antes da gravidez; não apresentar alterações do equilíbrio postural identificadas através do Balance Master®;  relatar cirurgias prévias em coluna, pelve, quadril e joelho; relatar histórico de epilepsia e fotossensibilidade, distúrbios musculoesqueléticos, cardiorrespiratórios e neurológicos que impeçam a realização dos protocolos de avaliação e tratamento; relatar alterações da musculatura do assoalho pélvico antes da gravidez ; apresentar alterações da função sexual antes da gravidez; não ter parceiro fixo por pelo menos seis meses 
Critérios de retirada do estudo:Faltarem três encontros consecutivos ou não do Curso Preparatório para a Gestação, Parto e Pós-parto ou das sessões de intervenção; queixarem-se de qualquer incômodo comprovadamente decorrente dos estímulos oferecidos durante os exercícios; se recusarem a completar os questionários aplicados; apresentarem intercorrências obstétricas durante o período de realização da pesquisa.</text></passage></document></collection>