<?xml version="1.0" encoding="UTF-8"?><!DOCTYPE collection SYSTEM "BioC.dtd"><collection><source></source><date></date><key></key><document><id>RBR-26q4z9</id><passage><infon key="section">public_title</infon><infon key="lang">en</infon><offset>-1</offset><text>Effects of exercises with action observation and aquatic physical therapy in arm recovery after stroke</text></passage><passage><infon key="section">scientific_title</infon><infon key="lang">en</infon><offset>-1</offset><text>Comparative study between action observation training and hydrotherapy in upper limb recovery after stroke: randomized clinical trial</text></passage><passage><infon key="section">freetext</infon><infon key="lang">en</infon><offset>-1</offset><text>Stroke</text></passage><passage><infon key="section">freetext</infon><infon key="lang">en</infon><offset>-1</offset><text>Experimental group 1 (n=20): The first group will receive the intervention: action observation training. 20 participants will perform funcional movements while watching a video that demonstrates functional movements and perform the movements shown in the video, if necessary with assistance. Exercises  include: active movements of the upper limbs , functional movements such as combing hair, handle cutlery for eating, brushing teeth, hold and drop different objects, change posture and walking. Experimental group 2 (n=20): The second group will receive the intervention: hydrotherapy. Participants will hold exercises in the heated pool, active movements of the upper limbs, strengthening exercises and functional movements that simulate everyday activities and walking. Control group (n=20) The control group will carry out conventional physiotherapy with exercises in range of motion of the upper and lower limbs, strengthening exercises of the upper limbs, trunk and lower limbs, stretching and balance exercises and walking. All the groups will receive intervention 2 times a week, lasting 40 minutes. The duration of treatment is 6 months.</text></passage><passage><infon key="section">inclusion_criteria</infon><infon key="lang">en</infon><offset>-1</offset><text>Sample consists of 60 adult participants with a minimum age of 40 years and maximum age of80 years. Inclusion criteria: diagnosis of a single episode of ischemic or hemorrhagic stroke occurred between 3 months and 2 years in good health condition; with brachial- facial hemiparesis; with mild to moderate and independent walking even under use of any assistive device for ambulation</text></passage><passage><infon key="section">exclusion_criteria</infon><infon key="lang">en</infon><offset>-1</offset><text>Exclusion criteria: more than one episode of stroke; with evidence of lesions in the cerebellum; brainstem or bilateral hemispheric injury. Aphasia; clinically unstable and comorbidities that interfere with motor function and severe spasticity.</text></passage><passage><infon key="section">primary_outcome</infon><infon key="lang">en</infon><offset>-1</offset><text>Improvement of upper limb functionality and performance of activities of daily living, verified by Fulg -Meyer scale, from the increase of finding the final score after six months. The improvement rate will be determined by  Analysis of Variances, with p&lt;0.05 and statistical power of 80%.</text></passage><passage><infon key="section">primary_outcome</infon><infon key="lang">pt-br</infon><offset>-1</offset><text>Melhora da funcionalidade do membro superior e uso do membro afetado nas atividades de vida diária, verificados por meio da escala Fulg-Meyer a partir da constatação de aumento na pontuação ao final de seis meses de tratamento. O índice de melhora será verificado por meio do teste de Análise de Variância mista, sob p&lt;0,05 e poder estatístico acima de 80%.</text></passage><passage><infon key="section">secondary_outcome</infon><infon key="lang">en</infon><offset>-1</offset><text>Secondary outcomes are not expected.</text></passage><passage><infon key="section">secondary_outcome</infon><infon key="lang">pt-br</infon><offset>-1</offset><text>Não são esperados desfechos secundários.</text></passage><passage><infon key="section">public_title</infon><infon key="lang">pt-br</infon><offset>-1</offset><text>Efeitos de exercícios com observação da ação e fisioterapia aquática na recuperação do braço em indivíduos com Acidente vascular encefálico</text></passage><passage><infon key="section">scientific_title</infon><infon key="lang">pt-br</infon><offset>-1</offset><text>Estudo comparativo entre treino motor com observação da ação e hidroterapia na recuperação do membro superior afetado em indivíduos com Acidente vascular encefálico: estudo clínico randomizado</text></passage><passage><infon key="section">freetext</infon><infon key="lang">pt-br</infon><offset>-1</offset><text>Grupo experimental 1 (n=20): 20 participantes constituirão o grupo Treino motor com observação da ação, que irá observar um vídeo demonstrando os movimentos funcionais e realizará os movimentos demonstrados no vídeo, se necessário com assistência. Os exercícios incluem movimentos ativos dos membros superiores, movimentos funcionais como pentear os cabelos, manuseio dos talheres, escovar dentes, segurar diferentes tipos de objetos, mudanças de postura e marcha. Grupo experimental 2 (n=20): 20 participantes constituirão o grupo hidroterapia, que irá realizar exercícios na piscina aquecida, movimentos ativos dos membros superiores, exercícios de fortalecimento e movimentos funcionais que simulam atividades de vida diária, com uso de flutuadores e caminhada. Grupo controle (n=20): 20 participantes constituirão o grupo controle, que realizará fisioterapia convencional, com exercícios na amplitude de movimento dos membros superiores e inferiores, exercícios de fortalecimento de membros superiores, tronco e membros inferiores, alongamentos e exercícios de equilíbrio e marcha. Os três grupos receberão a intervenção 2 vezes por semana, com duração de 40 minutos. O tratamento terá duração de 6 meses.</text></passage><passage><infon key="section">inclusion_criteria</infon><infon key="lang">pt-br</infon><offset>-1</offset><text>O tamanho da amostra alvo será de 60 participantes adultos com idade mínima: 40 anos e idade máxima: 80 anos. Diagnóstico de um único episódio de acidente vascular encefálico isquêmico ou hemorrágico ocorrido entre 3 meses e 2 anos com boa condição de saúde; com hemiparesia de predomínio bráquio-facial; com hipertonia leve ou moderada e com marcha independente mesmo com uso de dispositivos auxiliares.</text></passage><passage><infon key="section">exclusion_criteria</infon><infon key="lang">pt-br</infon><offset>-1</offset><text>Serão excluídos indivíduos com mais de um episódio de AVE; que apresentem lesões em cerebelo; tronco encefálico; ou lesões hemisféricas bilaterais. Afásicos; sem critérios de estabilidade clínica e que apresentem morbidades que interfiram na função motora do indivíduo e com hipertonia severa.</text></passage></document></collection>